"species","decimalLatitude","decimalLongitude","date","year","month","day","original_x","original_y","correction_status","correction_distance_km","correction_x","correction_y","env"
"Rhincodon typus",10.14269,125.11648,19727,2024,1,5,125.11648,10.14269,"original",0,NA,NA,165.158309936523
"Rhincodon typus",-15.50013,145.63711,19739,2024,1,17,145.63711,-15.50013,"original",0,NA,NA,245.410461425781
"Rhincodon typus",10.11895,99.93454,19741,2024,1,19,99.93454,10.11895,"original",0,NA,NA,45.5035438537598
"Rhincodon typus",0.260387811634395,123.282548476454,19753,2024,1,31,123.18909,0.59421,"corrected",38.3502269366306,123.282548476454,0.260387811634395,1414.16186523438
"Rhincodon typus",10.03251,125.09176,19726,2024,1,4,125.09176,10.03251,"original",0,NA,NA,484.540802001953
"Rhincodon typus",10.14935,125.11174,19726,2024,1,4,125.11174,10.14935,"original",0,NA,NA,165.158309936523
"Rhincodon typus",10.07761,125.02856,19726,2024,1,4,125.02856,10.07761,"original",0,NA,NA,484.540802001953
"Rhincodon typus",10.07548,125.08397,19726,2024,1,4,125.08397,10.07548,"original",0,NA,NA,484.540802001953
"Rhincodon typus",-10.7091412742382,105.581717451524,19741,2024,1,19,105.53926,-10.53091,"corrected",20.2545473910094,105.581717451524,-10.7091412742382,3114.38818359375
"Rhincodon typus",-10.7091412742382,105.581717451524,19732,2024,1,10,105.61164,-10.51229,"corrected",22.0189232622341,105.581717451524,-10.7091412742382,3114.38818359375
"Rhincodon typus",-10.7091412742382,105.581717451524,19724,2024,1,2,105.59072,-10.51306,"corrected",21.7112909234502,105.581717451524,-10.7091412742382,3114.38818359375
"Rhincodon typus",-10.7091412742382,105.581717451524,19734,2024,1,12,105.64166,-10.55877,"corrected",17.8793799352799,105.581717451524,-10.7091412742382,3114.38818359375
"Rhincodon typus",-12.30018,104.33928,19729,2024,1,7,104.33928,-12.30018,"original",0,NA,NA,5049.19287109375
"Rhincodon typus",-10.7091412742382,105.581717451524,19730,2024,1,8,105.56604,-10.502,"corrected",22.9764281919339,105.581717451524,-10.7091412742382,3114.38818359375
"Rhincodon typus",-10.7091412742382,105.581717451524,19725,2024,1,3,105.54019,-10.52255,"corrected",21.1335649477086,105.581717451524,-10.7091412742382,3114.38818359375
"Rhincodon typus",-10.4598337950138,105.831024930748,19728,2024,1,6,105.68397,-10.52672,"corrected",17.7167841717496,105.831024930748,-10.4598337950138,3598.546875
"Rhincodon typus",-10.7091412742382,105.581717451524,19733,2024,1,11,105.62912,-10.52454,"corrected",21.0676517407061,105.581717451524,-10.7091412742382,3114.38818359375
"Rhincodon typus",-10.4598337950138,105.831024930748,19741,2024,1,19,105.6512,-10.50381,"corrected",20.2782042897673,105.831024930748,-10.4598337950138,3598.546875
"Rhincodon typus",-10.7091412742382,105.581717451524,19734,2024,1,12,105.62087,-10.54559,"corrected",18.5911013149761,105.581717451524,-10.7091412742382,3114.38818359375
"Rhincodon typus",-10.7091412742382,105.581717451524,19740,2024,1,18,105.614,-10.49873,"corrected",23.5405718965883,105.581717451524,-10.7091412742382,3114.38818359375
"Rhincodon typus",-10.4598337950138,105.831024930748,19732,2024,1,10,105.62534,-10.49625,"corrected",22.8748638641867,105.831024930748,-10.4598337950138,3598.546875
"Rhincodon typus",-10.7091412742382,105.581717451524,19735,2024,1,13,105.61789,-10.51325,"corrected",22.0264975199604,105.581717451524,-10.7091412742382,3114.38818359375
"Rhincodon typus",-10.7091412742382,105.581717451524,19729,2024,1,7,105.62432,-10.52234,"corrected",21.1818316567201,105.581717451524,-10.7091412742382,3114.38818359375
"Rhincodon typus",-10.7091412742382,105.581717451524,19753,2024,1,31,105.63247,-10.53748,"corrected",19.7832863335688,105.581717451524,-10.7091412742382,3114.38818359375
"Rhincodon typus",-10.7091412742382,105.581717451524,19733,2024,1,11,105.6163,-10.51082,"corrected",22.2607242229857,105.581717451524,-10.7091412742382,3114.38818359375
"Rhincodon typus",-10.7091412742382,105.581717451524,19732,2024,1,10,105.62324,-10.50642,"corrected",22.8791248161007,105.581717451524,-10.7091412742382,3114.38818359375
"Rhincodon typus",-10.7091412742382,105.581717451524,19726,2024,1,4,105.62839,-10.5249,"corrected",21.0094979650029,105.581717451524,-10.7091412742382,3114.38818359375
"Rhincodon typus",-10.7091412742382,105.581717451524,19744,2024,1,22,105.55115,-10.51386,"corrected",21.8578966706388,105.581717451524,-10.7091412742382,3114.38818359375
"Rhincodon typus",-10.4598337950138,105.831024930748,19726,2024,1,4,105.68131,-10.46784,"corrected",16.4147419070293,105.831024930748,-10.4598337950138,3598.546875
"Rhincodon typus",-10.7091412742382,105.581717451524,19752,2024,1,30,105.60981,-10.54599,"corrected",18.3064267759822,105.581717451524,-10.7091412742382,3114.38818359375
"Rhincodon typus",-10.4598337950138,105.831024930748,19748,2024,1,26,105.70586,-10.50756,"corrected",14.6839779554426,105.831024930748,-10.4598337950138,3598.546875
"Rhincodon typus",-10.7091412742382,105.581717451524,19749,2024,1,27,105.61303,-10.52212,"corrected",20.9686370676451,105.581717451524,-10.7091412742382,3114.38818359375
"Rhincodon typus",-10.7091412742382,105.581717451524,19727,2024,1,5,105.61981,-10.51346,"corrected",22.0424122387865,105.581717451524,-10.7091412742382,3114.38818359375
"Rhincodon typus",-10.7091412742382,105.581717451524,19739,2024,1,17,105.61972,-10.51282,"corrected",22.1100764987991,105.581717451524,-10.7091412742382,3114.38818359375
"Rhincodon typus",-10.7091412742382,105.581717451524,19737,2024,1,15,105.62461,-10.52033,"corrected",21.4057040128144,105.581717451524,-10.7091412742382,3114.38818359375
"Rhincodon typus",-10.7091412742382,105.581717451524,19727,2024,1,5,105.63518,-10.52173,"corrected",21.5396191665514,105.581717451524,-10.7091412742382,3114.38818359375
"Rhincodon typus",-10.7091412742382,105.581717451524,19732,2024,1,10,105.60926,-10.51631,"corrected",21.5413285160097,105.581717451524,-10.7091412742382,3114.38818359375
"Rhincodon typus",-10.7091412742382,105.581717451524,19733,2024,1,11,105.55527,-10.56598,"corrected",16.0976205706298,105.581717451524,-10.7091412742382,3114.38818359375
"Rhincodon typus",-10.7091412742382,105.581717451524,19746,2024,1,24,105.57663,-10.50799,"corrected",22.2566922931612,105.581717451524,-10.7091412742382,3114.38818359375
"Rhincodon typus",-10.7091412742382,105.581717451524,19729,2024,1,7,105.63788,-10.53279,"corrected",20.4517548149208,105.581717451524,-10.7091412742382,3114.38818359375
"Rhincodon typus",-10.7091412742382,105.581717451524,19727,2024,1,5,105.63647,-10.52182,"corrected",21.5688228201447,105.581717451524,-10.7091412742382,3114.38818359375
"Rhincodon typus",-10.7091412742382,105.581717451524,19751,2024,1,29,105.61072,-10.53537,"corrected",19.4814221690504,105.581717451524,-10.7091412742382,3114.38818359375
"Rhincodon typus",-10.7091412742382,105.581717451524,19724,2024,1,2,105.5772,-10.47906,"corrected",25.4545091854075,105.581717451524,-10.7091412742382,3114.38818359375
"Rhincodon typus",-10.7091412742382,105.581717451524,19734,2024,1,12,105.6324,-10.53292,"corrected",20.265801246393,105.581717451524,-10.7091412742382,3114.38818359375
"Rhincodon typus",-10.4598337950138,105.332409972299,19723,2024,1,1,105.47976,-10.46016,"corrected",16.1321646107678,105.332409972299,-10.4598337950138,4122.56201171875
"Rhincodon typus",-10.7091412742382,105.581717451524,19743,2024,1,21,105.55613,-10.50283,"corrected",22.9916205918041,105.581717451524,-10.7091412742382,3114.38818359375
"Rhincodon typus",-11.34084,106.12076,19730,2024,1,8,106.12076,-11.34084,"original",0,NA,NA,5766.53759765625
"Rhincodon typus",-10.7091412742382,105.581717451524,19731,2024,1,9,105.63388,-10.52228,"corrected",21.4427695467792,105.581717451524,-10.7091412742382,3114.38818359375
"Rhincodon typus",-12.10874,106.40763,19739,2024,1,17,106.40763,-12.10874,"original",0,NA,NA,5461.5732421875
"Rhincodon typus",-10.4598337950138,105.831024930748,19739,2024,1,17,105.68008,-10.5462,"corrected",19.0862370976629,105.831024930748,-10.4598337950138,3598.546875
"Rhincodon typus",-10.7091412742382,105.581717451524,19738,2024,1,16,105.61961,-10.52191,"corrected",21.1210325257289,105.581717451524,-10.7091412742382,3114.38818359375
"Rhincodon typus",-10.7091412742382,105.581717451524,19728,2024,1,6,105.5863,-10.51835,"corrected",21.1097527723489,105.581717451524,-10.7091412742382,3114.38818359375
"Rhincodon typus",-10.7091412742382,105.581717451524,19743,2024,1,21,105.54305,-10.51405,"corrected",21.9903501703148,105.581717451524,-10.7091412742382,3114.38818359375
"Rhincodon typus",-10.7091412742382,105.581717451524,19726,2024,1,4,105.61871,-10.5106,"corrected",22.3310021777151,105.581717451524,-10.7091412742382,3114.38818359375
"Rhincodon typus",-10.7091412742382,105.581717451524,19734,2024,1,12,105.63888,-10.52566,"corrected",21.237282165782,105.581717451524,-10.7091412742382,3114.38818359375
"Rhincodon typus",-10.7091412742382,105.581717451524,19732,2024,1,10,105.63816,-10.54916,"corrected",18.7426517030524,105.581717451524,-10.7091412742382,3114.38818359375
"Rhincodon typus",-10.7091412742382,105.581717451524,19739,2024,1,17,105.62287,-10.51646,"corrected",21.7834038022317,105.581717451524,-10.7091412742382,3114.38818359375
"Rhincodon typus",-10.7091412742382,105.581717451524,19730,2024,1,8,105.56276,-10.50471,"corrected",22.7074932219632,105.581717451524,-10.7091412742382,3114.38818359375
"Rhincodon typus",-10.7091412742382,105.581717451524,19736,2024,1,14,105.56876,-10.51357,"corrected",21.6789367169797,105.581717451524,-10.7091412742382,3114.38818359375
"Rhincodon typus",-10.7091412742382,105.581717451524,19742,2024,1,20,105.58263,-10.5036,"corrected",22.7355310067388,105.581717451524,-10.7091412742382,3114.38818359375
"Rhincodon typus",-10.7091412742382,105.581717451524,19738,2024,1,16,105.63211,-10.55343,"corrected",18.0846586146877,105.581717451524,-10.7091412742382,3114.38818359375
"Rhincodon typus",-10.58761,105.63074,19733,2024,1,11,105.63074,-10.58761,"original",0,NA,NA,3114.38818359375
"Rhincodon typus",-10.7091412742382,105.581717451524,19723,2024,1,1,105.57168,-10.5077,"corrected",22.3088621461791,105.581717451524,-10.7091412742382,3114.38818359375
"Rhincodon typus",-10.7091412742382,105.581717451524,19740,2024,1,18,105.61144,-10.51173,"corrected",22.0769442697321,105.581717451524,-10.7091412742382,3114.38818359375
"Rhincodon typus",-10.7091412742382,105.581717451524,19729,2024,1,7,105.61148,-10.51104,"corrected",22.1530796859884,105.581717451524,-10.7091412742382,3114.38818359375
"Rhincodon typus",-10.7091412742382,105.581717451524,19735,2024,1,13,105.62743,-10.52376,"corrected",21.106694470708,105.581717451524,-10.7091412742382,3114.38818359375
"Rhincodon typus",-10.7091412742382,105.581717451524,19729,2024,1,7,105.60805,-10.5123,"corrected",21.962843143955,105.581717451524,-10.7091412742382,3114.38818359375
"Rhincodon typus",-10.7091412742382,105.581717451524,19731,2024,1,9,105.62396,-10.51752,"corrected",21.6938023477997,105.581717451524,-10.7091412742382,3114.38818359375
"Rhincodon typus",-10.4598337950138,105.831024930748,19749,2024,1,27,105.63452,-10.47832,"corrected",21.6100159406222,105.831024930748,-10.4598337950138,3598.546875
"Rhincodon typus",-10.4598337950138,105.831024930748,19742,2024,1,20,105.61842,-10.46104,"corrected",23.2766881193619,105.831024930748,-10.4598337950138,3598.546875
"Rhincodon typus",-10.4598337950138,105.831024930748,19750,2024,1,28,105.59751,-10.45187,"corrected",25.5811099065993,105.831024930748,-10.4598337950138,3598.546875
"Rhincodon typus",-10.7091412742382,105.581717451524,19732,2024,1,10,105.63132,-10.52185,"corrected",21.4159130817674,105.581717451524,-10.7091412742382,3114.38818359375
"Rhincodon typus",-10.4598337950138,105.831024930748,19725,2024,1,3,105.62896,-10.49276,"corrected",22.4190478803389,105.831024930748,-10.4598337950138,3598.546875
"Rhincodon typus",-10.7091412742382,105.581717451524,19737,2024,1,15,105.62147,-10.55797,"corrected",17.2778602328226,105.581717451524,-10.7091412742382,3114.38818359375
"Rhincodon typus",-10.7091412742382,105.581717451524,19750,2024,1,28,105.63197,-10.5196,"corrected",21.6746954203846,105.581717451524,-10.7091412742382,3114.38818359375
"Rhincodon typus",-10.7091412742382,105.581717451524,19739,2024,1,17,105.62155,-10.51973,"corrected",21.3997562523824,105.581717451524,-10.7091412742382,3114.38818359375
"Rhincodon typus",-10.7091412742382,105.581717451524,19753,2024,1,31,105.62531,-10.54158,"corrected",19.1382677682494,105.581717451524,-10.7091412742382,3114.38818359375
"Rhincodon typus",-10.7091412742382,105.581717451524,19731,2024,1,9,105.61272,-10.51717,"corrected",21.5036160900827,105.581717451524,-10.7091412742382,3114.38818359375
"Rhincodon typus",-12.9648,107.43807,19742,2024,1,20,107.43807,-12.9648,"original",0,NA,NA,3685.61596679688
"Rhincodon typus",-10.7091412742382,105.581717451524,19742,2024,1,20,105.60552,-10.51653,"corrected",21.463734170081,105.581717451524,-10.7091412742382,3114.38818359375
"Rhincodon typus",-10.7091412742382,105.581717451524,19742,2024,1,20,105.61545,-10.51175,"corrected",22.1436639819515,105.581717451524,-10.7091412742382,3114.38818359375
"Rhincodon typus",-10.4598337950138,105.831024930748,19747,2024,1,25,105.62943,-10.47595,"corrected",22.1422620491385,105.831024930748,-10.4598337950138,3598.546875
"Rhincodon typus",-10.7091412742382,105.581717451524,19734,2024,1,12,105.62698,-10.53481,"corrected",19.9090362355579,105.581717451524,-10.7091412742382,3114.38818359375
"Rhincodon typus",-10.4598337950138,105.831024930748,19750,2024,1,28,105.60314,-10.47145,"corrected",24.9818312143649,105.831024930748,-10.4598337950138,3598.546875
"Rhincodon typus",-10.7091412742382,105.581717451524,19747,2024,1,25,105.60421,-10.51304,"corrected",21.8303396865947,105.581717451524,-10.7091412742382,3114.38818359375
"Rhincodon typus",-10.7091412742382,105.581717451524,19733,2024,1,11,105.621,-10.51087,"corrected",22.3484766771321,105.581717451524,-10.7091412742382,3114.38818359375
"Rhincodon typus",-12.85037,103.40769,19729,2024,1,7,103.40769,-12.85037,"original",0,NA,NA,3914.55908203125
"Rhincodon typus",-10.7091412742382,105.581717451524,19741,2024,1,19,105.63497,-10.52043,"corrected",21.6718568138874,105.581717451524,-10.7091412742382,3114.38818359375
"Rhincodon typus",-10.7091412742382,105.581717451524,19736,2024,1,14,105.58049,-10.51752,"corrected",21.1960289084257,105.581717451524,-10.7091412742382,3114.38818359375
"Rhincodon typus",-10.7091412742382,105.581717451524,19736,2024,1,14,105.5874,-10.50587,"corrected",22.4928216384616,105.581717451524,-10.7091412742382,3114.38818359375
"Rhincodon typus",-10.4598337950138,105.831024930748,19739,2024,1,17,105.68617,-10.53541,"corrected",17.9256297467032,105.831024930748,-10.4598337950138,3598.546875
"Rhincodon typus",-10.7091412742382,105.581717451524,19747,2024,1,25,105.63051,-10.51208,"corrected",22.4417372783751,105.581717451524,-10.7091412742382,3114.38818359375
"Rhincodon typus",-13.49543,106.76743,19742,2024,1,20,106.76743,-13.49543,"original",0,NA,NA,4841.7060546875
"Rhincodon typus",-10.4598337950138,105.831024930748,19728,2024,1,6,105.63816,-10.50894,"corrected",21.8010080786834,105.831024930748,-10.4598337950138,3598.546875
"Rhincodon typus",-10.7091412742382,105.581717451524,19733,2024,1,11,105.55182,-10.547,"corrected",18.2307071183109,105.581717451524,-10.7091412742382,3114.38818359375
"Rhincodon typus",-10.7091412742382,105.581717451524,19728,2024,1,6,105.60091,-10.50726,"corrected",22.4290225749034,105.581717451524,-10.7091412742382,3114.38818359375
"Rhincodon typus",-10.7091412742382,105.581717451524,19743,2024,1,21,105.54157,-10.5177,"corrected",21.6266150586802,105.581717451524,-10.7091412742382,3114.38818359375
"Rhincodon typus",-10.7091412742382,105.581717451524,19747,2024,1,25,105.62366,-10.5181,"corrected",21.6241330213867,105.581717451524,-10.7091412742382,3114.38818359375
"Rhincodon typus",-10.7091412742382,105.581717451524,19732,2024,1,10,105.63115,-10.52175,"corrected",21.4219085750439,105.581717451524,-10.7091412742382,3114.38818359375
"Rhincodon typus",-11.36723,108.36545,19750,2024,1,28,108.36545,-11.36723,"original",0,NA,NA,5338.00732421875
"Rhincodon typus",-10.7091412742382,105.581717451524,19738,2024,1,16,105.62591,-10.52492,"corrected",20.9430307195835,105.581717451524,-10.7091412742382,3114.38818359375
"Rhincodon typus",-10.4598337950138,105.831024930748,19727,2024,1,5,105.64576,-10.5035,"corrected",20.8488838640745,105.831024930748,-10.4598337950138,3598.546875
"Rhincodon typus",-10.4598337950138,105.831024930748,19734,2024,1,12,105.63512,-10.51467,"corrected",22.2873566038389,105.831024930748,-10.4598337950138,3598.546875
"Rhincodon typus",-10.7091412742382,105.581717451524,19730,2024,1,8,105.56447,-10.50028,"corrected",23.1795095031433,105.581717451524,-10.7091412742382,3114.38818359375
"Rhincodon typus",-10.7091412742382,105.581717451524,19728,2024,1,6,105.60594,-10.51247,"corrected",21.9150781676963,105.581717451524,-10.7091412742382,3114.38818359375
"Rhincodon typus",-10.7091412742382,105.581717451524,19728,2024,1,6,105.61545,-10.51642,"corrected",21.6345036283628,105.581717451524,-10.7091412742382,3114.38818359375
"Rhincodon typus",-10.7091412742382,105.581717451524,19746,2024,1,24,105.62101,-10.51776,"corrected",21.6013014884539,105.581717451524,-10.7091412742382,3114.38818359375
"Rhincodon typus",-10.7091412742382,105.581717451524,19747,2024,1,25,105.60429,-10.53486,"corrected",19.4351949182342,105.581717451524,-10.7091412742382,3114.38818359375
"Rhincodon typus",-10.7091412742382,105.581717451524,19723,2024,1,1,105.58296,-10.50475,"corrected",22.6085177159171,105.581717451524,-10.7091412742382,3114.38818359375
"Rhincodon typus",-10.7091412742382,105.581717451524,19726,2024,1,4,105.61529,-10.51278,"corrected",22.0284089062141,105.581717451524,-10.7091412742382,3114.38818359375
"Rhincodon typus",-10.4598337950138,105.831024930748,19746,2024,1,24,105.60721,-10.47966,"corrected",24.6008027797789,105.831024930748,-10.4598337950138,3598.546875
"Rhincodon typus",-10.7091412742382,105.581717451524,19740,2024,1,18,105.61687,-10.51262,"corrected",22.0753295212503,105.581717451524,-10.7091412742382,3114.38818359375
"Rhincodon typus",9.05932,123.26589,19769,2024,2,16,123.26589,9.05932,"original",0,NA,NA,427.518188476562
"Rhincodon typus",0.260387811634395,123.03324099723,19770,2024,2,17,123.01074,0.51774,"corrected",28.5665662210024,123.03324099723,0.260387811634395,1548.4375
"Rhincodon typus",9.41217,123.50675,19758,2024,2,5,123.50675,9.41217,"original",0,NA,NA,566.537414550781
"Rhincodon typus",0.260387811634395,123.03324099723,19770,2024,2,17,123.03773,0.43292,"corrected",19.0841722469451,123.03324099723,0.260387811634395,1548.4375
"Rhincodon typus",9.44548,123.37188,19755,2024,2,2,123.37188,9.44548,"original",0,NA,NA,238.074722290039
"Rhincodon typus",-10.7091412742382,105.581717451524,19761,2024,2,8,105.61135,-10.5138,"corrected",21.8490380500597,105.581717451524,-10.7091412742382,3114.38818359375
"Rhincodon typus",-10.7091412742382,105.581717451524,19781,2024,2,28,105.60978,-10.5266,"corrected",20.4234252746605,105.581717451524,-10.7091412742382,3114.38818359375
"Rhincodon typus",-10.7091412742382,105.581717451524,19770,2024,2,17,105.57156,-10.50578,"corrected",22.5216249604536,105.581717451524,-10.7091412742382,3114.38818359375
"Rhincodon typus",-10.7091412742382,105.581717451524,19765,2024,2,12,105.61361,-10.51161,"corrected",22.126282659293,105.581717451524,-10.7091412742382,3114.38818359375
"Rhincodon typus",-10.7091412742382,105.581717451524,19772,2024,2,19,105.5837,-10.58205,"corrected",14.059516314299,105.581717451524,-10.7091412742382,3114.38818359375
"Rhincodon typus",-10.7091412742382,105.581717451524,19761,2024,2,8,105.62758,-10.52919,"corrected",20.5276753473435,105.581717451524,-10.7091412742382,3114.38818359375
"Rhincodon typus",-10.4598337950138,105.332409972299,19762,2024,2,9,105.53758,-10.49937,"corrected",22.8827062954335,105.332409972299,-10.4598337950138,4122.56201171875
"Rhincodon typus",-10.7091412742382,105.581717451524,19755,2024,2,2,105.63461,-10.5159,"corrected",22.1445644400451,105.581717451524,-10.7091412742382,3114.38818359375
"Rhincodon typus",-10.7091412742382,105.581717451524,19766,2024,2,13,105.60855,-10.51495,"corrected",21.6796320631705,105.581717451524,-10.7091412742382,3114.38818359375
"Rhincodon typus",-10.7091412742382,105.581717451524,19775,2024,2,22,105.57988,-10.50369,"corrected",22.7262462116352,105.581717451524,-10.7091412742382,3114.38818359375
"Rhincodon typus",-10.7091412742382,105.581717451524,19758,2024,2,5,105.61082,-10.5138,"corrected",21.84050598903,105.581717451524,-10.7091412742382,3114.38818359375
"Rhincodon typus",-10.7091412742382,105.581717451524,19761,2024,2,8,105.62467,-10.53288,"corrected",20.0551389700437,105.581717451524,-10.7091412742382,3114.38818359375
"Rhincodon typus",-10.4598337950138,105.831024930748,19769,2024,2,16,105.68507,-10.46928,"corrected",16.0132776848261,105.831024930748,-10.4598337950138,3598.546875
"Rhincodon typus",-10.58495,105.51538,19769,2024,2,16,105.51538,-10.58495,"original",0,NA,NA,3114.38818359375
"Rhincodon typus",-10.7091412742382,105.581717451524,19775,2024,2,22,105.60177,-10.51829,"corrected",21.2241679385121,105.581717451524,-10.7091412742382,3114.38818359375
"Rhincodon typus",-10.7091412742382,105.581717451524,19775,2024,2,22,105.56332,-10.51042,"corrected",22.0729445106723,105.581717451524,-10.7091412742382,3114.38818359375
"Rhincodon typus",-10.7091412742382,105.581717451524,19763,2024,2,10,105.58306,-10.50621,"corrected",22.4470972595568,105.581717451524,-10.7091412742382,3114.38818359375
"Rhincodon typus",-10.7091412742382,105.581717451524,19765,2024,2,12,105.56974,-10.50051,"corrected",23.114291788283,105.581717451524,-10.7091412742382,3114.38818359375
"Rhincodon typus",-10.7091412742382,105.581717451524,19754,2024,2,1,105.62901,-10.52233,"corrected",21.3017397383186,105.581717451524,-10.7091412742382,3114.38818359375
"Rhincodon typus",-10.7091412742382,105.581717451524,19757,2024,2,4,105.61743,-10.51377,"corrected",21.9609045397488,105.581717451524,-10.7091412742382,3114.38818359375
"Rhincodon typus",-10.7091412742382,105.581717451524,19775,2024,2,22,105.60272,-10.51145,"corrected",21.9874593836628,105.581717451524,-10.7091412742382,3114.38818359375
"Rhincodon typus",-10.7091412742382,105.581717451524,19781,2024,2,28,105.59234,-10.5333,"corrected",19.484857876925,105.581717451524,-10.7091412742382,3114.38818359375
"Rhincodon typus",-10.7091412742382,105.581717451524,19770,2024,2,17,105.63173,-10.52444,"corrected",21.1504669933325,105.581717451524,-10.7091412742382,3114.38818359375
"Rhincodon typus",-10.45399,105.72039,19756,2024,2,3,105.72039,-10.45399,"original",0,NA,NA,3598.546875
"Rhincodon typus",-10.7091412742382,105.581717451524,19754,2024,2,1,105.63234,-10.51816,"corrected",21.8390396175568,105.581717451524,-10.7091412742382,3114.38818359375
"Rhincodon typus",-10.7091412742382,105.581717451524,19765,2024,2,12,105.58493,-10.54487,"corrected",18.1737821589393,105.581717451524,-10.7091412742382,3114.38818359375
"Rhincodon typus",-10.7091412742382,105.581717451524,19782,2024,2,29,105.59033,-10.51398,"corrected",21.6077303221147,105.581717451524,-10.7091412742382,3114.38818359375
"Rhincodon typus",-10.7091412742382,105.581717451524,19779,2024,2,26,105.54691,-10.50719,"corrected",22.6606288146705,105.581717451524,-10.7091412742382,3114.38818359375
"Rhincodon typus",-10.7091412742382,105.581717451524,19756,2024,2,3,105.62633,-10.51629,"corrected",21.8831430893322,105.581717451524,-10.7091412742382,3114.38818359375
"Rhincodon typus",-10.7091412742382,105.581717451524,19769,2024,2,16,105.63196,-10.51211,"corrected",22.4767986789473,105.581717451524,-10.7091412742382,3114.38818359375
"Rhincodon typus",-10.7091412742382,105.581717451524,19760,2024,2,7,105.62352,-10.51776,"corrected",21.6576451044353,105.581717451524,-10.7091412742382,3114.38818359375
"Rhincodon typus",-10.4598337950138,105.831024930748,19757,2024,2,4,105.68402,-10.40046,"corrected",17.3841219056803,105.831024930748,-10.4598337950138,3598.546875
"Rhincodon typus",-10.7091412742382,105.581717451524,19765,2024,2,12,105.56472,-10.50028,"corrected",23.1772979400158,105.581717451524,-10.7091412742382,3114.38818359375
"Rhincodon typus",-10.7091412742382,105.581717451524,19782,2024,2,29,105.62402,-10.53155,"corrected",20.1817544671374,105.581717451524,-10.7091412742382,3114.38818359375
"Rhincodon typus",-10.7091412742382,105.581717451524,19775,2024,2,22,105.56746,-10.50965,"corrected",22.1212010059791,105.581717451524,-10.7091412742382,3114.38818359375
"Rhincodon typus",-10.7091412742382,105.581717451524,19764,2024,2,11,105.58206,-10.50139,"corrected",22.9797929761888,105.581717451524,-10.7091412742382,3114.38818359375
"Rhincodon typus",-10.7091412742382,105.581717451524,19771,2024,2,18,105.62997,-10.52182,"corrected",21.3821652806998,105.581717451524,-10.7091412742382,3114.38818359375
"Rhincodon typus",-10.7091412742382,105.581717451524,19767,2024,2,14,105.61243,-10.50662,"corrected",22.6519770418717,105.581717451524,-10.7091412742382,3114.38818359375
"Rhincodon typus",-10.7091412742382,105.581717451524,19756,2024,2,3,105.61883,-10.52477,"corrected",20.7940914120415,105.581717451524,-10.7091412742382,3114.38818359375
"Rhincodon typus",-10.7091412742382,105.581717451524,19760,2024,2,7,105.60502,-10.50256,"corrected",22.9921916277529,105.581717451524,-10.7091412742382,3114.38818359375
"Rhincodon typus",-10.7091412742382,105.581717451524,19765,2024,2,12,105.57868,-10.52551,"corrected",20.314538232241,105.581717451524,-10.7091412742382,3114.38818359375
"Rhincodon typus",-10.4598337950138,105.831024930748,19758,2024,2,5,105.66291,-10.52854,"corrected",19.9108790320231,105.831024930748,-10.4598337950138,3598.546875
"Rhincodon typus",-10.7091412742382,105.581717451524,19762,2024,2,9,105.56012,-10.50689,"corrected",22.4958932401462,105.581717451524,-10.7091412742382,3114.38818359375
"Rhincodon typus",-10.7091412742382,105.581717451524,19770,2024,2,17,105.63873,-10.52971,"corrected",20.8046558731953,105.581717451524,-10.7091412742382,3114.38818359375
"Rhincodon typus",-10.7091412742382,105.581717451524,19760,2024,2,7,105.62727,-10.51955,"corrected",21.5553364223099,105.581717451524,-10.7091412742382,3114.38818359375
"Rhincodon typus",-10.7091412742382,105.581717451524,19775,2024,2,22,105.62926,-10.52377,"corrected",21.1539749444479,105.581717451524,-10.7091412742382,3114.38818359375
"Rhincodon typus",-10.7091412742382,105.581717451524,19771,2024,2,18,105.62411,-10.52168,"corrected",21.2480235075964,105.581717451524,-10.7091412742382,3114.38818359375
"Rhincodon typus",-10.7091412742382,105.581717451524,19763,2024,2,10,105.59316,-10.50264,"corrected",22.8757940514944,105.581717451524,-10.7091412742382,3114.38818359375
"Rhincodon typus",-10.7091412742382,105.581717451524,19780,2024,2,27,105.57166,-10.50896,"corrected",22.1697705317214,105.581717451524,-10.7091412742382,3114.38818359375
"Rhincodon typus",-10.7091412742382,105.581717451524,19775,2024,2,22,105.56333,-10.50641,"corrected",22.5145864427406,105.581717451524,-10.7091412742382,3114.38818359375
"Rhincodon typus",-10.7091412742382,105.581717451524,19779,2024,2,26,105.57364,-10.51515,"corrected",21.4759493239448,105.581717451524,-10.7091412742382,3114.38818359375
"Rhincodon typus",-10.7091412742382,105.581717451524,19755,2024,2,2,105.61998,-10.52089,"corrected",21.2396176744606,105.581717451524,-10.7091412742382,3114.38818359375
"Rhincodon typus",-10.7091412742382,105.581717451524,19781,2024,2,28,105.58817,-10.52473,"corrected",20.4103125466372,105.581717451524,-10.7091412742382,3114.38818359375
"Rhincodon typus",-10.7091412742382,105.581717451524,19763,2024,2,10,105.56802,-10.52469,"corrected",20.4575026361181,105.581717451524,-10.7091412742382,3114.38818359375
"Rhincodon typus",-10.7091412742382,105.581717451524,19766,2024,2,13,105.61286,-10.50923,"corrected",22.3736347852603,105.581717451524,-10.7091412742382,3114.38818359375
"Rhincodon typus",-10.4598337950138,105.831024930748,19778,2024,2,25,105.64827,-10.51646,"corrected",20.9640524270922,105.831024930748,-10.4598337950138,3598.546875
"Rhincodon typus",-10.7091412742382,105.581717451524,19756,2024,2,3,105.63048,-10.51056,"corrected",22.6043018886128,105.581717451524,-10.7091412742382,3114.38818359375
"Rhincodon typus",-10.62559,105.56435,19773,2024,2,20,105.56435,-10.62559,"original",0,NA,NA,3114.38818359375
"Rhincodon typus",-10.4598337950138,105.831024930748,19767,2024,2,14,105.663,-10.5262,"corrected",19.804445309664,105.831024930748,-10.4598337950138,3598.546875
"Rhincodon typus",-10.4598337950138,105.831024930748,19765,2024,2,12,105.70366,-10.50089,"corrected",14.6641160881124,105.831024930748,-10.4598337950138,3598.546875
"Rhincodon typus",-10.7091412742382,105.581717451524,19778,2024,2,25,105.62164,-10.51049,"corrected",22.4032774946514,105.581717451524,-10.7091412742382,3114.38818359375
"Rhincodon typus",-10.7091412742382,105.581717451524,19768,2024,2,15,105.53283,-10.57123,"corrected",16.165340860587,105.581717451524,-10.7091412742382,3114.38818359375
"Rhincodon typus",-10.7091412742382,105.581717451524,19780,2024,2,27,105.56116,-10.49659,"corrected",23.6180786814775,105.581717451524,-10.7091412742382,3114.38818359375
"Rhincodon typus",-10.4598337950138,105.831024930748,19778,2024,2,25,105.60195,-10.4819,"corrected",25.1971209801535,105.831024930748,-10.4598337950138,3598.546875
"Rhincodon typus",-10.4598337950138,105.831024930748,19766,2024,2,13,105.62114,-10.49463,"corrected",23.2974022749456,105.831024930748,-10.4598337950138,3598.546875
"Rhincodon typus",-10.7091412742382,105.581717451524,19766,2024,2,13,105.60721,-10.5346,"corrected",19.5068437304999,105.581717451524,-10.7091412742382,3114.38818359375
"Rhincodon typus",-10.4598337950138,105.831024930748,19755,2024,2,2,105.63635,-10.51422,"corrected",22.1442597664836,105.831024930748,-10.4598337950138,3598.546875
"Rhincodon typus",-10.7091412742382,105.581717451524,19782,2024,2,29,105.59291,-10.52517,"corrected",20.3862503065424,105.581717451524,-10.7091412742382,3114.38818359375
"Rhincodon typus",-10.7091412742382,105.581717451524,19782,2024,2,29,105.67275,-10.55561,"corrected",19.6880890977137,105.581717451524,-10.7091412742382,3114.38818359375
"Rhincodon typus",-10.7091412742382,105.581717451524,19769,2024,2,16,105.62687,-10.51393,"corrected",22.1507936632899,105.581717451524,-10.7091412742382,3114.38818359375
"Rhincodon typus",-10.7091412742382,105.581717451524,19780,2024,2,27,105.5695,-10.4973,"corrected",23.470272732167,105.581717451524,-10.7091412742382,3114.38818359375
"Rhincodon typus",-10.7091412742382,105.581717451524,19767,2024,2,14,105.5578,-10.56123,"corrected",16.5687640714007,105.581717451524,-10.7091412742382,3114.38818359375
"Rhincodon typus",-10.4598337950138,105.332409972299,19762,2024,2,9,105.54158,-10.49472,"corrected",23.2218657413994,105.332409972299,-10.4598337950138,4122.56201171875
"Rhincodon typus",-10.7091412742382,105.581717451524,19776,2024,2,23,105.63525,-10.52039,"corrected",21.6843754715082,105.581717451524,-10.7091412742382,3114.38818359375
"Rhincodon typus",10.16093,125.00766,19762,2024,2,9,125.00766,10.16093,"original",0,NA,NA,165.158309936523
"Rhincodon typus",9.5773,123.35198,19795,2024,3,13,123.35198,9.5773,"original",0,NA,NA,238.074722290039
"Rhincodon typus",-22.2435,113.68649,19809,2024,3,27,113.68649,-22.2435,"original",0,NA,NA,199.812454223633
"Rhincodon typus",-22.23498,113.60744,19809,2024,3,27,113.60744,-22.23498,"original",0,NA,NA,771.343627929688
"Rhincodon typus",-3.66527,133.72289,19803,2024,3,21,133.72289,-3.66527,"original",0,NA,NA,21.2782878875732
"Rhincodon typus",12.93149,123.40399,19810,2024,3,28,123.40399,12.93149,"original",0,NA,NA,185.093612670898
"Rhincodon typus",-10.7091412742382,105.581717451524,19783,2024,3,1,105.6025,-10.51026,"corrected",22.1158818871807,105.581717451524,-10.7091412742382,3114.38818359375
"Rhincodon typus",-10.7091412742382,105.581717451524,19792,2024,3,10,105.62081,-10.51507,"corrected",21.8886879735892,105.581717451524,-10.7091412742382,3114.38818359375
"Rhincodon typus",-10.7091412742382,105.581717451524,19791,2024,3,9,105.5665,-10.50199,"corrected",22.9738276459793,105.581717451524,-10.7091412742382,3114.38818359375
"Rhincodon typus",-10.7091412742382,105.581717451524,19792,2024,3,10,105.62469,-10.52743,"corrected",20.6421737329685,105.581717451524,-10.7091412742382,3114.38818359375
"Rhincodon typus",-10.7091412742382,105.581717451524,19785,2024,3,3,105.59742,-10.47914,"corrected",25.4988275186689,105.581717451524,-10.7091412742382,3114.38818359375
"Rhincodon typus",-10.7091412742382,105.581717451524,19792,2024,3,10,105.60893,-10.50868,"corrected",22.3724722913157,105.581717451524,-10.7091412742382,3114.38818359375
"Rhincodon typus",-10.7091412742382,105.581717451524,19790,2024,3,8,105.62841,-10.51995,"corrected",21.5415401562528,105.581717451524,-10.7091412742382,3114.38818359375
"Rhincodon typus",-10.7091412742382,105.581717451524,19785,2024,3,3,105.62847,-10.51931,"corrected",21.6118723056246,105.581717451524,-10.7091412742382,3114.38818359375
"Rhincodon typus",-11.1752,111.15346,19802,2024,3,20,111.15346,-11.1752,"original",0,NA,NA,4858.072265625
"Rhincodon typus",-10.7091412742382,105.581717451524,19784,2024,3,2,105.6253,-10.50929,"corrected",22.6145418134469,105.581717451524,-10.7091412742382,3114.38818359375
"Rhincodon typus",-10.7091412742382,105.581717451524,19792,2024,3,10,105.62734,-10.5143,"corrected",22.1224496011382,105.581717451524,-10.7091412742382,3114.38818359375
"Rhincodon typus",-10.7091412742382,105.581717451524,19786,2024,3,4,105.63788,-10.52262,"corrected",21.5273667108723,105.581717451524,-10.7091412742382,3114.38818359375
"Rhincodon typus",-10.7091412742382,105.581717451524,19787,2024,3,5,105.60971,-10.51949,"corrected",21.2001582365709,105.581717451524,-10.7091412742382,3114.38818359375
"Rhincodon typus",-10.7091412742382,105.581717451524,19784,2024,3,2,105.62933,-10.51835,"corrected",21.7374213349761,105.581717451524,-10.7091412742382,3114.38818359375
"Rhincodon typus",-10.50033,105.77338,19793,2024,3,11,105.77338,-10.50033,"original",0,NA,NA,3598.546875
"Rhincodon typus",-10.7091412742382,105.581717451524,19791,2024,3,9,105.62394,-10.51751,"corrected",21.6944168704976,105.581717451524,-10.7091412742382,3114.38818359375
"Rhincodon typus",-10.7091412742382,105.581717451524,19791,2024,3,9,105.62001,-10.51239,"corrected",22.1627708700995,105.581717451524,-10.7091412742382,3114.38818359375
"Rhincodon typus",-10.7091412742382,105.581717451524,19783,2024,3,1,105.59713,-10.5087,"corrected",22.2352517678823,105.581717451524,-10.7091412742382,3114.38818359375
"Rhincodon typus",-10.7091412742382,105.581717451524,19792,2024,3,10,105.63146,-10.5202,"corrected",21.5963719192864,105.581717451524,-10.7091412742382,3114.38818359375
"Rhincodon typus",-10.4598337950138,105.831024930748,19785,2024,3,3,105.64936,-10.52229,"corrected",21.052739511937,105.831024930748,-10.4598337950138,3598.546875
"Rhincodon typus",-10.7091412742382,105.581717451524,19789,2024,3,7,105.56138,-10.52492,"corrected",20.4982437960269,105.581717451524,-10.7091412742382,3114.38818359375
"Rhincodon typus",-10.7091412742382,105.581717451524,19784,2024,3,2,105.6324,-10.52314,"corrected",21.3083646489316,105.581717451524,-10.7091412742382,3114.38818359375
"Rhincodon typus",-10.7091412742382,105.581717451524,19791,2024,3,9,105.56569,-10.52668,"corrected",20.2584622853527,105.581717451524,-10.7091412742382,3114.38818359375
"Rhincodon typus",-10.7091412742382,105.581717451524,19790,2024,3,8,105.61777,-10.5439,"corrected",18.698561562816,105.581717451524,-10.7091412742382,3114.38818359375
"Rhincodon typus",-10.7091412742382,105.581717451524,19789,2024,3,7,105.55059,-10.50443,"corrected",22.8982743747338,105.581717451524,-10.7091412742382,3114.38818359375
"Rhincodon typus",-10.7091412742382,105.581717451524,19788,2024,3,6,105.57127,-10.51054,"corrected",21.9973985765552,105.581717451524,-10.7091412742382,3114.38818359375
"Rhincodon typus",-10.7091412742382,105.581717451524,19788,2024,3,6,105.57119,-10.51096,"corrected",21.9514624157636,105.581717451524,-10.7091412742382,3114.38818359375
"Rhincodon typus",-10.7091412742382,105.581717451524,19791,2024,3,9,105.57116,-10.50421,"corrected",22.6972605727254,105.581717451524,-10.7091412742382,3114.38818359375
"Rhincodon typus",-10.7091412742382,105.581717451524,19787,2024,3,5,105.61368,-10.52008,"corrected",21.20290191834,105.581717451524,-10.7091412742382,3114.38818359375
"Rhincodon typus",-10.7091412742382,105.581717451524,19788,2024,3,6,105.57619,-10.52139,"corrected",20.7763438452081,105.581717451524,-10.7091412742382,3114.38818359375
"Rhincodon typus",-21.9279778393352,113.808864265928,19797,2024,3,15,113.99326,-21.91394,"corrected",19.1149378133654,113.808864265928,-21.9279778393352,402.422149658203
"Rhincodon typus",-22.1772853185595,113.808864265928,19818,2024,4,5,113.98258,-22.05922,"corrected",22.1847949119419,113.808864265928,-22.1772853185595,199.812454223633
"Rhincodon typus",-22.70283,113.62539,19814,2024,4,1,113.62539,-22.70283,"original",0,NA,NA,164.364624023438
"Rhincodon typus",9.52205,123.41962,19838,2024,4,25,123.41962,9.52205,"original",0,NA,NA,566.537414550781
"Rhincodon typus",9.52763,123.37623,19835,2024,4,22,123.37623,9.52763,"original",0,NA,NA,238.074722290039
"Rhincodon typus",-8.36541,124.95455,19831,2024,4,18,124.95455,-8.36541,"original",0,NA,NA,2365.634765625
"Rhincodon typus",-8.68093,122.78857,19841,2024,4,28,122.78857,-8.68093,"original",0,NA,NA,1962.22399902344
"Rhincodon typus",-8.4653739612188,124.529085872576,19829,2024,4,16,124.39466,-8.49321,"corrected",15.1184988912141,124.529085872576,-8.4653739612188,1773.93005371094
"Rhincodon typus",-8.47789,124.58925,19835,2024,4,22,124.58925,-8.47789,"original",0,NA,NA,1773.93005371094
"Rhincodon typus",-8.39935,124.84027,19833,2024,4,20,124.84027,-8.39935,"original",0,NA,NA,2144.2783203125
"Rhincodon typus",-8.4653739612188,124.030470914127,19826,2024,4,13,124.1739,-8.54873,"corrected",18.2859622917583,124.030470914127,-8.4653739612188,864.367614746094
"Rhincodon typus",-8.49247,124.45264,19830,2024,4,17,124.45264,-8.49247,"original",0,NA,NA,1773.93005371094
"Rhincodon typus",-8.3998,124.82428,19833,2024,4,20,124.82428,-8.3998,"original",0,NA,NA,2144.2783203125
"Rhincodon typus",-8.58866,124.0684,19826,2024,4,13,124.0684,-8.58866,"original",0,NA,NA,864.367614746094
"Rhincodon typus",-8.36458,124.97096,19831,2024,4,18,124.97096,-8.36458,"original",0,NA,NA,2365.634765625
"Rhincodon typus",-8.71468144044318,123.282548476454,19843,2024,4,30,123.19756,-8.52419,"corrected",23.0516811428035,123.282548476454,-8.71468144044318,2535.56103515625
"Rhincodon typus",-8.43056,124.8141,19831,2024,4,18,124.8141,-8.43056,"original",0,NA,NA,2144.2783203125
"Rhincodon typus",-8.62669,123.62188,19836,2024,4,23,123.62188,-8.62669,"original",0,NA,NA,2787.74951171875
"Rhincodon typus",-8.42298,124.75833,19834,2024,4,21,124.75833,-8.42298,"original",0,NA,NA,2144.2783203125
"Rhincodon typus",-10.62366,110.42055,19827,2024,4,14,110.42055,-10.62366,"original",0,NA,NA,5657.99951171875
"Rhincodon typus",-8.40107,124.83748,19833,2024,4,20,124.83748,-8.40107,"original",0,NA,NA,2144.2783203125
"Rhincodon typus",-9.0981,123.87109,19839,2024,4,26,123.87109,-9.0981,"original",0,NA,NA,2762.95629882812
"Rhincodon typus",-9.95088,117.72593,19829,2024,4,16,117.72593,-9.95088,"original",0,NA,NA,3747.70532226562
"Rhincodon typus",-8.42015,124.71146,19834,2024,4,21,124.71146,-8.42015,"original",0,NA,NA,2144.2783203125
"Rhincodon typus",-8.43672,124.7394,19834,2024,4,21,124.7394,-8.43672,"original",0,NA,NA,2144.2783203125
"Rhincodon typus",-8.68858,122.79789,19841,2024,4,28,122.79789,-8.68858,"original",0,NA,NA,1962.22399902344
"Rhincodon typus",-8.71468144044318,123.282548476454,19843,2024,4,30,123.17432,-8.49871,"corrected",26.6922547895046,123.282548476454,-8.71468144044318,2535.56103515625
"Rhincodon typus",-11.13272,114.82685,19835,2024,4,22,114.82685,-11.13272,"original",0,NA,NA,5742.595703125
"Rhincodon typus",-8.34358,124.96664,19831,2024,4,18,124.96664,-8.34358,"original",0,NA,NA,2365.634765625
"Rhincodon typus",-8.52775,124.41224,19836,2024,4,23,124.41224,-8.52775,"original",0,NA,NA,1773.93005371094
"Rhincodon typus",-8.49591,124.43941,19830,2024,4,17,124.43941,-8.49591,"original",0,NA,NA,1773.93005371094
"Rhincodon typus",-8.3871,124.81902,19833,2024,4,20,124.81902,-8.3871,"original",0,NA,NA,2144.2783203125
"Rhincodon typus",-8.44021,124.79274,19834,2024,4,21,124.79274,-8.44021,"original",0,NA,NA,2144.2783203125
"Rhincodon typus",-8.3986,124.8175,19833,2024,4,20,124.8175,-8.3986,"original",0,NA,NA,2144.2783203125
"Rhincodon typus",-8.4312,124.72634,19834,2024,4,21,124.72634,-8.4312,"original",0,NA,NA,2144.2783203125
"Rhincodon typus",-8.44013,124.79408,19834,2024,4,21,124.79408,-8.44013,"original",0,NA,NA,2144.2783203125
"Rhincodon typus",-8.40133,124.81919,19833,2024,4,20,124.81919,-8.40133,"original",0,NA,NA,2144.2783203125
"Rhincodon typus",-8.71468144044318,123.282548476454,19843,2024,4,30,123.22803,-8.5183,"corrected",22.5333839264177,123.282548476454,-8.71468144044318,2535.56103515625
"Rhincodon typus",-8.40163,124.8398,19833,2024,4,20,124.8398,-8.40163,"original",0,NA,NA,2144.2783203125
"Rhincodon typus",-8.4239,124.73509,19834,2024,4,21,124.73509,-8.4239,"original",0,NA,NA,2144.2783203125
"Rhincodon typus",-8.4653739612188,124.529085872576,19829,2024,4,16,124.36129,-8.52239,"corrected",19.521922159375,124.529085872576,-8.4653739612188,1773.93005371094
"Rhincodon typus",-22.16963,113.74718,19848,2024,5,5,113.74718,-22.16963,"original",0,NA,NA,199.812454223633
"Rhincodon typus",-5.65871,106.65012,19847,2024,5,4,106.65012,-5.65871,"original",0,NA,NA,34.0076751708984
"Rhincodon typus",9.45154,123.3391,19862,2024,5,19,123.3391,9.45154,"original",0,NA,NA,238.074722290039
"Rhincodon typus",-22.65811,113.66963,19873,2024,5,30,113.66963,-22.65811,"original",0,NA,NA,164.364624023438
"Rhincodon typus",8.86836,119.82395,19861,2024,5,18,119.82395,8.86836,"original",0,NA,NA,783.370056152344
"Rhincodon typus",-21.9279778393352,113.808864265928,19853,2024,5,10,113.95527,-21.85706,"corrected",17.0460233308886,113.808864265928,-21.9279778393352,402.422149658203
"Rhincodon typus",9.45636,123.4846,19867,2024,5,24,123.4846,9.45636,"original",0,NA,NA,566.537414550781
"Rhincodon typus",-9.96573,121.12856,19858,2024,5,15,121.12856,-9.96573,"original",0,NA,NA,729.53759765625
"Rhincodon typus",-9.43148,123.0172,19846,2024,5,3,123.0172,-9.43148,"original",0,NA,NA,3130.92065429688
"Rhincodon typus",-9.30515,122.654,19852,2024,5,9,122.654,-9.30515,"original",0,NA,NA,3302.22216796875
"Rhincodon typus",-9.01205,122.44258,19849,2024,5,6,122.44258,-9.01205,"original",0,NA,NA,3020.9765625
"Rhincodon typus",-9.69289,121.87329,19854,2024,5,11,121.87329,-9.69289,"original",0,NA,NA,2730.6220703125
"Rhincodon typus",-9.0079,122.48801,19849,2024,5,6,122.48801,-9.0079,"original",0,NA,NA,3020.9765625
"Rhincodon typus",-9.02313,122.77134,19851,2024,5,8,122.77134,-9.02313,"original",0,NA,NA,3198.0244140625
"Rhincodon typus",-10.24052,111.67672,19848,2024,5,5,111.67672,-10.24052,"original",0,NA,NA,3285.373046875
"Rhincodon typus",-9.76518,121.58499,19855,2024,5,12,121.58499,-9.76518,"original",0,NA,NA,2172.72875976562
"Rhincodon typus",-9.2358,122.48299,19847,2024,5,4,122.48299,-9.2358,"original",0,NA,NA,3302.22216796875
"Rhincodon typus",-9.27812,122.43783,19847,2024,5,4,122.43783,-9.27812,"original",0,NA,NA,3302.22216796875
"Rhincodon typus",-9.00861,122.71181,19850,2024,5,7,122.71181,-9.00861,"original",0,NA,NA,3198.0244140625
"Rhincodon typus",-9.12281,122.51408,19848,2024,5,5,122.51408,-9.12281,"original",0,NA,NA,3302.22216796875
"Rhincodon typus",-9.367,122.92938,19846,2024,5,3,122.92938,-9.367,"original",0,NA,NA,3130.92065429688
"Rhincodon typus",-9.0069,122.49667,19849,2024,5,6,122.49667,-9.0069,"original",0,NA,NA,3020.9765625
"Rhincodon typus",-9.52997,111.30502,19852,2024,5,9,111.30502,-9.52997,"original",0,NA,NA,3172.95458984375
"Rhincodon typus",-9.75889,121.63591,19855,2024,5,12,121.63591,-9.75889,"original",0,NA,NA,2172.72875976562
"Rhincodon typus",-9.01011,122.49471,19849,2024,5,6,122.49471,-9.01011,"original",0,NA,NA,3020.9765625
"Rhincodon typus",-9.3325,123.22592,19845,2024,5,2,123.22592,-9.3325,"original",0,NA,NA,3265.29541015625
"Rhincodon typus",-9.01858,122.76293,19851,2024,5,8,122.76293,-9.01858,"original",0,NA,NA,3198.0244140625
"Rhincodon typus",-9.93726,121.16129,19857,2024,5,14,121.16129,-9.93726,"original",0,NA,NA,729.53759765625
"Rhincodon typus",-8.99707,122.78469,19851,2024,5,8,122.78469,-8.99707,"original",0,NA,NA,3198.0244140625
"Rhincodon typus",-9.32089,123.22414,19845,2024,5,2,123.22414,-9.32089,"original",0,NA,NA,3265.29541015625
"Rhincodon typus",-8.90084,123.39132,19844,2024,5,1,123.39132,-8.90084,"original",0,NA,NA,3316.1748046875
"Rhincodon typus",-10.24265,111.77447,19848,2024,5,5,111.77447,-10.24265,"original",0,NA,NA,3542.751953125
"Rhincodon typus",-9.25754,122.4622,19847,2024,5,4,122.4622,-9.25754,"original",0,NA,NA,3302.22216796875
"Rhincodon typus",-9.01692,122.71367,19851,2024,5,8,122.71367,-9.01692,"original",0,NA,NA,3198.0244140625
"Rhincodon typus",-9.37186,121.73647,19859,2024,5,16,121.73647,-9.37186,"original",0,NA,NA,2946.95263671875
"Rhincodon typus",-9.44797,123.01033,19846,2024,5,3,123.01033,-9.44797,"original",0,NA,NA,3130.92065429688
"Rhincodon typus",-8.99194,122.49084,19849,2024,5,6,122.49084,-8.99194,"original",0,NA,NA,3020.9765625
"Rhincodon typus",-10.53365,112.33806,19847,2024,5,4,112.33806,-10.53365,"original",0,NA,NA,3955.76684570312
"Rhincodon typus",-9.68611,121.93128,19854,2024,5,11,121.93128,-9.68611,"original",0,NA,NA,2963.43823242188
"Rhincodon typus",-9.56326,111.59513,19853,2024,5,10,111.59513,-9.56326,"original",0,NA,NA,3239.69995117188
"Rhincodon typus",-9.06285,122.79085,19850,2024,5,7,122.79085,-9.06285,"original",0,NA,NA,3198.0244140625
"Rhincodon typus",-9.2642,122.4527,19847,2024,5,4,122.4527,-9.2642,"original",0,NA,NA,3302.22216796875
"Rhincodon typus",-9.28787,122.47474,19847,2024,5,4,122.47474,-9.28787,"original",0,NA,NA,3302.22216796875
"Rhincodon typus",-9.03182,122.46952,19848,2024,5,5,122.46952,-9.03182,"original",0,NA,NA,3020.9765625
"Rhincodon typus",-9.3638,122.94387,19846,2024,5,3,122.94387,-9.3638,"original",0,NA,NA,3130.92065429688
"Rhincodon typus",-9.74477,121.62203,19855,2024,5,12,121.62203,-9.74477,"original",0,NA,NA,2172.72875976562
"Rhincodon typus",-9.68612,121.91948,19854,2024,5,11,121.91948,-9.68612,"original",0,NA,NA,2963.43823242188
"Rhincodon typus",-9.75973,121.63836,19855,2024,5,12,121.63836,-9.75973,"original",0,NA,NA,2172.72875976562
"Rhincodon typus",-9.36279,121.72698,19859,2024,5,16,121.72698,-9.36279,"original",0,NA,NA,2946.95263671875
"Rhincodon typus",-9.31353,122.63677,19852,2024,5,9,122.63677,-9.31353,"original",0,NA,NA,3302.22216796875
"Rhincodon typus",-8.98999,122.49859,19849,2024,5,6,122.49859,-8.98999,"original",0,NA,NA,3020.9765625
"Rhincodon typus",-9.93887,121.16378,19857,2024,5,14,121.16378,-9.93887,"original",0,NA,NA,1398.70336914062
"Rhincodon typus",-9.5834,122.27455,19853,2024,5,10,122.27455,-9.5834,"original",0,NA,NA,3247.25341796875
"Rhincodon typus",-9.76407,121.63772,19855,2024,5,12,121.63772,-9.76407,"original",0,NA,NA,2172.72875976562
"Rhincodon typus",-9.01244,122.71393,19850,2024,5,7,122.71393,-9.01244,"original",0,NA,NA,3198.0244140625
"Rhincodon typus",-9.28783,122.49084,19847,2024,5,4,122.49084,-9.28783,"original",0,NA,NA,3302.22216796875
"Rhincodon typus",-9.63941,111.34244,19851,2024,5,8,111.34244,-9.63941,"original",0,NA,NA,2896.12646484375
"Rhincodon typus",-9.32843,123.22396,19845,2024,5,2,123.22396,-9.32843,"original",0,NA,NA,3265.29541015625
"Rhincodon typus",-10.56281,112.35738,19847,2024,5,4,112.35738,-10.56281,"original",0,NA,NA,3955.76684570312
"Rhincodon typus",-9.59323,122.31778,19853,2024,5,10,122.31778,-9.59323,"original",0,NA,NA,3121.41723632812
"Rhincodon typus",-22.15051,113.7351,19887,2024,6,13,113.7351,-22.15051,"original",0,NA,NA,199.812454223633
"Rhincodon typus",-21.88663,113.86306,19887,2024,6,13,113.86306,-21.88663,"original",0,NA,NA,402.422149658203
"Rhincodon typus",-21.91677,113.8184,19887,2024,6,13,113.8184,-21.91677,"original",0,NA,NA,402.422149658203
"Rhincodon typus",-21.98794,113.87311,19887,2024,6,13,113.87311,-21.98794,"original",0,NA,NA,402.422149658203
"Rhincodon typus",-21.6786703601108,114.058171745152,19887,2024,6,13,113.98599,-21.8168,"corrected",17.0199625762557,114.058171745152,-21.6786703601108,165.018997192383
"Rhincodon typus",-21.99986,113.93314,19887,2024,6,13,113.93314,-21.99986,"original",0,NA,NA,402.422149658203
"Rhincodon typus",-22.03581,113.42767,19887,2024,6,13,113.42767,-22.03581,"original",0,NA,NA,1497.01452636719
"Rhincodon typus",-21.8716,113.7852,19887,2024,6,13,113.7852,-21.8716,"original",0,NA,NA,402.422149658203
"Rhincodon typus",-8.96398891966755,118.047091412742,19896,2024,6,22,118.08521,-8.77294,"corrected",21.5421341601865,118.047091412742,-8.96398891966755,708.47802734375
"Rhincodon typus",-22.29685,113.60423,19899,2024,6,25,113.60423,-22.29685,"original",0,NA,NA,771.343627929688
"Rhincodon typus",9.53498,123.86754,19901,2024,6,27,123.86754,9.53498,"original",0,NA,NA,632.445129394531
"Rhincodon typus",-8.21606648199442,117.049861495845,19897,2024,6,23,116.99029,-8.37252,"corrected",18.5060292203937,117.049861495845,-8.21606648199442,689.623168945312
"Rhincodon typus",-21.87686,113.61531,19886,2024,6,12,113.61531,-21.87686,"original",0,NA,NA,1179.9716796875
"Rhincodon typus",-21.81213,113.82143,19894,2024,6,20,113.82143,-21.81213,"original",0,NA,NA,402.422149658203
"Rhincodon typus",9.46273,123.48118,19883,2024,6,9,123.48118,9.46273,"original",0,NA,NA,566.537414550781
"Rhincodon typus",-23.174515235457,113.559556786704,19882,2024,6,8,113.78548,-23.15798,"corrected",23.2061198333603,113.559556786704,-23.174515235457,77.0263366699219
"Rhincodon typus",-6.26501,129.42708,19893,2024,6,19,129.42708,-6.26501,"original",0,NA,NA,3477.63745117188
"Rhincodon typus",-6.46535,130.5576,19896,2024,6,22,130.5576,-6.46535,"original",0,NA,NA,6217.1162109375
"Rhincodon typus",-4.25589,130.59413,19889,2024,6,15,130.59413,-4.25589,"original",0,NA,NA,4616.08251953125
"Rhincodon typus",-22.10622,113.83591,19918,2024,7,14,113.83591,-22.10622,"original",0,NA,NA,199.812454223633
"Rhincodon typus",-21.9279778393352,113.808864265928,19918,2024,7,14,113.93914,-22.00074,"corrected",15.6836145393363,113.808864265928,-21.9279778393352,402.422149658203
"Rhincodon typus",-21.9428,113.89549,19913,2024,7,9,113.89549,-21.9428,"original",0,NA,NA,402.422149658203
"Rhincodon typus",9.41009,123.26149,19923,2024,7,19,123.26149,9.41009,"original",0,NA,NA,238.074722290039
"Rhincodon typus",9.58608,123.37708,19922,2024,7,18,123.37708,9.58608,"original",0,NA,NA,238.074722290039
"Rhincodon typus",9.51609,123.37768,19922,2024,7,18,123.37768,9.51609,"original",0,NA,NA,238.074722290039
"Rhincodon typus",-21.82826,113.87725,19932,2024,7,28,113.87725,-21.82826,"original",0,NA,NA,402.422149658203
"Rhincodon typus",9.46507,123.3843,19929,2024,7,25,123.3843,9.46507,"original",0,NA,NA,238.074722290039
"Rhincodon typus",9.50642,123.21995,19929,2024,7,25,123.21995,9.50642,"original",0,NA,NA,238.074722290039
"Rhincodon typus",9.52525,123.32389,19929,2024,7,25,123.32389,9.52525,"original",0,NA,NA,238.074722290039
"Rhincodon typus",9.4075,123.29376,19929,2024,7,25,123.29376,9.4075,"original",0,NA,NA,238.074722290039
"Rhincodon typus",9.49579,123.24478,19929,2024,7,25,123.24478,9.49579,"original",0,NA,NA,238.074722290039
"Rhincodon typus",9.49558,123.38125,19929,2024,7,25,123.38125,9.49558,"original",0,NA,NA,238.074722290039
"Rhincodon typus",9.58484,123.39479,19929,2024,7,25,123.39479,9.58484,"original",0,NA,NA,238.074722290039
"Rhincodon typus",9.48557,123.56203,19925,2024,7,21,123.56203,9.48557,"original",0,NA,NA,566.537414550781
"Rhincodon typus",9.49634,123.31916,19922,2024,7,18,123.31916,9.49634,"original",0,NA,NA,238.074722290039
"Rhincodon typus",-6.44631,125.50067,19911,2024,7,7,125.50067,-6.44631,"original",0,NA,NA,3612.40600585938
"Rhincodon typus",-6.37751,124.25762,19914,2024,7,10,124.25762,-6.37751,"original",0,NA,NA,3512.47387695312
"Rhincodon typus",-6.36941,124.18731,19914,2024,7,10,124.18731,-6.36941,"original",0,NA,NA,3512.47387695312
"Rhincodon typus",-6.36938,124.20664,19914,2024,7,10,124.20664,-6.36938,"original",0,NA,NA,3512.47387695312
"Rhincodon typus",-6.43382,125.55597,19911,2024,7,7,125.55597,-6.43382,"original",0,NA,NA,3612.40600585938
"Rhincodon typus",-7.87571,123.71462,19928,2024,7,24,123.71462,-7.87571,"original",0,NA,NA,2305.923828125
"Rhincodon typus",-8.0331,123.9553,19928,2024,7,24,123.9553,-8.0331,"original",0,NA,NA,2723.9150390625
"Rhincodon typus",-6.31357,122.49235,19923,2024,7,19,122.49235,-6.31357,"original",0,NA,NA,1370.33911132812
"Rhincodon typus",-6.37551,124.19597,19914,2024,7,10,124.19597,-6.37551,"original",0,NA,NA,3512.47387695312
"Rhincodon typus",9.58303,123.9644,19950,2024,8,15,123.9644,9.58303,"original",0,NA,NA,1076.81909179688
"Rhincodon typus",9.4807,123.45682,19948,2024,8,13,123.45682,9.4807,"original",0,NA,NA,566.537414550781
"Rhincodon typus",12.65288,121.61562,19959,2024,8,24,121.61562,12.65288,"original",0,NA,NA,331.782012939453
"Rhincodon typus",-21.67961,114.36068,19959,2024,8,24,114.36068,-21.67961,"original",0,NA,NA,47.9186668395996
"Rhincodon typus",10.18745,99.79192,19960,2024,8,25,99.79192,10.18745,"original",0,NA,NA,45.5035438537598
"Rhincodon typus",9.41859,123.31285,19937,2024,8,2,123.31285,9.41859,"original",0,NA,NA,238.074722290039
"Rhincodon typus",-8.21606648199442,118.296398891967,19937,2024,8,2,118.13152,-8.50694,"corrected",36.9419328181743,118.296398891967,-8.21606648199442,658.351989746094
"Rhincodon typus",1.75623268698066,118.296398891967,19956,2024,8,21,118.14377,1.74974,"corrected",16.9978403359051,118.296398891967,1.75623268698066,38.2720336914062
"Rhincodon typus",9.56363,123.54616,19963,2024,8,28,123.54616,9.56363,"original",0,NA,NA,566.537414550781
"Rhincodon typus",-21.6786703601108,114.058171745152,19989,2024,9,23,114.091,-21.85263,"corrected",19.559031655177,114.058171745152,-21.6786703601108,165.018997192383
"Rhincodon typus",-8.21606648199442,118.296398891967,19978,2024,9,12,118.14315,-8.46691,"corrected",32.4746330931261,118.296398891967,-8.21606648199442,658.351989746094
"Rhincodon typus",-8.21606648199442,118.296398891967,19993,2024,9,27,118.07244,-8.47025,"corrected",37.4011063340934,118.296398891967,-8.21606648199442,658.351989746094
"Rhincodon typus",-7.96675900277005,117.797783933518,19980,2024,9,14,117.73139,-8.37782,"corrected",46.0469591483452,117.797783933518,-7.96675900277005,1474.13073730469
"Rhincodon typus",-21.9279778393352,113.808864265928,20016,2024,10,20,113.94779,-21.91065,"corrected",14.4815397970055,113.808864265928,-21.9279778393352,402.422149658203
"Rhincodon typus",4.4042,118.87192,20016,2024,10,20,118.87192,4.4042,"original",0,NA,NA,72.2306442260742
"Rhincodon typus",-3.22991689750688,135,20004,2024,10,8,134.89944,-3.39762,"corrected",21.6514684543623,135,-3.22991689750688,71.0225524902344
"Rhincodon typus",-8.21606648199442,118.296398891967,20021,2024,10,25,118.15114,-8.57023,"corrected",42.3108511394986,118.296398891967,-8.21606648199442,658.351989746094
"Rhincodon typus",-22.14729,113.8072,20006,2024,10,10,113.8072,-22.14729,"original",0,NA,NA,199.812454223633
"Rhincodon typus",-3.22991689750688,135,20026,2024,10,30,134.99321,-3.36002,"corrected",14.4063110630631,135,-3.22991689750688,71.0225524902344
"Rhincodon typus",-11.75825,143.94473,20021,2024,10,25,143.94473,-11.75825,"original",0,NA,NA,149.899627685547
"Rhincodon typus",-8.51564,125.99135,20015,2024,10,19,125.99135,-8.51564,"original",0,NA,NA,1971.06726074219
"Rhincodon typus",-8.96398891966755,115.554016620499,20018,2024,10,22,115.51403,-8.79762,"corrected",18.9188847798922,115.554016620499,-8.96398891966755,879.576843261719
"Rhincodon typus",-3.74696,133.69691,20046,2024,11,19,133.69691,-3.74696,"original",0,NA,NA,21.2782878875732
"Rhincodon typus",1.75623268698066,118.296398891967,20043,2024,11,16,118.07619,1.65458,"corrected",26.9579047089814,118.296398891967,1.75623268698066,38.2720336914062
"Rhincodon typus",9.9833795013851,124.030470914127,20040,2024,11,13,124.24561,9.96511,"corrected",23.6759601668932,124.030470914127,9.9833795013851,55.2681083679199
"Rhincodon typus",-7.96675900277005,117.797783933518,20040,2024,11,13,117.69934,-8.32487,"corrected",41.0648436132804,117.797783933518,-7.96675900277005,1474.13073730469
"Rhincodon typus",-8.21606648199442,127.02216066482,20059,2024,12,2,127.01726,-8.3937,"corrected",19.653229456826,127.02216066482,-8.21606648199442,2129.84375
"Rhincodon typus",-5.66058,120.55782,20059,2024,12,2,120.55782,-5.66058,"original",0,NA,NA,1183.4140625
"Rhincodon typus",-5.68002,120.5791,20059,2024,12,2,120.5791,-5.68002,"original",0,NA,NA,1183.4140625
"Rhincodon typus",9.52378,123.31115,20066,2024,12,9,123.31115,9.52378,"original",0,NA,NA,238.074722290039
"Rhincodon typus",9.42916,123.67077,20085,2024,12,28,123.67077,9.42916,"original",0,NA,NA,632.445129394531
"Rhincodon typus",-8.21606648199442,118.296398891967,19364,2023,1,7,117.90921,-8.43671,"corrected",49.1379430706521,118.296398891967,-8.21606648199442,658.351989746094
"Rhincodon typus",-8.96398891966755,117.797783933518,19364,2023,1,7,117.85111,-8.48024,"corrected",53.823375274341,117.797783933518,-8.96398891966755,647.885192871094
"Rhincodon typus",-7.70969,113.25944,19390,2023,2,2,113.25944,-7.70969,"original",0,NA,NA,32.5694122314453
"Rhincodon typus",9.40546,124.16667,19415,2023,2,27,124.16667,9.40546,"original",0,NA,NA,1465.72448730469
"Rhincodon typus",9.56408,124.07848,19415,2023,2,27,124.07848,9.56408,"original",0,NA,NA,1076.81909179688
"Rhincodon typus",-30.43162,153.0764,19429,2023,3,13,153.0764,-30.43162,"original",0,NA,NA,74.6226959228516
"Rhincodon typus",-21.92218,114.253,19443,2023,3,27,114.253,-21.92218,"original",0,NA,NA,14.8947296142578
"Rhincodon typus",9.56115,123.44238,19426,2023,3,10,123.44238,9.56115,"original",0,NA,NA,566.537414550781
"Rhincodon typus",9.73407202216072,123.531855955679,19453,2023,4,6,123.44349,9.87738,"corrected",18.5801743701998,123.531855955679,9.73407202216072,314.630249023438
"Rhincodon typus",-22.1772853185595,113.808864265928,19468,2023,4,21,113.71494,-22.32727,"corrected",19.2242120020371,113.808864265928,-22.1772853185595,199.812454223633
"Rhincodon typus",-9.9186,144.04939,19476,2023,4,29,144.04939,-9.9186,"original",0,NA,NA,50.4224967956543
"Rhincodon typus",-21.82411,113.86202,19465,2023,4,18,113.86202,-21.82411,"original",0,NA,NA,402.422149658203
"Rhincodon typus",-22.31105,166.0742,19450,2023,4,3,166.0742,-22.31105,"original",0,NA,NA,1546.33227539062
"Rhincodon typus",0.260387811634395,123.03324099723,19457,2023,4,10,123.05976,0.51197,"corrected",27.9747220012468,123.03324099723,0.260387811634395,1548.4375
"Rhincodon typus",-21.92403,113.80457,19463,2023,4,16,113.80457,-21.92403,"original",0,NA,NA,402.422149658203
"Rhincodon typus",-22.60849,113.29715,19464,2023,4,17,113.29715,-22.60849,"original",0,NA,NA,732.497863769531
"Rhincodon typus",-8.21606648199442,118.296398891967,19495,2023,5,18,118.08471,-8.51596,"corrected",40.5428307204218,118.296398891967,-8.21606648199442,658.351989746094
"Rhincodon typus",-21.99533,113.87951,19513,2023,6,5,113.87951,-21.99533,"original",0,NA,NA,402.422149658203
"Rhincodon typus",-21.96876,114.22181,19513,2023,6,5,114.22181,-21.96876,"original",0,NA,NA,14.8947296142578
"Rhincodon typus",-21.85608,113.66414,19518,2023,6,10,113.66414,-21.85608,"original",0,NA,NA,1179.9716796875
"Rhincodon typus",-21.80031,113.94817,19522,2023,6,14,113.94817,-21.80031,"original",0,NA,NA,165.018997192383
"Rhincodon typus",4.50487,118.99053,19523,2023,6,15,118.99053,4.50487,"original",0,NA,NA,240.519180297852
"Rhincodon typus",23.28429,119.76823,19537,2023,6,29,119.76823,23.28429,"original",0,NA,NA,106.873718261719
"Rhincodon typus",8.84929,120.0518,19520,2023,6,12,120.0518,8.84929,"original",0,NA,NA,2394.19165039062
"Rhincodon typus",12.71438,123.631,19524,2023,6,16,123.631,12.71438,"original",0,NA,NA,427.616180419922
"Rhincodon typus",-8.21606648199442,118.296398891967,19534,2023,6,26,118.16577,-8.52041,"corrected",36.605785609104,118.296398891967,-8.21606648199442,658.351989746094
"Rhincodon typus",-22.27103,166.05517,19533,2023,6,25,166.05517,-22.27103,"original",0,NA,NA,361.950042724609
"Rhincodon typus",-21.6786703601108,114.058171745152,19517,2023,6,9,114.06796,-21.84444,"corrected",18.3830873604829,114.058171745152,-21.6786703601108,165.018997192383
"Rhincodon typus",-21.9279778393352,113.808864265928,19509,2023,6,1,113.95116,-21.97978,"corrected",15.7780941482712,113.808864265928,-21.9279778393352,402.422149658203
"Rhincodon typus",-7.96675900277005,117.548476454294,19537,2023,6,29,117.59455,-8.13312,"corrected",19.0869424618831,117.548476454294,-7.96675900277005,1225.65161132812
"Rhincodon typus",-21.66207,114.113,19549,2023,7,11,114.113,-21.66207,"original",0,NA,NA,165.018997192383
"Rhincodon typus",4.44359,118.92274,19552,2023,7,14,118.92274,4.44359,"original",0,NA,NA,240.519180297852
"Rhincodon typus",9.54255,123.24641,19566,2023,7,28,123.24641,9.54255,"original",0,NA,NA,238.074722290039
"Rhincodon typus",9.5566,123.2996,19566,2023,7,28,123.2996,9.5566,"original",0,NA,NA,238.074722290039
"Rhincodon typus",-21.9279778393352,113.808864265928,19563,2023,7,25,113.96165,-21.92211,"corrected",15.798626643125,113.808864265928,-21.9279778393352,402.422149658203
"Rhincodon typus",9.54468,123.26613,19553,2023,7,15,123.26613,9.54468,"original",0,NA,NA,238.074722290039
"Rhincodon typus",9.52228,123.53669,19544,2023,7,6,123.53669,9.52228,"original",0,NA,NA,566.537414550781
"Rhincodon typus",-8.21606648199442,118.296398891967,19554,2023,7,16,118.01857,-8.51584,"corrected",45.1177972959005,118.296398891967,-8.21606648199442,658.351989746094
"Rhincodon typus",10.04004,99.81981,19599,2023,8,30,99.81981,10.04004,"original",0,NA,NA,33.9330711364746
"Rhincodon typus",-8.21606648199442,118.296398891967,19579,2023,8,10,118.11074,-8.51562,"corrected",38.9326848972405,118.296398891967,-8.21606648199442,658.351989746094
"Rhincodon typus",1.71231,118.41262,19596,2023,8,27,118.41262,1.71231,"original",0,NA,NA,38.2720336914062
"Rhincodon typus",1.89136,118.41106,19596,2023,8,27,118.41106,1.89136,"original",0,NA,NA,49.7937698364258
"Rhincodon typus",1.94471,118.56472,19596,2023,8,27,118.56472,1.94471,"original",0,NA,NA,157.977966308594
"Rhincodon typus",1.79098,118.59388,19596,2023,8,27,118.59388,1.79098,"original",0,NA,NA,150.326370239258
"Rhincodon typus",1.80888,118.41353,19596,2023,8,27,118.41353,1.80888,"original",0,NA,NA,38.2720336914062
"Rhincodon typus",1.6215,118.54401,19596,2023,8,27,118.54401,1.6215,"original",0,NA,NA,45.6463890075684
"Rhincodon typus",-20.95684,113.57492,19599,2023,8,30,113.57492,-20.95684,"original",0,NA,NA,1162.60510253906
"Rhincodon typus",9.57767,123.49196,19578,2023,8,9,123.49196,9.57767,"original",0,NA,NA,566.537414550781
"Rhincodon typus",9.44878,123.36629,19621,2023,9,21,123.36629,9.44878,"original",0,NA,NA,238.074722290039
"Rhincodon typus",9.52253,123.5805,19604,2023,9,4,123.5805,9.52253,"original",0,NA,NA,566.537414550781
"Rhincodon typus",-8.96398891966755,117.797783933518,19603,2023,9,3,117.65484,-8.61268,"corrected",41.9169602539517,117.797783933518,-8.96398891966755,647.885192871094
"Rhincodon typus",9.53638,123.57866,19641,2023,10,11,123.57866,9.53638,"original",0,NA,NA,566.537414550781
"Rhincodon typus",-2.5621,135.30172,19648,2023,10,18,135.30172,-2.5621,"original",0,NA,NA,300.727630615234
"Rhincodon typus",-3.07029,135.09844,19644,2023,10,14,135.09844,-3.07029,"original",0,NA,NA,181.220321655273
"Rhincodon typus",9.51954,123.25274,19672,2023,11,11,123.25274,9.51954,"original",0,NA,NA,238.074722290039
"Rhincodon typus",0.260387811634395,123.03324099723,19668,2023,11,7,123.10896,0.46157,"corrected",23.7888878170288,123.03324099723,0.260387811634395,1548.4375
"Rhincodon typus",16.06525,94.28252,19679,2023,11,18,94.28252,16.06525,"original",0,NA,NA,15.2867765426636
"Rhincodon typus",-12.33143,143.97761,19691,2023,11,30,143.97761,-12.33143,"original",0,NA,NA,1571.47058105469
"Rhincodon typus",9.53065,123.55981,19686,2023,11,25,123.55981,9.53065,"original",0,NA,NA,566.537414550781
"Rhincodon typus",9.46275,123.38106,19674,2023,11,13,123.38106,9.46275,"original",0,NA,NA,238.074722290039
"Rhincodon typus",-10.4598337950138,105.831024930748,19670,2023,11,9,105.63262,-10.45768,"corrected",21.7230917494446,105.831024930748,-10.4598337950138,3598.546875
"Rhincodon typus",-10.7091412742382,105.581717451524,19690,2023,11,29,105.58296,-10.51428,"corrected",21.5544127121137,105.581717451524,-10.7091412742382,3114.38818359375
"Rhincodon typus",-10.7091412742382,105.581717451524,19681,2023,11,20,105.62474,-10.54809,"corrected",18.4257382870546,105.581717451524,-10.7091412742382,3114.38818359375
"Rhincodon typus",-10.7091412742382,105.581717451524,19690,2023,11,29,105.57948,-10.50748,"corrected",22.3074839625498,105.581717451524,-10.7091412742382,3114.38818359375
"Rhincodon typus",-11.6975,103.9174,19686,2023,11,25,103.9174,-11.6975,"original",0,NA,NA,4916.259765625
"Rhincodon typus",-10.4598337950138,105.831024930748,19676,2023,11,15,105.66295,-10.42548,"corrected",18.7903707784204,105.831024930748,-10.4598337950138,3598.546875
"Rhincodon typus",-10.4598337950138,105.332409972299,19678,2023,11,17,105.574,-10.4605,"corrected",26.4497628693801,105.332409972299,-10.4598337950138,4122.56201171875
"Rhincodon typus",-10.7091412742382,105.581717451524,19690,2023,11,29,105.6109,-10.5011,"corrected",23.2323682030923,105.581717451524,-10.7091412742382,3114.38818359375
"Rhincodon typus",-10.7091412742382,105.581717451524,19682,2023,11,21,105.5839,-10.5112,"corrected",21.8959690830529,105.581717451524,-10.7091412742382,3114.38818359375
"Rhincodon typus",-10.7091412742382,105.581717451524,19684,2023,11,23,105.6069,-10.521,"corrected",20.9923278001647,105.581717451524,-10.7091412742382,3114.38818359375
"Rhincodon typus",-10.4598337950138,105.831024930748,19687,2023,11,26,105.63391,-10.51172,"corrected",22.3288574910323,105.831024930748,-10.4598337950138,3598.546875
"Rhincodon typus",-11.4471,104.196,19684,2023,11,23,104.196,-11.4471,"original",0,NA,NA,3672.72143554688
"Rhincodon typus",-10.7091412742382,105.581717451524,19681,2023,11,20,105.6299,-10.5192,"corrected",21.6612498688587,105.581717451524,-10.7091412742382,3114.38818359375
"Rhincodon typus",-10.7091412742382,105.581717451524,19690,2023,11,29,105.589,-10.5006,"corrected",23.0809074876801,105.581717451524,-10.7091412742382,3114.38818359375
"Rhincodon typus",-10.7091412742382,105.581717451524,19679,2023,11,18,105.65072,-10.54319,"corrected",19.8484222935924,105.581717451524,-10.7091412742382,3114.38818359375
"Rhincodon typus",-10.7091412742382,105.581717451524,19690,2023,11,29,105.6073,-10.5086,"corrected",22.3582092573173,105.581717451524,-10.7091412742382,3114.38818359375
"Rhincodon typus",-11.9754,103.8535,19687,2023,11,26,103.8535,-11.9754,"original",0,NA,NA,5108.06787109375
"Rhincodon typus",-10.4598337950138,105.831024930748,19672,2023,11,11,105.6133,-10.4616,"corrected",23.837630166498,105.831024930748,-10.4598337950138,3598.546875
"Rhincodon typus",-10.7091412742382,105.581717451524,19689,2023,11,28,105.6211,-10.5146,"corrected",21.9458853853448,105.581717451524,-10.7091412742382,3114.38818359375
"Rhincodon typus",-10.4598337950138,105.831024930748,19680,2023,11,19,105.6336,-10.4352,"corrected",21.7863313657184,105.831024930748,-10.4598337950138,3598.546875
"Rhincodon typus",-10.4598337950138,105.332409972299,19675,2023,11,14,105.52502,-10.48502,"corrected",21.2696578516168,105.332409972299,-10.4598337950138,4122.56201171875
"Rhincodon typus",-10.4598337950138,105.831024930748,19683,2023,11,22,105.6145,-10.4657,"corrected",23.7141751170695,105.831024930748,-10.4598337950138,3598.546875
"Rhincodon typus",-10.7091412742382,105.581717451524,19679,2023,11,18,105.6126,-10.5167,"corrected",21.5528914621196,105.581717451524,-10.7091412742382,3114.38818359375
"Rhincodon typus",-10.4598337950138,105.831024930748,19676,2023,11,15,105.6433,-10.4557,"corrected",20.5576674904424,105.831024930748,-10.4598337950138,3598.546875
"Rhincodon typus",-10.4598337950138,105.831024930748,19672,2023,11,11,105.62,-10.4354,"corrected",23.2618072462351,105.831024930748,-10.4598337950138,3598.546875
"Rhincodon typus",-10.4598337950138,105.831024930748,19674,2023,11,13,105.63018,-10.45898,"corrected",21.9890787072615,105.831024930748,-10.4598337950138,3598.546875
"Rhincodon typus",-10.7091412742382,105.581717451524,19691,2023,11,30,105.5726,-10.4996,"corrected",23.1992209635534,105.581717451524,-10.7091412742382,3114.38818359375
"Rhincodon typus",-10.7091412742382,105.581717451524,19681,2023,11,20,105.6223,-10.5473,"corrected",18.4441414176464,105.581717451524,-10.7091412742382,3114.38818359375
"Rhincodon typus",-10.7091412742382,105.581717451524,19683,2023,11,22,105.6154,-10.5233,"corrected",20.8840866054383,105.581717451524,-10.7091412742382,3114.38818359375
"Rhincodon typus",-10.4598337950138,105.831024930748,19685,2023,11,24,105.6282,-10.4582,"corrected",22.2064130395975,105.831024930748,-10.4598337950138,3598.546875
"Rhincodon typus",-10.7091412742382,105.581717451524,19691,2023,11,30,105.5742,-10.5051,"corrected",22.584382005153,105.581717451524,-10.7091412742382,3114.38818359375
"Rhincodon typus",-10.4598337950138,105.831024930748,19682,2023,11,21,105.59558,-10.462,"corrected",25.7779369664232,105.831024930748,-10.4598337950138,3598.546875
"Rhincodon typus",-10.7091412742382,105.581717451524,19681,2023,11,20,105.6175,-10.5348,"corrected",19.6777260161546,105.581717451524,-10.7091412742382,3114.38818359375
"Rhincodon typus",-10.7091412742382,105.581717451524,19689,2023,11,28,105.60997,-10.51655,"corrected",21.5260641874293,105.581717451524,-10.7091412742382,3114.38818359375
"Rhincodon typus",-10.7091412742382,105.581717451524,19690,2023,11,29,105.61113,-10.51334,"corrected",21.8958056961996,105.581717451524,-10.7091412742382,3114.38818359375
"Rhincodon typus",-10.7091412742382,105.581717451524,19691,2023,11,30,105.57257,-10.50047,"corrected",23.1032206087498,105.581717451524,-10.7091412742382,3114.38818359375
"Rhincodon typus",-10.4598337950138,105.831024930748,19674,2023,11,13,105.6045,-10.4656,"corrected",24.8083071691965,105.831024930748,-10.4598337950138,3598.546875
"Rhincodon typus",-10.4598337950138,105.332409972299,19675,2023,11,14,105.5485,-10.4874,"corrected",23.8525511991011,105.332409972299,-10.4598337950138,4122.56201171875
"Rhincodon typus",-10.7091412742382,105.581717451524,19691,2023,11,30,105.5769,-10.504,"corrected",22.6971902063308,105.581717451524,-10.7091412742382,3114.38818359375
"Rhincodon typus",-10.7091412742382,105.581717451524,19683,2023,11,22,105.6142,-10.5123,"corrected",22.0612292414038,105.581717451524,-10.7091412742382,3114.38818359375
"Rhincodon typus",-10.4598337950138,105.831024930748,19689,2023,11,28,105.6185,-10.4452,"corrected",23.3243701420912,105.831024930748,-10.4598337950138,3598.546875
"Rhincodon typus",-10.7091412742382,105.581717451524,19689,2023,11,28,105.6188,-10.5169,"corrected",21.6479011345993,105.581717451524,-10.7091412742382,3114.38818359375
"Rhincodon typus",-10.7091412742382,105.581717451524,19690,2023,11,29,105.5708,-10.519,"corrected",21.0658013610011,105.581717451524,-10.7091412742382,3114.38818359375
"Rhincodon typus",-10.7091412742382,105.581717451524,19682,2023,11,21,105.6039,-10.5092,"corrected",22.2487050594884,105.581717451524,-10.7091412742382,3114.38818359375
"Rhincodon typus",-10.7091412742382,105.581717451524,19689,2023,11,28,105.66609,-10.55615,"corrected",19.2771584179842,105.581717451524,-10.7091412742382,3114.38818359375
"Rhincodon typus",-10.4598337950138,105.332409972299,19691,2023,11,30,105.56027,-10.47935,"corrected",25.0389536850189,105.332409972299,-10.4598337950138,4122.56201171875
"Rhincodon typus",-11.5088,104.1008,19685,2023,11,24,104.1008,-11.5088,"original",0,NA,NA,3672.72143554688
"Rhincodon typus",-10.7091412742382,105.581717451524,19709,2023,12,18,105.57554,-10.52204,"corrected",20.7066769909783,105.581717451524,-10.7091412742382,3114.38818359375
"Rhincodon typus",-10.7091412742382,105.581717451524,19720,2023,12,29,105.57954,-10.51038,"corrected",21.9866588742142,105.581717451524,-10.7091412742382,3114.38818359375
"Rhincodon typus",-12.83526,101.82012,19710,2023,12,19,101.82012,-12.83526,"original",0,NA,NA,3814.35229492188
"Rhincodon typus",-10.7091412742382,105.581717451524,19704,2023,12,13,105.5599,-10.5026,"corrected",22.970334826226,105.581717451524,-10.7091412742382,3114.38818359375
"Rhincodon typus",-10.7091412742382,105.581717451524,19699,2023,12,8,105.6047,-10.5188,"corrected",21.203693116926,105.581717451524,-10.7091412742382,3114.38818359375
"Rhincodon typus",-12.75987,101.39513,19706,2023,12,15,101.39513,-12.75987,"original",0,NA,NA,4779.4775390625
"Rhincodon typus",-10.7091412742382,105.581717451524,19692,2023,12,1,105.542,-10.5057,"corrected",22.9189066412052,105.581717451524,-10.7091412742382,3114.38818359375
"Rhincodon typus",-10.7091412742382,105.581717451524,19712,2023,12,21,105.61376,-10.51557,"corrected",21.6964980754955,105.581717451524,-10.7091412742382,3114.38818359375
"Rhincodon typus",-12.61558,102.32739,19702,2023,12,11,102.32739,-12.61558,"original",0,NA,NA,3147.578125
"Rhincodon typus",-12.5903,102.3306,19701,2023,12,10,102.3306,-12.5903,"original",0,NA,NA,3147.578125
"Rhincodon typus",-10.7091412742382,105.581717451524,19697,2023,12,6,105.6355,-10.5178,"corrected",21.9676634477809,105.581717451524,-10.7091412742382,3114.38818359375
"Rhincodon typus",-10.7091412742382,105.581717451524,19701,2023,12,10,105.5611,-10.5057,"corrected",22.615846871117,105.581717451524,-10.7091412742382,3114.38818359375
"Rhincodon typus",-10.7091412742382,105.581717451524,19706,2023,12,15,105.62475,-10.51766,"corrected",21.6972698500608,105.581717451524,-10.7091412742382,3114.38818359375
"Rhincodon typus",-10.4598337950138,105.831024930748,19697,2023,12,6,105.6017,-10.4585,"corrected",25.1073718003005,105.831024930748,-10.4598337950138,3598.546875
"Rhincodon typus",-10.4598337950138,105.332409972299,19704,2023,12,13,105.52624,-10.47417,"corrected",21.2795217721178,105.332409972299,-10.4598337950138,4122.56201171875
"Rhincodon typus",-10.7091412742382,105.581717451524,19721,2023,12,30,105.56409,-10.50321,"corrected",22.8599807576543,105.581717451524,-10.7091412742382,3114.38818359375
"Rhincodon typus",-10.7091412742382,105.581717451524,19699,2023,12,8,105.5955,-10.5108,"corrected",21.9906912090224,105.581717451524,-10.7091412742382,3114.38818359375
"Rhincodon typus",-12.0584,102.5505,19700,2023,12,9,102.5505,-12.0584,"original",0,NA,NA,4532.859375
"Rhincodon typus",-10.4598337950138,105.831024930748,19703,2023,12,12,105.6478,-10.44816,"corrected",20.1016680248786,105.831024930748,-10.4598337950138,3598.546875
"Rhincodon typus",-12.96985,101.51882,19715,2023,12,24,101.51882,-12.96985,"original",0,NA,NA,4472.38623046875
"Rhincodon typus",-12.62655,101.75187,19707,2023,12,16,101.75187,-12.62655,"original",0,NA,NA,3790.6875
"Rhincodon typus",-10.7091412742382,105.581717451524,19716,2023,12,25,105.62874,-10.54353,"corrected",19.0274985103611,105.581717451524,-10.7091412742382,3114.38818359375
"Rhincodon typus",-12.04743,102.62209,19699,2023,12,8,102.62209,-12.04743,"original",0,NA,NA,4532.859375
"Rhincodon typus",-10.4598337950138,105.831024930748,19707,2023,12,16,105.6041,-10.4446,"corrected",24.9018095050411,105.831024930748,-10.4598337950138,3598.546875
"Rhincodon typus",-12.76848,101.8827,19705,2023,12,14,101.8827,-12.76848,"original",0,NA,NA,3790.6875
"Rhincodon typus",-10.7091412742382,105.581717451524,19693,2023,12,2,105.61222,-10.51845,"corrected",21.3551972241877,105.581717451524,-10.7091412742382,3114.38818359375
"Rhincodon typus",-12.84732,101.78001,19711,2023,12,20,101.78001,-12.84732,"original",0,NA,NA,3814.35229492188
"Rhincodon typus",-10.7091412742382,105.581717451524,19695,2023,12,4,105.59601,-10.52219,"corrected",20.738107441642,105.581717451524,-10.7091412742382,3114.38818359375
"Rhincodon typus",-12.76153,102.25578,19702,2023,12,11,102.25578,-12.76153,"original",0,NA,NA,3147.578125
"Rhincodon typus",-10.7091412742382,105.581717451524,19709,2023,12,18,105.6258,-10.5416,"corrected",19.1495608492397,105.581717451524,-10.7091412742382,3114.38818359375
"Rhincodon typus",-10.4598337950138,105.831024930748,19697,2023,12,6,105.5951,-10.4523,"corrected",25.843214140456,105.831024930748,-10.4598337950138,3598.546875
"Rhincodon typus",-10.7091412742382,105.581717451524,19722,2023,12,31,105.55313,-10.52361,"corrected",20.7590330452346,105.581717451524,-10.7091412742382,3114.38818359375
"Rhincodon typus",-10.7091412742382,105.581717451524,19718,2023,12,27,105.6164,-10.52407,"corrected",20.8199260435728,105.581717451524,-10.7091412742382,3114.38818359375
"Rhincodon typus",-11.8192,102.5582,19697,2023,12,6,102.5582,-11.8192,"original",0,NA,NA,4602.5703125
"Rhincodon typus",-12.6,102.3253,19701,2023,12,10,102.3253,-12.6,"original",0,NA,NA,3147.578125
"Rhincodon typus",-10.7091412742382,105.581717451524,19692,2023,12,1,105.5782,-10.5067,"corrected",22.3957249591888,105.581717451524,-10.7091412742382,3114.38818359375
"Rhincodon typus",-12.95828,101.75637,19712,2023,12,21,101.75637,-12.95828,"original",0,NA,NA,3814.35229492188
"Rhincodon typus",-11.569,102.6797,19696,2023,12,5,102.6797,-11.569,"original",0,NA,NA,5181.4462890625
"Rhincodon typus",-10.7091412742382,105.581717451524,19720,2023,12,29,105.5788,-10.51016,"corrected",22.0120174546921,105.581717451524,-10.7091412742382,3114.38818359375
"Rhincodon typus",-10.7091412742382,105.581717451524,19718,2023,12,27,105.62619,-10.52392,"corrected",21.0577299439375,105.581717451524,-10.7091412742382,3114.38818359375
"Rhincodon typus",-10.4598337950138,105.831024930748,19706,2023,12,15,105.6594,-10.3954,"corrected",20.0978593686999,105.831024930748,-10.4598337950138,3598.546875
"Rhincodon typus",-10.4598337950138,105.831024930748,19697,2023,12,6,105.6378,-10.5161,"corrected",22.0492667160249,105.831024930748,-10.4598337950138,3598.546875
"Rhincodon typus",-10.7091412742382,105.581717451524,19706,2023,12,15,105.59142,-10.48133,"corrected",25.2209812758999,105.581717451524,-10.7091412742382,3114.38818359375
"Rhincodon typus",-12.2831,102.5033,19700,2023,12,9,102.5033,-12.2831,"original",0,NA,NA,4472.720703125
"Rhincodon typus",-10.7091412742382,105.581717451524,19722,2023,12,31,105.54732,-10.5095,"corrected",22.4012085611267,105.581717451524,-10.7091412742382,3114.38818359375
"Rhincodon typus",-10.7091412742382,105.581717451524,19713,2023,12,22,105.62525,-10.52262,"corrected",21.1742827432038,105.581717451524,-10.7091412742382,3114.38818359375
"Rhincodon typus",-10.7091412742382,105.581717451524,19699,2023,12,8,105.6009,-10.4908,"corrected",24.242192144918,105.581717451524,-10.7091412742382,3114.38818359375
"Rhincodon typus",-10.4598337950138,105.831024930748,19712,2023,12,21,105.64326,-10.505,"corrected",21.1537395891484,105.831024930748,-10.4598337950138,3598.546875
"Rhincodon typus",-12.67049,101.86286,19709,2023,12,18,101.86286,-12.67049,"original",0,NA,NA,3790.6875
"Rhincodon typus",-10.7091412742382,105.581717451524,19699,2023,12,8,105.61186,-10.51002,"corrected",22.2708049154219,105.581717451524,-10.7091412742382,3114.38818359375
"Rhincodon typus",-10.7091412742382,105.581717451524,19705,2023,12,14,105.58063,-10.51154,"corrected",21.8573826041696,105.581717451524,-10.7091412742382,3114.38818359375
"Rhincodon typus",-11.8317,102.5508,19697,2023,12,6,102.5508,-11.8317,"original",0,NA,NA,4532.859375
"Rhincodon typus",-10.4598337950138,105.831024930748,19714,2023,12,23,105.64175,-10.51891,"corrected",21.7261432967397,105.831024930748,-10.4598337950138,3598.546875
"Rhincodon typus",-10.4598337950138,105.831024930748,19703,2023,12,12,105.63593,-10.47853,"corrected",21.4585678149395,105.831024930748,-10.4598337950138,3598.546875
"Rhincodon typus",-12.85516,102.05462,19704,2023,12,13,102.05462,-12.85516,"original",0,NA,NA,2728.94189453125
"Rhincodon typus",-10.4598337950138,105.332409972299,19707,2023,12,16,105.5128,-10.4687,"corrected",19.7734625708365,105.332409972299,-10.4598337950138,4122.56201171875
"Rhincodon typus",-10.7091412742382,105.581717451524,19722,2023,12,31,105.55402,-10.5122,"corrected",21.9938933627761,105.581717451524,-10.7091412742382,3114.38818359375
"Rhincodon typus",-10.7091412742382,105.581717451524,19718,2023,12,27,105.62369,-10.51378,"corrected",22.0920083468186,105.581717451524,-10.7091412742382,3114.38818359375
"Rhincodon typus",-10.7091412742382,105.581717451524,19703,2023,12,12,105.57528,-10.47554,"corrected",25.8486606138514,105.581717451524,-10.7091412742382,3114.38818359375
"Rhincodon typus",-12.77982,101.93195,19704,2023,12,13,101.93195,-12.77982,"original",0,NA,NA,3790.6875
"Rhincodon typus",-11.8203,102.556,19697,2023,12,6,102.556,-11.8203,"original",0,NA,NA,4602.5703125
"Rhincodon typus",-10.4598337950138,105.831024930748,19697,2023,12,6,105.5935,-10.4615,"corrected",26.005218419468,105.831024930748,-10.4598337950138,3598.546875
"Rhincodon typus",-10.4598337950138,105.332409972299,19715,2023,12,24,105.55219,-10.48625,"corrected",24.2376421798682,105.332409972299,-10.4598337950138,4122.56201171875
"Rhincodon typus",-10.7091412742382,105.581717451524,19711,2023,12,20,105.62501,-10.52161,"corrected",21.2772902134802,105.581717451524,-10.7091412742382,3114.38818359375
"Rhincodon typus",-12.3009,102.5127,19700,2023,12,9,102.5127,-12.3009,"original",0,NA,NA,4472.720703125
"Rhincodon typus",-12.6859,101.86064,19709,2023,12,18,101.86064,-12.6859,"original",0,NA,NA,3790.6875
"Rhincodon typus",-10.7091412742382,105.581717451524,19696,2023,12,5,105.6104,-10.5159,"corrected",21.6040049649902,105.581717451524,-10.7091412742382,3114.38818359375
"Rhincodon typus",-11.532,102.7365,19696,2023,12,5,102.7365,-11.532,"original",0,NA,NA,5205.0625
"Rhincodon typus",-10.7091412742382,105.581717451524,19712,2023,12,21,105.63984,-10.56247,"corrected",17.4256163489701,105.581717451524,-10.7091412742382,3114.38818359375
"Rhincodon typus",-10.7091412742382,105.581717451524,19722,2023,12,31,105.5432,-10.51647,"corrected",21.7245402027037,105.581717451524,-10.7091412742382,3114.38818359375
"Rhincodon typus",-10.7091412742382,105.581717451524,19696,2023,12,5,105.5727,-10.5014,"corrected",22.9998344526804,105.581717451524,-10.7091412742382,3114.38818359375
"Rhincodon typus",-10.4598337950138,105.831024930748,19706,2023,12,15,105.6775,-10.3923,"corrected",18.3949948508489,105.831024930748,-10.4598337950138,3598.546875
"Rhincodon typus",-10.7091412742382,105.581717451524,19709,2023,12,18,105.57889,-10.51146,"corrected",21.8680965019123,105.581717451524,-10.7091412742382,3114.38818359375
"Rhincodon typus",-10.7091412742382,105.581717451524,19693,2023,12,2,105.611,-10.52,"corrected",21.1652501956298,105.581717451524,-10.7091412742382,3114.38818359375
"Rhincodon typus",-10.7091412742382,105.581717451524,19695,2023,12,4,105.5921,-10.5101,"corrected",22.0456347666941,105.581717451524,-10.7091412742382,3114.38818359375
"Rhincodon typus",-12.7845,102.2349,19702,2023,12,11,102.2349,-12.7845,"original",0,NA,NA,3147.578125
"Rhincodon typus",-10.4598337950138,105.831024930748,19697,2023,12,6,105.6049,-10.4612,"corrected",24.7569503750156,105.831024930748,-10.4598337950138,3598.546875
"Rhincodon typus",-12.83871,101.81705,19710,2023,12,19,101.81705,-12.83871,"original",0,NA,NA,3814.35229492188
"Rhincodon typus",-12.85109,101.77946,19711,2023,12,20,101.77946,-12.85109,"original",0,NA,NA,3814.35229492188
"Rhincodon typus",-10.4598337950138,105.831024930748,19697,2023,12,6,105.5955,-10.4623,"corrected",25.7870123930122,105.831024930748,-10.4598337950138,3598.546875
"Rhincodon typus",-10.7091412742382,105.581717451524,19720,2023,12,29,105.60491,-10.5107,"corrected",22.0962069893577,105.581717451524,-10.7091412742382,3114.38818359375
"Rhincodon typus",-10.4598337950138,105.831024930748,19706,2023,12,15,105.6465,-10.4264,"corrected",20.5388627311792,105.831024930748,-10.4598337950138,3598.546875
"Rhincodon typus",-10.4598337950138,105.332409972299,19698,2023,12,7,105.5812,-10.4618,"corrected",27.2387391873553,105.332409972299,-10.4598337950138,4122.56201171875
"Rhincodon typus",-10.7091412742382,105.581717451524,19696,2023,12,5,105.6047,-10.5224,"corrected",20.8083550633038,105.581717451524,-10.7091412742382,3114.38818359375
"Rhincodon typus",-10.7091412742382,105.581717451524,19696,2023,12,5,105.57197,-10.5047,"corrected",22.638782042145,105.581717451524,-10.7091412742382,3114.38818359375
"Rhincodon typus",-10.7091412742382,105.581717451524,19694,2023,12,3,105.61362,-10.52784,"corrected",20.355674529438,105.581717451524,-10.7091412742382,3114.38818359375
"Rhincodon typus",-10.4598337950138,105.831024930748,19703,2023,12,12,105.6475,-10.4514,"corrected",20.1145377985633,105.831024930748,-10.4598337950138,3598.546875
"Rhincodon typus",-12.5935,102.3249,19701,2023,12,10,102.3249,-12.5935,"original",0,NA,NA,3147.578125
"Rhincodon typus",-10.7091412742382,105.581717451524,19693,2023,12,2,105.6183,-10.5127,"corrected",22.0944315283004,105.581717451524,-10.7091412742382,3114.38818359375
"Rhincodon typus",-10.7091412742382,105.581717451524,19718,2023,12,27,105.60929,-10.51119,"corrected",22.1026809374069,105.581717451524,-10.7091412742382,3114.38818359375
"Rhincodon typus",-10.7091412742382,105.581717451524,19712,2023,12,21,105.6036,-10.50948,"corrected",22.2143562211749,105.581717451524,-10.7091412742382,3114.38818359375
"Rhincodon typus",-10.7091412742382,105.581717451524,19713,2023,12,22,105.62349,-10.51767,"corrected",21.6666829599171,105.581717451524,-10.7091412742382,3114.38818359375
"Rhincodon typus",-10.7091412742382,105.581717451524,19698,2023,12,7,105.62152,-10.52046,"corrected",21.3200370925979,105.581717451524,-10.7091412742382,3114.38818359375
"Rhincodon typus",-10.7091412742382,105.581717451524,19694,2023,12,3,105.60802,-10.50136,"corrected",23.1626119166606,105.581717451524,-10.7091412742382,3114.38818359375
"Rhincodon typus",-10.7091412742382,105.581717451524,19712,2023,12,21,105.62768,-10.54638,"corrected",18.6926479701687,105.581717451524,-10.7091412742382,3114.38818359375
"Rhincodon typus",-10.4598337950138,105.831024930748,19711,2023,12,20,105.67436,-10.47743,"corrected",17.261541614391,105.831024930748,-10.4598337950138,3598.546875
"Rhincodon typus",-10.4598337950138,105.831024930748,19706,2023,12,15,105.6586,-10.422,"corrected",19.3367831561024,105.831024930748,-10.4598337950138,3598.546875
"Rhincodon typus",-10.7091412742382,105.581717451524,19698,2023,12,7,105.6148,-10.5122,"corrected",22.0828145451064,105.581717451524,-10.7091412742382,3114.38818359375
"Rhincodon typus",-12.2992,102.5105,19700,2023,12,9,102.5105,-12.2992,"original",0,NA,NA,4472.720703125
"Rhincodon typus",-12.3228,102.5041,19700,2023,12,9,102.5041,-12.3228,"original",0,NA,NA,4472.720703125
"Rhincodon typus",-10.7091412742382,105.581717451524,19721,2023,12,30,105.61744,-10.51469,"corrected",21.8609684741069,105.581717451524,-10.7091412742382,3114.38818359375
"Rhincodon typus",-12.68381,101.85749,19709,2023,12,18,101.85749,-12.68381,"original",0,NA,NA,3790.6875
"Rhincodon typus",-12.7439,102.1396,19703,2023,12,12,102.1396,-12.7439,"original",0,NA,NA,2929.341796875
"Rhincodon typus",-12.61848,101.74956,19707,2023,12,16,101.74956,-12.61848,"original",0,NA,NA,3790.6875
"Rhincodon typus",-10.7091412742382,105.581717451524,19715,2023,12,24,105.60813,-10.51046,"corrected",22.165765548718,105.581717451524,-10.7091412742382,3114.38818359375
"Rhincodon typus",-10.7091412742382,105.581717451524,19699,2023,12,8,105.59741,-10.51517,"corrected",21.524148598554,105.581717451524,-10.7091412742382,3114.38818359375
"Rhincodon typus",-12.0852,102.5912,19699,2023,12,8,102.5912,-12.0852,"original",0,NA,NA,4472.720703125
"Rhincodon typus",-12.5987,102.3223,19701,2023,12,10,102.3223,-12.5987,"original",0,NA,NA,3147.578125
"Rhincodon typus",-10.7091412742382,105.581717451524,19710,2023,12,19,105.61462,-10.54986,"corrected",17.9825173854432,105.581717451524,-10.7091412742382,3114.38818359375
"Rhincodon typus",-10.7091412742382,105.581717451524,19720,2023,12,29,105.58641,-10.51377,"corrected",21.6164954698183,105.581717451524,-10.7091412742382,3114.38818359375
"Rhincodon typus",-10.7091412742382,105.581717451524,19699,2023,12,8,105.5981,-10.4859,"corrected",24.758124006958,105.581717451524,-10.7091412742382,3114.38818359375
"Rhincodon typus",-11.55491,102.65237,19695,2023,12,4,102.65237,-11.55491,"original",0,NA,NA,5181.4462890625
"Rhincodon typus",-10.7091412742382,105.581717451524,19716,2023,12,25,105.63228,-10.53907,"corrected",19.6086677215026,105.581717451524,-10.7091412742382,3114.38818359375
"Rhincodon typus",-11.8098,102.5698,19697,2023,12,6,102.5698,-11.8098,"original",0,NA,NA,4602.5703125
"Rhincodon typus",-12.76547,101.87921,19705,2023,12,14,101.87921,-12.76547,"original",0,NA,NA,3790.6875
"Rhincodon typus",-10.7091412742382,105.581717451524,19713,2023,12,22,105.62456,-10.54649,"corrected",18.591924968351,105.581717451524,-10.7091412742382,3114.38818359375
"Rhincodon typus",-10.4598337950138,105.831024930748,19703,2023,12,12,105.6557,-10.4467,"corrected",19.2501708843246,105.831024930748,-10.4598337950138,3598.546875
"Rhincodon typus",-10.7091412742382,105.581717451524,19694,2023,12,3,105.60549,-10.531,"corrected",19.8755280839387,105.581717451524,-10.7091412742382,3114.38818359375
"Rhincodon typus",-10.4598337950138,105.831024930748,19706,2023,12,15,105.6664,-10.4448,"corrected",18.1003999983391,105.831024930748,-10.4598337950138,3598.546875
"Rhincodon typus",-12.63349,101.73505,19707,2023,12,16,101.73505,-12.63349,"original",0,NA,NA,3790.6875
"Rhincodon typus",-12.3172,102.514,19700,2023,12,9,102.514,-12.3172,"original",0,NA,NA,4472.720703125
"Rhincodon typus",-12.7302,102.1541,19703,2023,12,12,102.1541,-12.7302,"original",0,NA,NA,2929.341796875
"Rhincodon typus",-10.7091412742382,105.581717451524,19720,2023,12,29,105.56453,-10.53189,"corrected",19.6961175864796,105.581717451524,-10.7091412742382,3114.38818359375
"Rhincodon typus",-10.4598337950138,105.831024930748,19718,2023,12,27,105.63483,-10.51384,"corrected",22.2931584439807,105.831024930748,-10.4598337950138,3598.546875
"Rhincodon typus",-10.7091412742382,105.581717451524,19696,2023,12,5,105.5911,-10.4909,"corrected",24.161898825808,105.581717451524,-10.7091412742382,3114.38818359375
"Rhincodon typus",-10.7091412742382,105.581717451524,19700,2023,12,9,105.59184,-10.51481,"corrected",21.5238814499233,105.581717451524,-10.7091412742382,3114.38818359375
"Rhincodon typus",-10.4598337950138,105.831024930748,19698,2023,12,7,105.5953,-10.4629,"corrected",25.8096694187255,105.831024930748,-10.4598337950138,3598.546875
"Rhincodon typus",-12.78158,101.92631,19704,2023,12,13,101.92631,-12.78158,"original",0,NA,NA,3790.6875
"Rhincodon typus",-10.7091412742382,105.581717451524,19709,2023,12,18,105.58461,-10.4841,"corrected",24.8942410550041,105.581717451524,-10.7091412742382,3114.38818359375
"Rhincodon typus",-10.7091412742382,105.581717451524,19699,2023,12,8,105.607,-10.5114,"corrected",22.0468239804431,105.581717451524,-10.7091412742382,3114.38818359375
"Rhincodon typus",-12.83418,101.81508,19710,2023,12,19,101.81508,-12.83418,"original",0,NA,NA,3814.35229492188
"Rhincodon typus",-12.05487,102.62718,19699,2023,12,8,102.62718,-12.05487,"original",0,NA,NA,4532.859375
"Rhincodon typus",-12.61821,101.74877,19707,2023,12,16,101.74877,-12.61821,"original",0,NA,NA,3790.6875
"Rhincodon typus",-11.5682,102.6763,19696,2023,12,5,102.6763,-11.5682,"original",0,NA,NA,5181.4462890625
"Rhincodon typus",-10.7091412742382,105.581717451524,19720,2023,12,29,105.56712,-10.49417,"corrected",23.8319715907219,105.581717451524,-10.7091412742382,3114.38818359375
"Rhincodon typus",-10.4598337950138,105.332409972299,19701,2023,12,10,105.54449,-10.49676,"corrected",23.5740414985609,105.332409972299,-10.4598337950138,4122.56201171875
"Rhincodon typus",-12.7745,102.2617,19702,2023,12,11,102.2617,-12.7745,"original",0,NA,NA,3147.578125
"Rhincodon typus",-10.7091412742382,105.581717451524,19719,2023,12,28,105.63455,-10.52621,"corrected",21.0440831809806,105.581717451524,-10.7091412742382,3114.38818359375
"Rhincodon typus",-10.7091412742382,105.581717451524,19719,2023,12,28,105.62788,-10.52119,"corrected",21.3945508958939,105.581717451524,-10.7091412742382,3114.38818359375
"Rhincodon typus",-12.61731,101.75309,19707,2023,12,16,101.75309,-12.61731,"original",0,NA,NA,3790.6875
"Rhincodon typus",-10.4598337950138,105.831024930748,19698,2023,12,7,105.5994,-10.4659,"corrected",25.3673220578641,105.831024930748,-10.4598337950138,3598.546875
"Rhincodon typus",-10.7091412742382,105.581717451524,19693,2023,12,2,105.56711,-10.50299,"corrected",22.8587437310772,105.581717451524,-10.7091412742382,3114.38818359375
"Rhincodon typus",-13.44343,101.75012,19716,2023,12,25,101.75012,-13.44343,"original",0,NA,NA,4054.93579101562
"Rhincodon typus",-10.7091412742382,105.581717451524,19700,2023,12,9,105.5847,-10.5036,"corrected",22.737654278022,105.581717451524,-10.7091412742382,3114.38818359375
"Rhincodon typus",-10.2105263157894,105.581717451524,19706,2023,12,15,105.59844,-10.41336,"corrected",22.5100531695708,105.581717451524,-10.2105263157894,3513.552734375
"Rhincodon typus",9.45301,123.22953,19059,2022,3,8,123.22953,9.45301,"original",0,NA,NA,238.074722290039
"Rhincodon typus",-19.2044,114.17348,19108,2022,4,26,114.17348,-19.2044,"original",0,NA,NA,1250.4521484375
"Rhincodon typus",9.59922,123.52606,19088,2022,4,6,123.52606,9.59922,"original",0,NA,NA,566.537414550781
"Rhincodon typus",8.55599,97.77224,19099,2022,4,17,97.77224,8.55599,"original",0,NA,NA,69.7536392211914
"Rhincodon typus",10.13207,99.80201,19163,2022,6,20,99.80201,10.13207,"original",0,NA,NA,45.5035438537598
"Rhincodon typus",-22.25841,113.61902,19197,2022,7,24,113.61902,-22.25841,"original",0,NA,NA,771.343627929688
"Rhincodon typus",-23.18213,113.6176,19200,2022,7,27,113.6176,-23.18213,"original",0,NA,NA,77.0263366699219
"Rhincodon typus",-22.3,113.5,19195,2022,7,22,113.5,-22.3,"original",0,NA,NA,771.343627929688
"Rhincodon typus",-21.96021,113.85577,19218,2022,8,14,113.85577,-21.96021,"original",0,NA,NA,402.422149658203
"Rhincodon typus",9.51966,124.03988,19215,2022,8,11,124.03988,9.51966,"original",0,NA,NA,1076.81909179688
"Rhincodon typus",-5.67501,120.54589,19235,2022,8,31,120.54589,-5.67501,"original",0,NA,NA,1183.4140625
"Rhincodon typus",9.97218,123.25295,19243,2022,9,8,123.25295,9.97218,"original",0,NA,NA,321.359436035156
"Rhincodon typus",-21.9279778393352,114.307479224377,19259,2022,9,24,114.1,-21.9,"corrected",21.6603313463508,114.307479224377,-21.9279778393352,14.8947296142578
"Rhincodon typus",2.13953,118.31193,19254,2022,9,19,118.31193,2.13953,"original",0,NA,NA,130.532135009766
"Rhincodon typus",-18.53601,147.08128,19239,2022,9,4,147.08128,-18.53601,"original",0,NA,NA,37.910530090332
"Rhincodon typus",-18.89514,147.74026,19267,2022,10,2,147.74026,-18.89514,"original",0,NA,NA,40.689697265625
"Rhincodon typus",-18.20407,147.31262,19295,2022,10,30,147.31262,-18.20407,"original",0,NA,NA,210.599075317383
"Rhincodon typus",5.73284,100.35876,19294,2022,10,29,100.35876,5.73284,"original",0,NA,NA,10.8640155792236
"Rhincodon typus",-18.54961,147.17465,19271,2022,10,6,147.17465,-18.54961,"original",0,NA,NA,45.2377967834473
"Rhincodon typus",9.49906,123.55446,19275,2022,10,10,123.55446,9.49906,"original",0,NA,NA,566.537414550781
"Rhincodon typus",9.50613,124.03187,19303,2022,11,7,124.03187,9.50613,"original",0,NA,NA,1076.81909179688
"Rhincodon typus",-8.21606648199442,118.296398891967,19306,2022,11,10,118.20724,-8.35394,"corrected",18.1381099028752,118.296398891967,-8.21606648199442,658.351989746094
"Rhincodon typus",9.54615,123.27612,19331,2022,12,5,123.27612,9.54615,"original",0,NA,NA,238.074722290039
"Rhincodon typus",-10.56376,105.76689,19350,2022,12,24,105.76689,-10.56376,"original",0,NA,NA,3598.546875
"Rhincodon typus",-23.91034,152.38399,18634,2021,1,7,152.38399,-23.91034,"original",0,NA,NA,72.1531295776367
"Rhincodon typus",-26.38564,153.09017,18654,2021,1,27,153.09017,-26.38564,"original",0,NA,NA,40.5674171447754
"Rhincodon typus",-25.96844,153.17096,18671,2021,2,13,153.17096,-25.96844,"original",0,NA,NA,39.7732582092285
"Rhincodon typus",-30.1551246537396,153.448753462604,18687,2021,3,1,153.3,-30.2,"corrected",15.1661354717269,153.448753462604,-30.1551246537396,418.345031738281
"Rhincodon typus",-37.0095,149.93237,18723,2021,4,6,149.93237,-37.0095,"original",0,NA,NA,60.5169792175293
"Rhincodon typus",-36.80911,149.84476,18723,2021,4,6,149.84476,-36.80911,"original",0,NA,NA,60.5169792175293
"Rhincodon typus",-37.0097,149.93219,18723,2021,4,NA,149.93219,-37.0097,"original",0,NA,NA,60.5169792175293
"Rhincodon typus",-8.21606648199442,118.296398891967,18734,2021,4,17,117.93476,-8.47122,"corrected",48.8169140696336,118.296398891967,-8.21606648199442,658.351989746094
"Rhincodon typus",-36.99694,149.92612,18723,2021,4,6,149.92612,-36.99694,"original",0,NA,NA,60.5169792175293
"Rhincodon typus",-22,113.9,18759,2021,5,12,113.9,-22,"original",0,NA,NA,402.422149658203
"Rhincodon typus",-21.96616,113.92805,18769,2021,5,22,113.92805,-21.96616,"original",0,NA,NA,402.422149658203
"Rhincodon typus",-22.49556,113.62838,18803,2021,6,25,113.62838,-22.49556,"original",0,NA,NA,410.919006347656
"Rhincodon typus",-22.17175,113.85287,18884,2021,9,14,113.85287,-22.17175,"original",0,NA,NA,199.812454223633
"Rhincodon typus",6.30155,99.30958,18924,2021,10,24,99.30958,6.30155,"original",0,NA,NA,51.5161094665527
"Rhincodon typus",-30.1551246537396,153.448753462604,18977,2021,12,16,153.20062,-30.09251,"corrected",24.8987568486958,153.448753462604,-30.1551246537396,418.345031738281
"Rhincodon typus",-30.1551246537396,153.448753462604,18977,2021,12,NA,153.20106,-30.09477,"corrected",24.7889896100906,153.448753462604,-30.1551246537396,418.345031738281
"Rhincodon typus",-32.398891966759,152.700831024931,18653,2021,1,NA,152.51503,-32.40932,"corrected",17.5176913506367,152.700831024931,-32.398891966759,107.73388671875
"Rhincodon typus",0.260387811634395,123.03324099723,18279,2020,1,18,123.00576,0.57257,"corrected",34.6546208515285,123.03324099723,0.260387811634395,1548.4375
"Rhincodon typus",0.260387811634395,123.03324099723,18279,2020,1,18,123.13919,0.41085,"corrected",20.3935350939413,123.03324099723,0.260387811634395,1548.4375
"Rhincodon typus",0.260387811634395,123.03324099723,18279,2020,1,18,123.08506,0.40414,"corrected",16.9096010679049,123.03324099723,0.260387811634395,1548.4375
"Rhincodon typus",7.05203,98.87452,18300,2020,2,8,98.87452,7.05203,"original",0,NA,NA,70.2295532226562
"Rhincodon typus",-30,153.5,18321,2020,2,29,153.5,-30,"original",0,NA,NA,116.590980529785
"Rhincodon typus",-27.5,153.5,18316,2020,2,24,153.5,-27.5,"original",0,NA,NA,27.4969577789307
"Rhincodon typus",9.3405,97.95,18331,2020,3,10,97.95,9.3405,"original",0,NA,NA,58.6288223266602
"Rhincodon typus",6.35215,99.35846,18331,2020,3,10,99.35846,6.35215,"original",0,NA,NA,51.5161094665527
"Rhincodon typus",13.7229916897508,144.722991689751,18322,2020,3,1,144.70896,13.56901,"corrected",17.1034490279662,144.722991689751,13.7229916897508,1404.47692871094
"Rhincodon typus",7.62827,98.33117,18326,2020,3,5,98.33117,7.62827,"original",0,NA,NA,37.7252426147461
"Rhincodon typus",8.99342,97.97235,18328,2020,3,7,97.97235,8.99342,"original",0,NA,NA,62.1852912902832
"Rhincodon typus",9.4606,123.39166,18430,2020,6,17,123.39166,9.4606,"original",0,NA,NA,238.074722290039
"Rhincodon typus",5.88272,103.07689,18453,2020,7,10,103.07689,5.88272,"original",0,NA,NA,49.0383796691895
"Rhincodon typus",-21.61554,113.67086,18465,2020,7,22,113.67086,-21.61554,"original",0,NA,NA,1226.09045410156
"Rhincodon typus",5.67428,103.11868,18497,2020,8,23,103.11868,5.67428,"original",0,NA,NA,35.0504570007324
"Rhincodon typus",6.53433,99.20365,18548,2020,10,13,99.20365,6.53433,"original",0,NA,NA,60.2811393737793
"Rhincodon typus",5.77772,103.10516,18554,2020,10,19,103.10516,5.77772,"original",0,NA,NA,35.0504570007324
"Rhincodon typus",-8.16791,118.78557,18577,2020,11,11,118.78557,-8.16791,"original",0,NA,NA,1115.42333984375
"Rhincodon typus",9.47961,123.59799,17910,2019,1,14,123.59799,9.47961,"original",0,NA,NA,566.537414550781
"Rhincodon typus",-26.4155124653739,113.060941828255,17909,2019,1,13,113.3,-26.4,"corrected",23.9125685454509,113.060941828255,-26.4155124653739,123.442138671875
"Rhincodon typus",-29.94095,113.79606,17922,2019,1,26,113.79606,-29.94095,"original",0,NA,NA,2485.30834960938
"Rhincodon typus",-29.25872,113.17943,17904,2019,1,8,113.17943,-29.25872,"original",0,NA,NA,3155.87646484375
"Rhincodon typus",-30.12078,113.45626,17924,2019,1,28,113.45626,-30.12078,"original",0,NA,NA,4634.58984375
"Rhincodon typus",-26.1662049861496,113.310249307479,17911,2019,1,15,113.2,-26.3,"corrected",18.4684842012159,113.310249307479,-26.1662049861496,16.0627059936523
"Rhincodon typus",-32.44768,112.43924,17922,2019,1,26,112.43924,-32.44768,"original",0,NA,NA,4678.42333984375
"Rhincodon typus",-25.6,112.9,17918,2019,1,22,112.9,-25.6,"original",0,NA,NA,77.0546112060547
"Rhincodon typus",-31.04431,113.51849,17927,2019,1,31,113.51849,-31.04431,"original",0,NA,NA,4839.1640625
"Rhincodon typus",-31.11266,113.55963,17919,2019,1,23,113.55963,-31.11266,"original",0,NA,NA,4839.1640625
"Rhincodon typus",-25.9168975069252,112.81163434903,17926,2019,1,30,113,-25.9,"corrected",18.9659444342951,112.81163434903,-25.9168975069252,96.9848403930664
"Rhincodon typus",-25.6,112.9,17912,2019,1,16,112.9,-25.6,"original",0,NA,NA,77.0546112060547
"Rhincodon typus",-25.9168975069252,112.81163434903,17917,2019,1,21,113,-25.9,"corrected",18.9659444342951,112.81163434903,-25.9168975069252,96.9848403930664
"Rhincodon typus",-25.6,112.9,17916,2019,1,20,112.9,-25.6,"original",0,NA,NA,77.0546112060547
"Rhincodon typus",-25.6,112.9,17917,2019,1,21,112.9,-25.6,"original",0,NA,NA,77.0546112060547
"Rhincodon typus",-29.69545,113.50445,17923,2019,1,27,113.50445,-29.69545,"original",0,NA,NA,2631.2216796875
"Rhincodon typus",-26.5,113.5,17911,2019,1,15,113.5,-26.5,"original",0,NA,NA,19.2153797149658
"Rhincodon typus",-30.13612,113.42694,17924,2019,1,28,113.42694,-30.13612,"original",0,NA,NA,4813.01708984375
"Rhincodon typus",-25.6,112.9,17922,2019,1,26,112.9,-25.6,"original",0,NA,NA,77.0546112060547
"Rhincodon typus",-25.6,112.9,17913,2019,1,17,112.9,-25.6,"original",0,NA,NA,77.0546112060547
"Rhincodon typus",-25.54261,112.87183,17919,2019,1,23,112.87183,-25.54261,"original",0,NA,NA,88.4447479248047
"Rhincodon typus",-25.6,112.9,17926,2019,1,30,112.9,-25.6,"original",0,NA,NA,77.0546112060547
"Rhincodon typus",-25.6,112.9,17919,2019,1,23,112.9,-25.6,"original",0,NA,NA,77.0546112060547
"Rhincodon typus",-30.85693,113.63954,17909,2019,1,13,113.63954,-30.85693,"original",0,NA,NA,4850.75830078125
"Rhincodon typus",-29.69266,113.50644,17923,2019,1,27,113.50644,-29.69266,"original",0,NA,NA,2631.2216796875
"Rhincodon typus",-25.6,112.9,17920,2019,1,24,112.9,-25.6,"original",0,NA,NA,77.0546112060547
"Rhincodon typus",-31.13382,113.5619,17919,2019,1,23,113.5619,-31.13382,"original",0,NA,NA,4839.1640625
"Rhincodon typus",-25.6,112.9,17927,2019,1,31,112.9,-25.6,"original",0,NA,NA,77.0546112060547
"Rhincodon typus",-25.6,112.9,17914,2019,1,18,112.9,-25.6,"original",0,NA,NA,77.0546112060547
"Rhincodon typus",-30.42032,113.68016,17915,2019,1,19,113.68016,-30.42032,"original",0,NA,NA,4785.68359375
"Rhincodon typus",-25.6,112.9,17915,2019,1,19,112.9,-25.6,"original",0,NA,NA,77.0546112060547
"Rhincodon typus",-30.12916,113.40483,17924,2019,1,28,113.40483,-30.12916,"original",0,NA,NA,4813.01708984375
"Rhincodon typus",-25.9168975069252,113.310249307479,17925,2019,1,29,113.1,-25.9,"corrected",21.1489812495203,113.310249307479,-25.9168975069252,10.4922046661377
"Rhincodon typus",-25.6675900277008,113.060941828255,17909,2019,1,13,113,-25.8,"corrected",15.8924589392246,113.060941828255,-25.6675900277008,18.7328910827637
"Rhincodon typus",-25.7578,112.84113,17910,2019,1,14,112.84113,-25.7578,"original",0,NA,NA,77.0546112060547
"Rhincodon typus",-25.6675900277008,113.060941828255,17910,2019,1,14,113,-25.8,"corrected",15.8924589392246,113.060941828255,-25.6675900277008,18.7328910827637
"Rhincodon typus",-29.14917,113.24734,17905,2019,1,9,113.24734,-29.14917,"original",0,NA,NA,2578.72412109375
"Rhincodon typus",-25.7,112.9,17918,2019,1,22,112.9,-25.7,"original",0,NA,NA,77.0546112060547
"Rhincodon typus",-25.6675900277008,113.060941828255,17927,2019,1,31,113,-25.8,"corrected",15.8924589392246,113.060941828255,-25.6675900277008,18.7328910827637
"Rhincodon typus",-26.1,113.1,17907,2019,1,11,113.1,-26.1,"original",0,NA,NA,86.9871978759766
"Rhincodon typus",-25.42419,112.88014,17921,2019,1,25,112.88014,-25.42419,"original",0,NA,NA,88.4447479248047
"Rhincodon typus",-25.8,112.9,17925,2019,1,29,112.9,-25.8,"original",0,NA,NA,96.9848403930664
"Rhincodon typus",-25.6675900277008,113.060941828255,17917,2019,1,21,113,-25.8,"corrected",15.8924589392246,113.060941828255,-25.6675900277008,18.7328910827637
"Rhincodon typus",-25.9168975069252,112.81163434903,17909,2019,1,13,113,-25.9,"corrected",18.9659444342951,112.81163434903,-25.9168975069252,96.9848403930664
"Rhincodon typus",-25.6,113,17920,2019,1,24,113,-25.6,"original",0,NA,NA,18.7328910827637
"Rhincodon typus",-31.1497,113.70262,17920,2019,1,24,113.70262,-31.1497,"original",0,NA,NA,4751.49169921875
"Rhincodon typus",-30.13232,113.74889,17911,2019,1,15,113.74889,-30.13232,"original",0,NA,NA,3756.68530273438
"Rhincodon typus",-25.62793,112.79552,17920,2019,1,24,112.79552,-25.62793,"original",0,NA,NA,77.0546112060547
"Rhincodon typus",-26.1,113.1,17908,2019,1,12,113.1,-26.1,"original",0,NA,NA,86.9871978759766
"Rhincodon typus",-30.66491,113.87124,17921,2019,1,25,113.87124,-30.66491,"original",0,NA,NA,4698.57958984375
"Rhincodon typus",-29.28802,113.22158,17907,2019,1,11,113.22158,-29.28802,"original",0,NA,NA,2879.96020507812
"Rhincodon typus",-29.12909,113.28682,17905,2019,1,9,113.28682,-29.12909,"original",0,NA,NA,2578.72412109375
"Rhincodon typus",-31.5058,113.6649,17901,2019,1,5,113.6649,-31.5058,"original",0,NA,NA,4848.04638671875
"Rhincodon typus",-31.04603,113.46816,17927,2019,1,31,113.46816,-31.04603,"original",0,NA,NA,4839.1640625
"Rhincodon typus",-25.6,113,17925,2019,1,29,113,-25.6,"original",0,NA,NA,18.7328910827637
"Rhincodon typus",-29.24693,113.18669,17904,2019,1,8,113.18669,-29.24693,"original",0,NA,NA,2578.72412109375
"Rhincodon typus",-30.93826,113.1993,17899,2019,1,3,113.1993,-30.93826,"original",0,NA,NA,4954.21240234375
"Rhincodon typus",-29.91085,113.79674,17922,2019,1,26,113.79674,-29.91085,"original",0,NA,NA,2485.30834960938
"Rhincodon typus",-30.71016,113.50796,17926,2019,1,30,113.50796,-30.71016,"original",0,NA,NA,4858.61669921875
"Rhincodon typus",-29.30263,113.23044,17907,2019,1,11,113.23044,-29.30263,"original",0,NA,NA,2879.96020507812
"Rhincodon typus",-29.13009,113.32661,17905,2019,1,9,113.32661,-29.13009,"original",0,NA,NA,2578.72412109375
"Rhincodon typus",-32.13374,114.02364,17919,2019,1,23,114.02364,-32.13374,"original",0,NA,NA,4147.970703125
"Rhincodon typus",-30.64451,113.90311,17921,2019,1,25,113.90311,-30.64451,"original",0,NA,NA,4698.57958984375
"Rhincodon typus",-30.5155,113.41707,17925,2019,1,29,113.41707,-30.5155,"original",0,NA,NA,4887.99755859375
"Rhincodon typus",-25.6,113,17927,2019,1,31,113,-25.6,"original",0,NA,NA,18.7328910827637
"Rhincodon typus",-26.6,113.6,17898,2019,1,2,113.6,-26.6,"original",0,NA,NA,56.5111236572266
"Rhincodon typus",-25.75116,112.85408,17910,2019,1,14,112.85408,-25.75116,"original",0,NA,NA,77.0546112060547
"Rhincodon typus",-25.59434,112.73293,17920,2019,1,24,112.73293,-25.59434,"original",0,NA,NA,77.0546112060547
"Rhincodon typus",-30.71276,113.48106,17926,2019,1,30,113.48106,-30.71276,"original",0,NA,NA,4858.61669921875
"Rhincodon typus",-4.53691,134.4517,17946,2019,2,19,134.4517,-4.53691,"original",0,NA,NA,962.233703613281
"Rhincodon typus",9.40581,123.47787,17933,2019,2,6,123.47787,9.40581,"original",0,NA,NA,566.537414550781
"Rhincodon typus",-25.6,112.9,17943,2019,2,16,112.9,-25.6,"original",0,NA,NA,77.0546112060547
"Rhincodon typus",-26.8,113.6,17953,2019,2,26,113.6,-26.8,"original",0,NA,NA,81.2509155273438
"Rhincodon typus",-25.96351,112.93513,17955,2019,2,28,112.93513,-25.96351,"original",0,NA,NA,96.9848403930664
"Rhincodon typus",-31.40168,113.39343,17930,2019,2,3,113.39343,-31.40168,"original",0,NA,NA,4984.70654296875
"Rhincodon typus",-25.6,112.9,17930,2019,2,3,112.9,-25.6,"original",0,NA,NA,77.0546112060547
"Rhincodon typus",-26.1662049861496,113.060941828255,17937,2019,2,10,113.1,-26,"corrected",18.823793148299,113.060941828255,-26.1662049861496,86.9871978759766
"Rhincodon typus",-26.4155124653739,113.060941828255,17941,2019,2,14,113.23227,-26.34433,"corrected",18.8287094475412,113.060941828255,-26.4155124653739,123.442138671875
"Rhincodon typus",-25.6,112.9,17946,2019,2,19,112.9,-25.6,"original",0,NA,NA,77.0546112060547
"Rhincodon typus",-26.1662049861496,113.060941828255,17954,2019,2,27,113.1,-26,"corrected",18.823793148299,113.060941828255,-26.1662049861496,86.9871978759766
"Rhincodon typus",-31.35032,113.36854,17929,2019,2,2,113.36854,-31.35032,"original",0,NA,NA,4984.70654296875
"Rhincodon typus",-25.5,112.9,17932,2019,2,5,112.9,-25.5,"original",0,NA,NA,88.4447479248047
"Rhincodon typus",-25.9168975069252,113.310249307479,17954,2019,2,27,113.1,-25.9,"corrected",21.1489812495203,113.310249307479,-25.9168975069252,10.4922046661377
"Rhincodon typus",-25.6,112.9,17944,2019,2,17,112.9,-25.6,"original",0,NA,NA,77.0546112060547
"Rhincodon typus",-31.13291,113.53488,17930,2019,2,3,113.53488,-31.13291,"original",0,NA,NA,4839.1640625
"Rhincodon typus",-25.9168975069252,113.310249307479,17953,2019,2,26,113.1,-25.9,"corrected",21.1489812495203,113.310249307479,-25.9168975069252,10.4922046661377
"Rhincodon typus",-25.9168975069252,112.81163434903,17936,2019,2,9,113,-25.9,"corrected",18.9659444342951,112.81163434903,-25.9168975069252,96.9848403930664
"Rhincodon typus",-25.9168975069252,113.310249307479,17936,2019,2,9,113.1,-25.9,"corrected",21.1489812495203,113.310249307479,-25.9168975069252,10.4922046661377
"Rhincodon typus",-31.1306,113.54404,17930,2019,2,3,113.54404,-31.1306,"original",0,NA,NA,4839.1640625
"Rhincodon typus",-26.6,113.6,17950,2019,2,23,113.6,-26.6,"original",0,NA,NA,56.5111236572266
"Rhincodon typus",-26.9141274238227,113.559556786704,17952,2019,2,25,113.7,-26.8,"corrected",18.8338167832679,113.559556786704,-26.9141274238227,81.2509155273438
"Rhincodon typus",-25.7,113,17948,2019,2,21,113,-25.7,"original",0,NA,NA,18.7328910827637
"Rhincodon typus",-30.57477,113.27236,17935,2019,2,8,113.27236,-30.57477,"original",0,NA,NA,4913.02783203125
"Rhincodon typus",-30.59904,113.27191,17935,2019,2,8,113.27191,-30.59904,"original",0,NA,NA,4913.02783203125
"Rhincodon typus",-25.8,112.9,17941,2019,2,14,112.9,-25.8,"original",0,NA,NA,96.9848403930664
"Rhincodon typus",-25.6,112.9,17928,2019,2,1,112.9,-25.6,"original",0,NA,NA,77.0546112060547
"Rhincodon typus",-29.9262,113.2348,17951,2019,2,24,113.2348,-29.9262,"original",0,NA,NA,4032.212890625
"Rhincodon typus",-26.6,113.5,17953,2019,2,26,113.5,-26.6,"original",0,NA,NA,56.5111236572266
"Rhincodon typus",-31.5175,113.25039,17931,2019,2,4,113.25039,-31.5175,"original",0,NA,NA,4984.70654296875
"Rhincodon typus",-25.5,112.9,17931,2019,2,4,112.9,-25.5,"original",0,NA,NA,88.4447479248047
"Rhincodon typus",-25.5,112.9,17930,2019,2,3,112.9,-25.5,"original",0,NA,NA,88.4447479248047
"Rhincodon typus",-26.1,113.2,17940,2019,2,13,113.2,-26.1,"original",0,NA,NA,16.0627059936523
"Rhincodon typus",-25.6,113,17931,2019,2,4,113,-25.6,"original",0,NA,NA,18.7328910827637
"Rhincodon typus",-25.6,112.9,17947,2019,2,20,112.9,-25.6,"original",0,NA,NA,77.0546112060547
"Rhincodon typus",-31.13473,113.5883,17931,2019,2,4,113.5883,-31.13473,"original",0,NA,NA,4839.1640625
"Rhincodon typus",-25.6675900277008,113.060941828255,17938,2019,2,11,113,-25.8,"corrected",15.8924589392246,113.060941828255,-25.6675900277008,18.7328910827637
"Rhincodon typus",-31.513,113.22706,17931,2019,2,4,113.22706,-31.513,"original",0,NA,NA,4984.70654296875
"Rhincodon typus",-25.5,113,17931,2019,2,4,113,-25.5,"original",0,NA,NA,32.9635162353516
"Rhincodon typus",-25.44109,112.92083,17931,2019,2,4,112.92083,-25.44109,"original",0,NA,NA,88.4447479248047
"Rhincodon typus",-26.6,113.6,17948,2019,2,21,113.6,-26.6,"original",0,NA,NA,56.5111236572266
"Rhincodon typus",-31.40506,113.38853,17930,2019,2,3,113.38853,-31.40506,"original",0,NA,NA,4984.70654296875
"Rhincodon typus",-25.9168975069252,112.81163434903,17938,2019,2,11,113,-25.9,"corrected",18.9659444342951,112.81163434903,-25.9168975069252,96.9848403930664
"Rhincodon typus",-30.7235,113.29616,17933,2019,2,6,113.29616,-30.7235,"original",0,NA,NA,4913.02783203125
"Rhincodon typus",-25.5,112.9,17942,2019,2,15,112.9,-25.5,"original",0,NA,NA,88.4447479248047
"Rhincodon typus",-25.46976,112.90454,17930,2019,2,3,112.90454,-25.46976,"original",0,NA,NA,88.4447479248047
"Rhincodon typus",-29.92622,113.23481,17951,2019,2,24,113.23481,-29.92622,"original",0,NA,NA,4032.212890625
"Rhincodon typus",-31.13629,113.59062,17931,2019,2,4,113.59062,-31.13629,"original",0,NA,NA,4839.1640625
"Rhincodon typus",-25.7,112.9,17947,2019,2,20,112.9,-25.7,"original",0,NA,NA,77.0546112060547
"Rhincodon typus",-26.4155124653739,113.559556786704,17947,2019,2,20,113.4,-26.5,"corrected",18.4612449955411,113.559556786704,-26.4155124653739,19.2153797149658
"Rhincodon typus",-30.60884,113.82715,17954,2019,2,27,113.82715,-30.60884,"original",0,NA,NA,4698.57958984375
"Rhincodon typus",-33.06327,111.69096,17939,2019,2,12,111.69096,-33.06327,"original",0,NA,NA,4339.13037109375
"Rhincodon typus",-30.57284,113.26193,17935,2019,2,8,113.26193,-30.57284,"original",0,NA,NA,4913.02783203125
"Rhincodon typus",-25.6,112.9,17929,2019,2,2,112.9,-25.6,"original",0,NA,NA,77.0546112060547
"Rhincodon typus",-25.5,113,17932,2019,2,5,113,-25.5,"original",0,NA,NA,32.9635162353516
"Rhincodon typus",-25.9168975069252,112.81163434903,17940,2019,2,13,113,-25.9,"corrected",18.9659444342951,112.81163434903,-25.9168975069252,96.9848403930664
"Rhincodon typus",-26.26189,113.10826,17941,2019,2,14,113.10826,-26.26189,"original",0,NA,NA,86.9871978759766
"Rhincodon typus",-25.48392,112.88024,17930,2019,2,3,112.88024,-25.48392,"original",0,NA,NA,88.4447479248047
"Rhincodon typus",-31.11036,113.54866,17930,2019,2,3,113.54866,-31.11036,"original",0,NA,NA,4839.1640625
"Rhincodon typus",-30.37062,113.44448,17934,2019,2,7,113.44448,-30.37062,"original",0,NA,NA,4785.68359375
"Rhincodon typus",-30.34207,113.44774,17934,2019,2,7,113.44774,-30.34207,"original",0,NA,NA,4785.68359375
"Rhincodon typus",-30.3405,113.45522,17934,2019,2,7,113.45522,-30.3405,"original",0,NA,NA,4785.68359375
"Rhincodon typus",-25.55468,112.86676,17947,2019,2,20,112.86676,-25.55468,"original",0,NA,NA,77.0546112060547
"Rhincodon typus",-25.5,112.9,17945,2019,2,18,112.9,-25.5,"original",0,NA,NA,88.4447479248047
"Rhincodon typus",-30.57,113.28336,17935,2019,2,8,113.28336,-30.57,"original",0,NA,NA,4913.02783203125
"Rhincodon typus",-31.0712,113.53025,17928,2019,2,1,113.53025,-31.0712,"original",0,NA,NA,4839.1640625
"Rhincodon typus",-26.1662049861496,113.060941828255,17955,2019,2,28,113.1,-26,"corrected",18.823793148299,113.060941828255,-26.1662049861496,86.9871978759766
"Rhincodon typus",-33.04766,111.69575,17939,2019,2,12,111.69575,-33.04766,"original",0,NA,NA,4339.13037109375
"Rhincodon typus",-31.4079,113.37002,17930,2019,2,3,113.37002,-31.4079,"original",0,NA,NA,4984.70654296875
"Rhincodon typus",-25.9168975069252,112.81163434903,17934,2019,2,7,113,-25.9,"corrected",18.9659444342951,112.81163434903,-25.9168975069252,96.9848403930664
"Rhincodon typus",-30.82681,113.42872,17933,2019,2,6,113.42872,-30.82681,"original",0,NA,NA,4954.21240234375
"Rhincodon typus",-30.36506,113.44582,17934,2019,2,7,113.44582,-30.36506,"original",0,NA,NA,4785.68359375
"Rhincodon typus",-25.9168975069252,112.81163434903,17955,2019,2,28,112.94446,-25.98137,"corrected",15.1000948466016,112.81163434903,-25.9168975069252,96.9848403930664
"Rhincodon typus",-26.1,113.1,17938,2019,2,11,113.1,-26.1,"original",0,NA,NA,86.9871978759766
"Rhincodon typus",-31.38645,113.3319,17929,2019,2,2,113.3319,-31.38645,"original",0,NA,NA,4984.70654296875
"Rhincodon typus",-30.33768,113.4551,17934,2019,2,7,113.4551,-30.33768,"original",0,NA,NA,4785.68359375
"Rhincodon typus",-30.63411,113.39492,17934,2019,2,7,113.39492,-30.63411,"original",0,NA,NA,4913.02783203125
"Rhincodon typus",9.44956,123.38559,17975,2019,3,20,123.38559,9.44956,"original",0,NA,NA,238.074722290039
"Rhincodon typus",9.46085,123.38,17977,2019,3,22,123.38,9.46085,"original",0,NA,NA,238.074722290039
"Rhincodon typus",12.7257617728532,123.531855955679,17957,2019,3,2,123.54929,12.90746,"corrected",20.1899933177995,123.531855955679,12.7257617728532,427.616180419922
"Rhincodon typus",9.55642,123.30759,17977,2019,3,22,123.30759,9.55642,"original",0,NA,NA,238.074722290039
"Rhincodon typus",9.41272,98.12765,17969,2019,3,14,98.12765,9.41272,"original",0,NA,NA,23.9650020599365
"Rhincodon typus",8.4582,97.68235,17969,2019,3,14,97.68235,8.4582,"original",0,NA,NA,121.980117797852
"Rhincodon typus",-25.6,113,17986,2019,3,31,113,-25.6,"original",0,NA,NA,18.7328910827637
"Rhincodon typus",-25.6,112.9,17976,2019,3,21,112.9,-25.6,"original",0,NA,NA,77.0546112060547
"Rhincodon typus",-23.05769,113.50501,17972,2019,3,17,113.50501,-23.05769,"original",0,NA,NA,77.0263366699219
"Rhincodon typus",-22.2,113.8,17973,2019,3,18,113.8,-22.2,"original",0,NA,NA,199.812454223633
"Rhincodon typus",-22.1,113.9,17979,2019,3,24,113.9,-22.1,"original",0,NA,NA,199.812454223633
"Rhincodon typus",-22,113.9,17976,2019,3,21,113.9,-22,"original",0,NA,NA,402.422149658203
"Rhincodon typus",-26.4155124653739,113.559556786704,17956,2019,3,1,113.4,-26.5,"corrected",18.4612449955411,113.559556786704,-26.4155124653739,19.2153797149658
"Rhincodon typus",-22.2,113.8,17980,2019,3,25,113.8,-22.2,"original",0,NA,NA,199.812454223633
"Rhincodon typus",-25.6675900277008,113.060941828255,17984,2019,3,29,113,-25.8,"corrected",15.8924589392246,113.060941828255,-25.6675900277008,18.7328910827637
"Rhincodon typus",-25.6,112.9,17985,2019,3,30,112.9,-25.6,"original",0,NA,NA,77.0546112060547
"Rhincodon typus",-25.70585,112.85707,17984,2019,3,29,112.85707,-25.70585,"original",0,NA,NA,77.0546112060547
"Rhincodon typus",-22.1,113.8,17977,2019,3,22,113.8,-22.1,"original",0,NA,NA,199.812454223633
"Rhincodon typus",-25.5,113,17982,2019,3,27,113,-25.5,"original",0,NA,NA,32.9635162353516
"Rhincodon typus",-25.7,112.9,17983,2019,3,28,112.9,-25.7,"original",0,NA,NA,77.0546112060547
"Rhincodon typus",-24.8,113.1,17983,2019,3,28,113.1,-24.8,"original",0,NA,NA,51.7861557006836
"Rhincodon typus",-25.7,113,17963,2019,3,8,113,-25.7,"original",0,NA,NA,18.7328910827637
"Rhincodon typus",-25.75473,112.8085,17983,2019,3,28,112.8085,-25.75473,"original",0,NA,NA,77.0546112060547
"Rhincodon typus",-22.10348,113.75681,17980,2019,3,25,113.75681,-22.10348,"original",0,NA,NA,199.812454223633
"Rhincodon typus",-25.5,113,17968,2019,3,13,113,-25.5,"original",0,NA,NA,32.9635162353516
"Rhincodon typus",-22.12673,113.7516,17980,2019,3,25,113.7516,-22.12673,"original",0,NA,NA,199.812454223633
"Rhincodon typus",-25.7,113,17984,2019,3,29,113,-25.7,"original",0,NA,NA,18.7328910827637
"Rhincodon typus",-25.6,112.9,17982,2019,3,27,112.9,-25.6,"original",0,NA,NA,77.0546112060547
"Rhincodon typus",-26.7,113.5,17956,2019,3,1,113.5,-26.7,"original",0,NA,NA,56.5111236572266
"Rhincodon typus",-23.5487,113.59692,17970,2019,3,15,113.59692,-23.5487,"original",0,NA,NA,36.1449546813965
"Rhincodon typus",-25.5,112.9,17967,2019,3,12,112.9,-25.5,"original",0,NA,NA,88.4447479248047
"Rhincodon typus",-22.2,113.9,17973,2019,3,18,113.9,-22.2,"original",0,NA,NA,199.812454223633
"Rhincodon typus",-26.4155124653739,113.559556786704,17957,2019,3,2,113.4,-26.5,"corrected",18.4612449955411,113.559556786704,-26.4155124653739,19.2153797149658
"Rhincodon typus",-25.68761,112.89047,17977,2019,3,22,112.89047,-25.68761,"original",0,NA,NA,77.0546112060547
"Rhincodon typus",-25.6,113,17982,2019,3,27,113,-25.6,"original",0,NA,NA,18.7328910827637
"Rhincodon typus",-22.84003,113.29878,17984,2019,3,29,113.29878,-22.84003,"original",0,NA,NA,422.541259765625
"Rhincodon typus",-25.6,112.9,17975,2019,3,20,112.9,-25.6,"original",0,NA,NA,77.0546112060547
"Rhincodon typus",-22.83833,113.29919,17984,2019,3,29,113.29919,-22.83833,"original",0,NA,NA,422.541259765625
"Rhincodon typus",-25.9168975069252,113.310249307479,17956,2019,3,1,113.1,-25.9,"corrected",21.1489812495203,113.310249307479,-25.9168975069252,10.4922046661377
"Rhincodon typus",-25.71316,112.8384,17984,2019,3,29,112.8384,-25.71316,"original",0,NA,NA,77.0546112060547
"Rhincodon typus",-21.3,114.9,17961,2019,3,6,114.9,-21.3,"original",0,NA,NA,107.364326477051
"Rhincodon typus",-25.6,112.9,17974,2019,3,19,112.9,-25.6,"original",0,NA,NA,77.0546112060547
"Rhincodon typus",-23.46917,113.43563,17985,2019,3,30,113.43563,-23.46917,"original",0,NA,NA,57.8942565917969
"Rhincodon typus",-23.6,113.6,17970,2019,3,15,113.6,-23.6,"original",0,NA,NA,36.1449546813965
"Rhincodon typus",-22.3,113.8,17978,2019,3,23,113.8,-22.3,"original",0,NA,NA,199.812454223633
"Rhincodon typus",-22,113.9,17974,2019,3,19,113.9,-22,"original",0,NA,NA,402.422149658203
"Rhincodon typus",-25.6,112.9,17986,2019,3,31,112.9,-25.6,"original",0,NA,NA,77.0546112060547
"Rhincodon typus",-22.84001,113.29878,17984,2019,3,29,113.29878,-22.84001,"original",0,NA,NA,422.541259765625
"Rhincodon typus",-25.6,112.9,17965,2019,3,10,112.9,-25.6,"original",0,NA,NA,77.0546112060547
"Rhincodon typus",-25.8,112.9,17978,2019,3,23,112.9,-25.8,"original",0,NA,NA,96.9848403930664
"Rhincodon typus",-22.40413,113.5385,17983,2019,3,28,113.5385,-22.40413,"original",0,NA,NA,410.919006347656
"Rhincodon typus",-25.6,112.9,17964,2019,3,9,112.9,-25.6,"original",0,NA,NA,77.0546112060547
"Rhincodon typus",-25.6,112.9,17977,2019,3,22,112.9,-25.6,"original",0,NA,NA,77.0546112060547
"Rhincodon typus",-22.3,113.8,17982,2019,3,27,113.8,-22.3,"original",0,NA,NA,199.812454223633
"Rhincodon typus",-25.6,113,17985,2019,3,30,113,-25.6,"original",0,NA,NA,18.7328910827637
"Rhincodon typus",-22.4265927977839,113.559556786704,17972,2019,3,17,113.7,-22.5,"corrected",16.5837925746159,113.559556786704,-22.4265927977839,410.919006347656
"Rhincodon typus",8.85884,119.99649,17989,2019,4,3,119.99649,8.85884,"original",0,NA,NA,2394.19165039062
"Rhincodon typus",9.0126,123.25045,17989,2019,4,3,123.25045,9.0126,"original",0,NA,NA,427.518188476562
"Rhincodon typus",-22,113.9,18001,2019,4,15,113.9,-22,"original",0,NA,NA,402.422149658203
"Rhincodon typus",-8.27824,116.13712,18014,2019,4,28,116.13712,-8.27824,"original",0,NA,NA,1093.00646972656
"Rhincodon typus",9.5268,123.59446,17994,2019,4,8,123.59446,9.5268,"original",0,NA,NA,566.537414550781
"Rhincodon typus",11.40908,124.0584,17993,2019,4,7,124.0584,11.40908,"original",0,NA,NA,93.4702072143555
"Rhincodon typus",9.4851,123.56919,17995,2019,4,9,123.56919,9.4851,"original",0,NA,NA,566.537414550781
"Rhincodon typus",-22.7,113.6,18016,2019,4,30,113.6,-22.7,"original",0,NA,NA,164.364624023438
"Rhincodon typus",-22.2,113.8,18009,2019,4,23,113.8,-22.2,"original",0,NA,NA,199.812454223633
"Rhincodon typus",-23.32861,113.51387,17991,2019,4,5,113.51387,-23.32861,"original",0,NA,NA,57.8942565917969
"Rhincodon typus",-22.72315,113.58877,17992,2019,4,6,113.58877,-22.72315,"original",0,NA,NA,164.364624023438
"Rhincodon typus",-22.9,113.6,18013,2019,4,27,113.6,-22.9,"original",0,NA,NA,96.4634246826172
"Rhincodon typus",-22.9252077562327,113.559556786704,17997,2019,4,11,113.70747,-22.9606,"corrected",15.6689338203538,113.559556786704,-22.9252077562327,96.4634246826172
"Rhincodon typus",-22.70772,113.58695,17992,2019,4,6,113.58695,-22.70772,"original",0,NA,NA,164.364624023438
"Rhincodon typus",-22.7,113.6,18001,2019,4,15,113.6,-22.7,"original",0,NA,NA,164.364624023438
"Rhincodon typus",-22.9252077562327,113.559556786704,18000,2019,4,14,113.68733,-22.88554,"corrected",13.825227838123,113.559556786704,-22.9252077562327,96.4634246826172
"Rhincodon typus",-22.2,113.9,18009,2019,4,23,113.9,-22.2,"original",0,NA,NA,199.812454223633
"Rhincodon typus",-22.7,113.6,18000,2019,4,14,113.6,-22.7,"original",0,NA,NA,164.364624023438
"Rhincodon typus",-22.9,113.6,17991,2019,4,5,113.6,-22.9,"original",0,NA,NA,96.4634246826172
"Rhincodon typus",-25.1,113.1,17989,2019,4,3,113.1,-25.1,"original",0,NA,NA,47.9324760437012
"Rhincodon typus",-22.52499,113.267,17989,2019,4,3,113.267,-22.52499,"original",0,NA,NA,1168.185546875
"Rhincodon typus",-25.73034,112.79211,17987,2019,4,1,112.79211,-25.73034,"original",0,NA,NA,77.0546112060547
"Rhincodon typus",-22.8,113.6,18002,2019,4,16,113.6,-22.8,"original",0,NA,NA,164.364624023438
"Rhincodon typus",-24.07169,113.36826,17988,2019,4,2,113.36826,-24.07169,"original",0,NA,NA,51.1054573059082
"Rhincodon typus",-22.9252077562327,113.559556786704,18008,2019,4,22,113.7,-22.9,"corrected",14.6757946926051,113.559556786704,-22.9252077562327,96.4634246826172
"Rhincodon typus",-22.4265927977839,113.559556786704,18010,2019,4,24,113.7,-22.5,"corrected",16.5837925746159,113.559556786704,-22.4265927977839,410.919006347656
"Rhincodon typus",-22.9252077562327,113.559556786704,18009,2019,4,23,113.7,-22.9,"corrected",14.6757946926051,113.559556786704,-22.9252077562327,96.4634246826172
"Rhincodon typus",-22.81801,113.57412,17993,2019,4,7,113.57412,-22.81801,"original",0,NA,NA,96.4634246826172
"Rhincodon typus",-23.86949,113.20716,17991,2019,4,5,113.20716,-23.86949,"original",0,NA,NA,58.9981498718262
"Rhincodon typus",-22.9252077562327,113.559556786704,17996,2019,4,10,113.8,-22.9,"corrected",24.8241479686729,113.559556786704,-22.9252077562327,96.4634246826172
"Rhincodon typus",-22.9252077562327,113.559556786704,17993,2019,4,7,113.7,-22.9,"corrected",14.6757946926051,113.559556786704,-22.9252077562327,96.4634246826172
"Rhincodon typus",-25.2,113,17989,2019,4,3,113,-25.2,"original",0,NA,NA,47.9324760437012
"Rhincodon typus",-24,113.3,17988,2019,4,2,113.3,-24,"original",0,NA,NA,58.9981498718262
"Rhincodon typus",-22.87218,113.63744,17991,2019,4,5,113.63744,-22.87218,"original",0,NA,NA,96.4634246826172
"Rhincodon typus",-22.9252077562327,113.559556786704,17997,2019,4,11,113.7,-22.9,"corrected",14.6757946926051,113.559556786704,-22.9252077562327,96.4634246826172
"Rhincodon typus",-22.8,113.6,17998,2019,4,12,113.6,-22.8,"original",0,NA,NA,164.364624023438
"Rhincodon typus",-23.48051,113.28857,17991,2019,4,5,113.28857,-23.48051,"original",0,NA,NA,133.690658569336
"Rhincodon typus",-22.9252077562327,113.559556786704,17996,2019,4,10,113.7,-22.9,"corrected",14.6757946926051,113.559556786704,-22.9252077562327,96.4634246826172
"Rhincodon typus",-22.7,113.6,17988,2019,4,2,113.6,-22.7,"original",0,NA,NA,164.364624023438
"Rhincodon typus",-22.9252077562327,113.559556786704,18004,2019,4,18,113.8,-23,"corrected",26.0115864357109,113.559556786704,-22.9252077562327,96.4634246826172
"Rhincodon typus",-22.7,113.6,18003,2019,4,17,113.6,-22.7,"original",0,NA,NA,164.364624023438
"Rhincodon typus",-22.6,113.6,17987,2019,4,1,113.6,-22.6,"original",0,NA,NA,164.364624023438
"Rhincodon typus",-24.23469,113.13618,17990,2019,4,4,113.13618,-24.23469,"original",0,NA,NA,79.4125900268555
"Rhincodon typus",-22.88742,113.67588,18010,2019,4,24,113.67588,-22.88742,"original",0,NA,NA,96.4634246826172
"Rhincodon typus",-23.4034,113.31678,17991,2019,4,5,113.31678,-23.4034,"original",0,NA,NA,133.690658569336
"Rhincodon typus",-24.29947,113.08946,17990,2019,4,4,113.08946,-24.29947,"original",0,NA,NA,63.8399810791016
"Rhincodon typus",-22.68629,113.52364,18000,2019,4,14,113.52364,-22.68629,"original",0,NA,NA,164.364624023438
"Rhincodon typus",-22.90146,113.65825,18000,2019,4,14,113.65825,-22.90146,"original",0,NA,NA,96.4634246826172
"Rhincodon typus",-22.7,113.6,17998,2019,4,12,113.6,-22.7,"original",0,NA,NA,164.364624023438
"Rhincodon typus",-22.9252077562327,113.559556786704,18003,2019,4,17,113.7,-22.9,"corrected",14.6757946926051,113.559556786704,-22.9252077562327,96.4634246826172
"Rhincodon typus",-22.9252077562327,113.559556786704,18013,2019,4,27,113.8,-22.9,"corrected",24.8241479686729,113.559556786704,-22.9252077562327,96.4634246826172
"Rhincodon typus",-22.8,113.6,17991,2019,4,5,113.6,-22.8,"original",0,NA,NA,164.364624023438
"Rhincodon typus",-23.39679,113.46358,17991,2019,4,5,113.46358,-23.39679,"original",0,NA,NA,57.8942565917969
"Rhincodon typus",-22.9252077562327,113.559556786704,18009,2019,4,23,113.8,-22.9,"corrected",24.8241479686729,113.559556786704,-22.9252077562327,96.4634246826172
"Rhincodon typus",-22.7,113.6,17987,2019,4,1,113.6,-22.7,"original",0,NA,NA,164.364624023438
"Rhincodon typus",-22.4265927977839,113.559556786704,18012,2019,4,26,113.7,-22.4,"corrected",14.7568732910328,113.559556786704,-22.4265927977839,410.919006347656
"Rhincodon typus",-22.9252077562327,113.559556786704,17990,2019,4,4,113.7,-22.9,"corrected",14.6757946926051,113.559556786704,-22.9252077562327,96.4634246826172
"Rhincodon typus",-22.79303,113.54498,17992,2019,4,6,113.54498,-22.79303,"original",0,NA,NA,164.364624023438
"Rhincodon typus",-22.9,113.6,18002,2019,4,16,113.6,-22.9,"original",0,NA,NA,96.4634246826172
"Rhincodon typus",-22.9252077562327,113.559556786704,18013,2019,4,27,113.7,-22.9,"corrected",14.6757946926051,113.559556786704,-22.9252077562327,96.4634246826172
"Rhincodon typus",-22.9252077562327,113.559556786704,18000,2019,4,14,113.69615,-22.89441,"corrected",14.4222493619315,113.559556786704,-22.9252077562327,96.4634246826172
"Rhincodon typus",-25,113,17989,2019,4,3,113,-25,"original",0,NA,NA,51.7861557006836
"Rhincodon typus",-22.83228,113.64323,17991,2019,4,5,113.64323,-22.83228,"original",0,NA,NA,96.4634246826172
"Rhincodon typus",-22.7,113.6,17990,2019,4,4,113.6,-22.7,"original",0,NA,NA,164.364624023438
"Rhincodon typus",-23.30788,113.51727,17991,2019,4,5,113.51727,-23.30788,"original",0,NA,NA,57.8942565917969
"Rhincodon typus",-22.70871,113.58676,17987,2019,4,1,113.58676,-22.70871,"original",0,NA,NA,164.364624023438
"Rhincodon typus",-23.26117,113.57756,17989,2019,4,3,113.57756,-23.26117,"original",0,NA,NA,77.0263366699219
"Rhincodon typus",-22.9252077562327,113.559556786704,18008,2019,4,22,113.69117,-22.87289,"corrected",14.6938136789664,113.559556786704,-22.9252077562327,96.4634246826172
"Rhincodon typus",-22.8684,113.66991,18004,2019,4,18,113.66991,-22.8684,"original",0,NA,NA,96.4634246826172
"Rhincodon typus",-25.1767,113.00816,17989,2019,4,3,113.00816,-25.1767,"original",0,NA,NA,47.9324760437012
"Rhincodon typus",-25.8,112.9,17987,2019,4,1,112.9,-25.8,"original",0,NA,NA,96.9848403930664
"Rhincodon typus",-25.63594,112.78855,17987,2019,4,1,112.78855,-25.63594,"original",0,NA,NA,77.0546112060547
"Rhincodon typus",-23.92663,113.19887,17991,2019,4,5,113.19887,-23.92663,"original",0,NA,NA,58.9981498718262
"Rhincodon typus",-22,113.9,18007,2019,4,21,113.9,-22,"original",0,NA,NA,402.422149658203
"Rhincodon typus",-23.07213,113.62905,17997,2019,4,11,113.62905,-23.07213,"original",0,NA,NA,77.0263366699219
"Rhincodon typus",-22.9,113.6,17993,2019,4,7,113.6,-22.9,"original",0,NA,NA,96.4634246826172
"Rhincodon typus",-23.57375,113.25544,17991,2019,4,5,113.25544,-23.57375,"original",0,NA,NA,83.2094879150391
"Rhincodon typus",-23.42985,113.38219,17991,2019,4,5,113.38219,-23.42985,"original",0,NA,NA,133.690658569336
"Rhincodon typus",-24.80629,113.01512,17990,2019,4,4,113.01512,-24.80629,"original",0,NA,NA,51.7861557006836
"Rhincodon typus",-22.7,113.6,17989,2019,4,3,113.6,-22.7,"original",0,NA,NA,164.364624023438
"Rhincodon typus",-22.6759002770083,113.559556786704,17997,2019,4,11,113.7,-22.8,"corrected",19.9244097789753,113.559556786704,-22.6759002770083,164.364624023438
"Rhincodon typus",-22.9252077562327,113.559556786704,17990,2019,4,4,113.8,-22.9,"corrected",24.8241479686729,113.559556786704,-22.9252077562327,96.4634246826172
"Rhincodon typus",-22.8,113.6,18000,2019,4,14,113.6,-22.8,"original",0,NA,NA,164.364624023438
"Rhincodon typus",-23.69161,113.31184,17989,2019,4,3,113.31184,-23.69161,"original",0,NA,NA,83.2094879150391
"Rhincodon typus",-24.23595,113.09382,17990,2019,4,4,113.09382,-24.23595,"original",0,NA,NA,79.4125900268555
"Rhincodon typus",-22.83264,113.65989,17991,2019,4,5,113.65989,-22.83264,"original",0,NA,NA,96.4634246826172
"Rhincodon typus",-22.96279,113.66097,18001,2019,4,15,113.66097,-22.96279,"original",0,NA,NA,96.4634246826172
"Rhincodon typus",-22.69875,113.58089,17987,2019,4,1,113.58089,-22.69875,"original",0,NA,NA,164.364624023438
"Rhincodon typus",-24.23384,113.13665,17990,2019,4,4,113.13665,-24.23384,"original",0,NA,NA,79.4125900268555
"Rhincodon typus",-22.9252077562327,113.559556786704,17997,2019,4,11,113.8,-22.9,"corrected",24.8241479686729,113.559556786704,-22.9252077562327,96.4634246826172
"Rhincodon typus",-22.6759002770083,113.559556786704,18016,2019,4,30,113.7,-22.8,"corrected",19.9244097789753,113.559556786704,-22.6759002770083,164.364624023438
"Rhincodon typus",-22.6759002770083,113.559556786704,18015,2019,4,29,113.7,-22.8,"corrected",19.9244097789753,113.559556786704,-22.6759002770083,164.364624023438
"Rhincodon typus",-22.9252077562327,113.559556786704,18004,2019,4,18,113.7,-22.9,"corrected",14.6757946926051,113.559556786704,-22.9252077562327,96.4634246826172
"Rhincodon typus",-23.3361,113.52102,17991,2019,4,5,113.52102,-23.3361,"original",0,NA,NA,57.8942565917969
"Rhincodon typus",-25.16221,113.02963,17989,2019,4,3,113.02963,-25.16221,"original",0,NA,NA,47.9324760437012
"Rhincodon typus",-22.9252077562327,113.559556786704,17996,2019,4,10,113.71512,-22.93669,"corrected",16.0074202559964,113.559556786704,-22.9252077562327,96.4634246826172
"Rhincodon typus",-22.71617,113.58214,17992,2019,4,6,113.58214,-22.71617,"original",0,NA,NA,164.364624023438
"Rhincodon typus",-22.71862,113.58362,17992,2019,4,6,113.58362,-22.71862,"original",0,NA,NA,164.364624023438
"Rhincodon typus",-22.4265927977839,113.559556786704,18013,2019,4,27,113.7,-22.4,"corrected",14.7568732910328,113.559556786704,-22.4265927977839,410.919006347656
"Rhincodon typus",-22.90155,113.65772,18000,2019,4,14,113.65772,-22.90155,"original",0,NA,NA,96.4634246826172
"Rhincodon typus",-22.6759002770083,113.559556786704,17987,2019,4,1,113.7,-22.6,"corrected",16.7052244570776,113.559556786704,-22.6759002770083,164.364624023438
"Rhincodon typus",-22.9252077562327,113.559556786704,17995,2019,4,9,113.71386,-22.97684,"corrected",16.8265692671724,113.559556786704,-22.9252077562327,96.4634246826172
"Rhincodon typus",-23.62791,113.36355,17989,2019,4,3,113.36355,-23.62791,"original",0,NA,NA,83.2094879150391
"Rhincodon typus",-23.36436,113.45844,17991,2019,4,5,113.45844,-23.36436,"original",0,NA,NA,57.8942565917969
"Rhincodon typus",-22.6759002770083,113.559556786704,18000,2019,4,14,113.7,-22.8,"corrected",19.9244097789753,113.559556786704,-22.6759002770083,164.364624023438
"Rhincodon typus",-22.67964,113.56725,17988,2019,4,2,113.56725,-22.67964,"original",0,NA,NA,164.364624023438
"Rhincodon typus",-22.71067,113.55569,18002,2019,4,16,113.55569,-22.71067,"original",0,NA,NA,164.364624023438
"Rhincodon typus",-22.9252077562327,113.559556786704,18009,2019,4,23,113.68884,-22.86978,"corrected",14.615838338165,113.559556786704,-22.9252077562327,96.4634246826172
"Rhincodon typus",-22.69456,113.58012,17988,2019,4,2,113.58012,-22.69456,"original",0,NA,NA,164.364624023438
"Rhincodon typus",-25.91637,112.8541,17987,2019,4,1,112.8541,-25.91637,"original",0,NA,NA,96.9848403930664
"Rhincodon typus",-22.71126,113.58225,18001,2019,4,15,113.58225,-22.71126,"original",0,NA,NA,164.364624023438
"Rhincodon typus",-22.8,113.6,17992,2019,4,6,113.6,-22.8,"original",0,NA,NA,164.364624023438
"Rhincodon typus",-22.82887,113.65884,17993,2019,4,7,113.65884,-22.82887,"original",0,NA,NA,96.4634246826172
"Rhincodon typus",-22.9252077562327,113.559556786704,18004,2019,4,18,113.71028,-22.93783,"corrected",15.5233722669213,113.559556786704,-22.9252077562327,96.4634246826172
"Rhincodon typus",-23.33481,113.4087,17991,2019,4,5,113.4087,-23.33481,"original",0,NA,NA,133.690658569336
"Rhincodon typus",-22.88863,113.64286,18002,2019,4,16,113.64286,-22.88863,"original",0,NA,NA,96.4634246826172
"Rhincodon typus",-23.68081,113.3197,17989,2019,4,3,113.3197,-23.68081,"original",0,NA,NA,83.2094879150391
"Rhincodon typus",-24.28262,113.08941,17990,2019,4,4,113.08941,-24.28262,"original",0,NA,NA,79.4125900268555
"Rhincodon typus",-22,113.8,18007,2019,4,21,113.8,-22,"original",0,NA,NA,402.422149658203
"Rhincodon typus",-23.70882,113.30941,17989,2019,4,3,113.30941,-23.70882,"original",0,NA,NA,83.2094879150391
"Rhincodon typus",-24.21669,113.13525,17990,2019,4,4,113.13525,-24.21669,"original",0,NA,NA,79.4125900268555
"Rhincodon typus",-22.9252077562327,113.559556786704,18016,2019,4,30,113.7,-22.9,"corrected",14.6757946926051,113.559556786704,-22.9252077562327,96.4634246826172
"Rhincodon typus",-22.67167,113.56233,17988,2019,4,2,113.56233,-22.67167,"original",0,NA,NA,164.364624023438
"Rhincodon typus",-24.21032,113.13766,17990,2019,4,4,113.13766,-24.21032,"original",0,NA,NA,79.4125900268555
"Rhincodon typus",-22.3,113.7,18010,2019,4,24,113.7,-22.3,"original",0,NA,NA,199.812454223633
"Rhincodon typus",-24.271,112.68183,17988,2019,4,2,112.68183,-24.271,"original",0,NA,NA,290.305633544922
"Rhincodon typus",-22.95987,113.58162,17995,2019,4,9,113.58162,-22.95987,"original",0,NA,NA,96.4634246826172
"Rhincodon typus",-24.07771,113.36365,17988,2019,4,2,113.36365,-24.07771,"original",0,NA,NA,51.1054573059082
"Rhincodon typus",-22.9252077562327,113.559556786704,17991,2019,4,5,113.7,-22.9,"corrected",14.6757946926051,113.559556786704,-22.9252077562327,96.4634246826172
"Rhincodon typus",-22.9252077562327,113.559556786704,17994,2019,4,8,113.8,-22.9,"corrected",24.8241479686729,113.559556786704,-22.9252077562327,96.4634246826172
"Rhincodon typus",-22.9252077562327,113.559556786704,17998,2019,4,12,113.69741,-23.02095,"corrected",17.670393694611,113.559556786704,-22.9252077562327,96.4634246826172
"Rhincodon typus",-26.1662049861496,113.060941828255,17988,2019,4,2,112.97244,-26.03873,"corrected",16.6682341747233,113.060941828255,-26.1662049861496,86.9871978759766
"Rhincodon typus",-22.9252077562327,113.559556786704,17997,2019,4,11,113.70459,-22.97267,"corrected",15.7760988268777,113.559556786704,-22.9252077562327,96.4634246826172
"Rhincodon typus",-22.9252077562327,113.559556786704,17995,2019,4,9,113.7,-22.9,"corrected",14.6757946926051,113.559556786704,-22.9252077562327,96.4634246826172
"Rhincodon typus",-23.42127,113.30997,17991,2019,4,5,113.30997,-23.42127,"original",0,NA,NA,133.690658569336
"Rhincodon typus",-22.9252077562327,113.559556786704,17994,2019,4,8,113.7,-22.9,"corrected",14.6757946926051,113.559556786704,-22.9252077562327,96.4634246826172
"Rhincodon typus",-22.9,113.6,17999,2019,4,13,113.6,-22.9,"original",0,NA,NA,96.4634246826172
"Rhincodon typus",-25.9168975069252,113.310249307479,17989,2019,4,3,113.1,-25.9,"corrected",21.1489812495203,113.310249307479,-25.9168975069252,10.4922046661377
"Rhincodon typus",-23.20278,113.61081,17989,2019,4,3,113.61081,-23.20278,"original",0,NA,NA,77.0263366699219
"Rhincodon typus",-19.5,104.5,18012,2019,4,26,104.5,-19.5,"original",0,NA,NA,5604.302734375
"Rhincodon typus",9.55011,123.30727,18018,2019,5,2,123.30727,9.55011,"original",0,NA,NA,238.074722290039
"Rhincodon typus",-22.6759002770083,113.559556786704,18022,2019,5,6,113.73408,-22.78678,"corrected",21.7295916964959,113.559556786704,-22.6759002770083,164.364624023438
"Rhincodon typus",-22.8,113.6,18045,2019,5,29,113.6,-22.8,"original",0,NA,NA,164.364624023438
"Rhincodon typus",-22.7621,113.55275,18044,2019,5,28,113.55275,-22.7621,"original",0,NA,NA,164.364624023438
"Rhincodon typus",-22.6759002770083,113.559556786704,18021,2019,5,5,113.7,-22.6,"corrected",16.7052244570776,113.559556786704,-22.6759002770083,164.364624023438
"Rhincodon typus",-22.72943,113.58202,18021,2019,5,5,113.58202,-22.72943,"original",0,NA,NA,164.364624023438
"Rhincodon typus",-22.9252077562327,113.559556786704,18022,2019,5,6,113.7,-22.9,"corrected",14.6757946926051,113.559556786704,-22.9252077562327,96.4634246826172
"Rhincodon typus",-22.8,113.6,18021,2019,5,5,113.6,-22.8,"original",0,NA,NA,164.364624023438
"Rhincodon typus",-22.88583,113.6648,18024,2019,5,8,113.6648,-22.88583,"original",0,NA,NA,96.4634246826172
"Rhincodon typus",-22.8,113.6,18028,2019,5,12,113.6,-22.8,"original",0,NA,NA,164.364624023438
"Rhincodon typus",-22.6759002770083,113.559556786704,18017,2019,5,1,113.7,-22.8,"corrected",19.9244097789753,113.559556786704,-22.6759002770083,164.364624023438
"Rhincodon typus",-22.72595,113.54088,18017,2019,5,1,113.54088,-22.72595,"original",0,NA,NA,164.364624023438
"Rhincodon typus",-22.45248,113.33074,18019,2019,5,3,113.33074,-22.45248,"original",0,NA,NA,1168.185546875
"Rhincodon typus",-22.85828,113.67785,18020,2019,5,4,113.67785,-22.85828,"original",0,NA,NA,96.4634246826172
"Rhincodon typus",-22.8192,113.62919,18017,2019,5,1,113.62919,-22.8192,"original",0,NA,NA,96.4634246826172
"Rhincodon typus",-22.9252077562327,113.559556786704,18018,2019,5,2,113.7,-22.9,"corrected",14.6757946926051,113.559556786704,-22.9252077562327,96.4634246826172
"Rhincodon typus",-22.8,113.6,18017,2019,5,1,113.6,-22.8,"original",0,NA,NA,164.364624023438
"Rhincodon typus",-22.9252077562327,113.559556786704,18027,2019,5,11,113.7,-22.9,"corrected",14.6757946926051,113.559556786704,-22.9252077562327,96.4634246826172
"Rhincodon typus",-22.9252077562327,113.559556786704,18019,2019,5,3,113.7,-22.9,"corrected",14.6757946926051,113.559556786704,-22.9252077562327,96.4634246826172
"Rhincodon typus",-22.7,113.6,18018,2019,5,2,113.6,-22.7,"original",0,NA,NA,164.364624023438
"Rhincodon typus",-22.6759002770083,113.559556786704,18020,2019,5,4,113.7,-22.8,"corrected",19.9244097789753,113.559556786704,-22.6759002770083,164.364624023438
"Rhincodon typus",-22.7,113.6,18021,2019,5,5,113.6,-22.7,"original",0,NA,NA,164.364624023438
"Rhincodon typus",-22.8,113.6,18023,2019,5,7,113.6,-22.8,"original",0,NA,NA,164.364624023438
"Rhincodon typus",-22.9252077562327,113.559556786704,18026,2019,5,10,113.7,-22.9,"corrected",14.6757946926051,113.559556786704,-22.9252077562327,96.4634246826172
"Rhincodon typus",-22.9,113.6,18039,2019,5,23,113.6,-22.9,"original",0,NA,NA,96.4634246826172
"Rhincodon typus",-22.8,113.6,18032,2019,5,16,113.6,-22.8,"original",0,NA,NA,164.364624023438
"Rhincodon typus",-22.74486,113.57539,18024,2019,5,8,113.57539,-22.74486,"original",0,NA,NA,164.364624023438
"Rhincodon typus",-22.7,113.6,18020,2019,5,4,113.6,-22.7,"original",0,NA,NA,164.364624023438
"Rhincodon typus",-22.9252077562327,113.559556786704,18024,2019,5,8,113.7,-22.9,"corrected",14.6757946926051,113.559556786704,-22.9252077562327,96.4634246826172
"Rhincodon typus",-21.5,109.5,18018,2019,5,2,109.5,-21.5,"original",0,NA,NA,5037.14306640625
"Rhincodon typus",-22.77283,113.63515,18061,2019,6,14,113.63515,-22.77283,"original",0,NA,NA,164.364624023438
"Rhincodon typus",-22.9252077562327,113.559556786704,18061,2019,6,14,113.69428,-22.81957,"corrected",18.1104952007647,113.559556786704,-22.9252077562327,96.4634246826172
"Rhincodon typus",-21.95112,113.82363,18053,2019,6,6,113.82363,-21.95112,"original",0,NA,NA,402.422149658203
"Rhincodon typus",5.99445983379507,102.590027700831,18068,2019,6,21,102.62224,5.8636,"corrected",14.9043641613636,102.590027700831,5.99445983379507,19.1895656585693
"Rhincodon typus",-21.97474,113.45886,18077,2019,6,30,113.45886,-21.97474,"original",0,NA,NA,1179.9716796875
"Rhincodon typus",-22.1,113.8,18051,2019,6,4,113.8,-22.1,"original",0,NA,NA,199.812454223633
"Rhincodon typus",-22,113.9,18056,2019,6,9,113.9,-22,"original",0,NA,NA,402.422149658203
"Rhincodon typus",-22.69637,113.49525,18060,2019,6,13,113.49525,-22.69637,"original",0,NA,NA,164.364624023438
"Rhincodon typus",-22,113.9,18052,2019,6,5,113.9,-22,"original",0,NA,NA,402.422149658203
"Rhincodon typus",-22.14115,113.77145,18053,2019,6,6,113.77145,-22.14115,"original",0,NA,NA,199.812454223633
"Rhincodon typus",-22.8,113.6,18061,2019,6,14,113.6,-22.8,"original",0,NA,NA,164.364624023438
"Rhincodon typus",-22.62991,113.45752,18061,2019,6,14,113.45752,-22.62991,"original",0,NA,NA,164.364624023438
"Rhincodon typus",-22.3,113.8,18053,2019,6,6,113.8,-22.3,"original",0,NA,NA,199.812454223633
"Rhincodon typus",-22.6759002770083,113.559556786704,18062,2019,6,15,113.7,-22.8,"corrected",19.9244097789753,113.559556786704,-22.6759002770083,164.364624023438
"Rhincodon typus",-22.75085,113.58426,18062,2019,6,15,113.58426,-22.75085,"original",0,NA,NA,164.364624023438
"Rhincodon typus",-22.23944,113.71392,18053,2019,6,6,113.71392,-22.23944,"original",0,NA,NA,199.812454223633
"Rhincodon typus",-22.86494,113.61752,18049,2019,6,2,113.61752,-22.86494,"original",0,NA,NA,96.4634246826172
"Rhincodon typus",10.19592,99.75055,18121,2019,8,13,99.75055,10.19592,"original",0,NA,NA,45.5035438537598
"Rhincodon typus",-1.10312,130.54463,18162,2019,9,23,130.54463,-1.10312,"original",0,NA,NA,376.655944824219
"Rhincodon typus",9.5984,123.50542,18190,2019,10,21,123.50542,9.5984,"original",0,NA,NA,566.537414550781
"Rhincodon typus",-22.4265927977839,113.559556786704,18175,2019,10,6,113.7,-22.5,"corrected",16.5837925746159,113.559556786704,-22.4265927977839,410.919006347656
"Rhincodon typus",9.56011,123.46112,18214,2019,11,14,123.46112,9.56011,"original",0,NA,NA,566.537414550781
"Rhincodon typus",9.44789,123.36125,18220,2019,11,20,123.36125,9.44789,"original",0,NA,NA,238.074722290039
"Rhincodon typus",-4.55345,129.94892,18208,2019,11,8,129.94892,-4.55345,"original",0,NA,NA,1515.80187988281
"Rhincodon typus",11.84905,102.33094,18219,2019,11,19,102.33094,11.84905,"original",0,NA,NA,30.7197380065918
"Rhincodon typus",10.10006,125.00538,18250,2019,12,20,125.00538,10.10006,"original",0,NA,NA,484.540802001953
"Rhincodon typus",-10.59263,105.5704,18255,2019,12,25,105.5704,-10.59263,"original",0,NA,NA,3114.38818359375
"Rhincodon typus",-10.4598337950138,105.831024930748,18246,2019,12,16,105.70018,-10.52218,"corrected",15.8973438220753,105.831024930748,-10.4598337950138,3598.546875
"Rhincodon typus",9.47725,123.44486,17562,2018,1,31,123.44486,9.47725,"original",0,NA,NA,566.537414550781
"Rhincodon typus",-10.58463,105.65802,17548,2018,1,17,105.65802,-10.58463,"original",0,NA,NA,3114.38818359375
"Rhincodon typus",-13.2398,137.03688,17546,2018,1,15,137.03688,-13.2398,"original",0,NA,NA,35.1239166259766
"Rhincodon typus",-25.6,112.9,17550,2018,1,19,112.9,-25.6,"original",0,NA,NA,77.0546112060547
"Rhincodon typus",-25.6,112.9,17558,2018,1,27,112.9,-25.6,"original",0,NA,NA,77.0546112060547
"Rhincodon typus",-25.5,113,17551,2018,1,20,113,-25.5,"original",0,NA,NA,32.9635162353516
"Rhincodon typus",-25.6,113,17556,2018,1,25,113,-25.6,"original",0,NA,NA,18.7328910827637
"Rhincodon typus",-25,113.1,17558,2018,1,27,113.1,-25,"original",0,NA,NA,51.7861557006836
"Rhincodon typus",-31.70521,112.44489,17562,2018,1,31,112.44489,-31.70521,"original",0,NA,NA,5039.111328125
"Rhincodon typus",-25.7,112.9,17553,2018,1,22,112.9,-25.7,"original",0,NA,NA,77.0546112060547
"Rhincodon typus",-31.91218,113.11009,17533,2018,1,2,113.11009,-31.91218,"original",0,NA,NA,4878.83251953125
"Rhincodon typus",-25.6,113,17559,2018,1,28,113,-25.6,"original",0,NA,NA,18.7328910827637
"Rhincodon typus",-25.6,112.9,17556,2018,1,25,112.9,-25.6,"original",0,NA,NA,77.0546112060547
"Rhincodon typus",-25.5,113,17555,2018,1,24,113,-25.5,"original",0,NA,NA,32.9635162353516
"Rhincodon typus",-25.5,112.9,17554,2018,1,23,112.9,-25.5,"original",0,NA,NA,88.4447479248047
"Rhincodon typus",-25.6,113,17555,2018,1,24,113,-25.6,"original",0,NA,NA,18.7328910827637
"Rhincodon typus",-25.1,113.2,17561,2018,1,30,113.2,-25.1,"original",0,NA,NA,20.0385417938232
"Rhincodon typus",-25.6,112.9,17554,2018,1,23,112.9,-25.6,"original",0,NA,NA,77.0546112060547
"Rhincodon typus",-25.6,113,17553,2018,1,22,113,-25.6,"original",0,NA,NA,18.7328910827637
"Rhincodon typus",-26.1,113.2,17549,2018,1,18,113.2,-26.1,"original",0,NA,NA,16.0627059936523
"Rhincodon typus",-25.8,112.9,17549,2018,1,18,112.9,-25.8,"original",0,NA,NA,96.9848403930664
"Rhincodon typus",-25.2,113.1,17561,2018,1,30,113.1,-25.2,"original",0,NA,NA,47.9324760437012
"Rhincodon typus",-25.6675900277008,113.060941828255,17550,2018,1,19,113,-25.8,"corrected",15.8924589392246,113.060941828255,-25.6675900277008,18.7328910827637
"Rhincodon typus",-26.4155124653739,113.559556786704,17552,2018,1,21,113.4,-26.5,"corrected",18.4612449955411,113.559556786704,-26.4155124653739,19.2153797149658
"Rhincodon typus",-26,113.2,17548,2018,1,17,113.2,-26,"original",0,NA,NA,10.4922046661377
"Rhincodon typus",-25.7,113,17549,2018,1,18,113,-25.7,"original",0,NA,NA,18.7328910827637
"Rhincodon typus",-31.94678,112.97926,17561,2018,1,30,112.97926,-31.94678,"original",0,NA,NA,4878.83251953125
"Rhincodon typus",-25.6,112.9,17555,2018,1,24,112.9,-25.6,"original",0,NA,NA,77.0546112060547
"Rhincodon typus",-31.60536,113.30079,17562,2018,1,31,113.30079,-31.60536,"original",0,NA,NA,4970.5986328125
"Rhincodon typus",-26.4155124653739,113.060941828255,17551,2018,1,20,113.3,-26.4,"corrected",23.9125685454509,113.060941828255,-26.4155124653739,123.442138671875
"Rhincodon typus",-32.63194,112.97062,17537,2018,1,6,112.97062,-32.63194,"original",0,NA,NA,4312.0048828125
"Rhincodon typus",-32.76822,112.92104,17538,2018,1,7,112.92104,-32.76822,"original",0,NA,NA,4443.251953125
"Rhincodon typus",-30.05776,111.00205,17552,2018,1,21,111.00205,-30.05776,"original",0,NA,NA,5261.79638671875
"Rhincodon typus",-26.1,113.1,17548,2018,1,17,113.1,-26.1,"original",0,NA,NA,86.9871978759766
"Rhincodon typus",-30.46834,113.82647,17554,2018,1,23,113.82647,-30.46834,"original",0,NA,NA,4574.30517578125
"Rhincodon typus",-32.64156,112.93438,17537,2018,1,6,112.93438,-32.64156,"original",0,NA,NA,4443.251953125
"Rhincodon typus",-25.9168975069252,113.310249307479,17549,2018,1,18,113.1,-25.9,"corrected",21.1489812495203,113.310249307479,-25.9168975069252,10.4922046661377
"Rhincodon typus",-25.7,112.9,17559,2018,1,28,112.9,-25.7,"original",0,NA,NA,77.0546112060547
"Rhincodon typus",-26.1662049861496,113.310249307479,17556,2018,1,25,113.3,-26.3,"corrected",14.8586944266213,113.310249307479,-26.1662049861496,16.0627059936523
"Rhincodon typus",-26.1662049861496,113.060941828255,17560,2018,1,29,113.1,-26,"corrected",18.823793148299,113.060941828255,-26.1662049861496,86.9871978759766
"Rhincodon typus",-29.51651,111.10353,17554,2018,1,23,111.10353,-29.51651,"original",0,NA,NA,5510.88818359375
"Rhincodon typus",-30.63496,113.39468,17559,2018,1,28,113.39468,-30.63496,"original",0,NA,NA,4913.02783203125
"Rhincodon typus",-29.96594,110.96349,17553,2018,1,22,110.96349,-29.96594,"original",0,NA,NA,5395.63427734375
"Rhincodon typus",-30.58435,114.36016,17555,2018,1,24,114.36016,-30.58435,"original",0,NA,NA,2362.80810546875
"Rhincodon typus",-32.74902,112.74365,17540,2018,1,9,112.74365,-32.74902,"original",0,NA,NA,4443.251953125
"Rhincodon typus",-26.1662049861496,113.310249307479,17558,2018,1,27,113.2,-26.3,"corrected",18.4684842012159,113.310249307479,-26.1662049861496,16.0627059936523
"Rhincodon typus",-25.5,112.9,17555,2018,1,24,112.9,-25.5,"original",0,NA,NA,88.4447479248047
"Rhincodon typus",-26.1,113.1,17546,2018,1,15,113.1,-26.1,"original",0,NA,NA,86.9871978759766
"Rhincodon typus",-25.6,112.9,17557,2018,1,26,112.9,-25.6,"original",0,NA,NA,77.0546112060547
"Rhincodon typus",-26.2,113.2,17549,2018,1,18,113.2,-26.2,"original",0,NA,NA,16.0627059936523
"Rhincodon typus",-25.4,113.1,17560,2018,1,29,113.1,-25.4,"original",0,NA,NA,32.9635162353516
"Rhincodon typus",-26.1,113.2,17547,2018,1,16,113.2,-26.1,"original",0,NA,NA,16.0627059936523
"Rhincodon typus",-25.6675900277008,113.060941828255,17549,2018,1,18,113,-25.8,"corrected",15.8924589392246,113.060941828255,-25.6675900277008,18.7328910827637
"Rhincodon typus",-31.12513,114.20509,17558,2018,1,27,114.20509,-31.12513,"original",0,NA,NA,3893.09814453125
"Rhincodon typus",-25.6,112.9,17553,2018,1,22,112.9,-25.6,"original",0,NA,NA,77.0546112060547
"Rhincodon typus",-26.6648199445983,113.310249307479,17552,2018,1,21,113.3,-26.5,"corrected",18.2900741974208,113.310249307479,-26.6648199445983,86.1281585693359
"Rhincodon typus",-25.6,113,17557,2018,1,26,113,-25.6,"original",0,NA,NA,18.7328910827637
"Rhincodon typus",-26.1662049861496,113.060941828255,17548,2018,1,17,113.1,-26,"corrected",18.823793148299,113.060941828255,-26.1662049861496,86.9871978759766
"Rhincodon typus",-24.83447,113.05972,17558,2018,1,27,113.05972,-24.83447,"original",0,NA,NA,51.7861557006836
"Rhincodon typus",-25.5,112.9,17551,2018,1,20,112.9,-25.5,"original",0,NA,NA,88.4447479248047
"Rhincodon typus",-26.2,113.2,17557,2018,1,26,113.2,-26.2,"original",0,NA,NA,16.0627059936523
"Rhincodon typus",-26.4155124653739,113.060941828255,17555,2018,1,24,113.2,-26.5,"corrected",16.731408241342,113.060941828255,-26.4155124653739,123.442138671875
"Rhincodon typus",-32.72366,112.9246,17538,2018,1,7,112.9246,-32.72366,"original",0,NA,NA,4443.251953125
"Rhincodon typus",-25.5,112.9,17552,2018,1,21,112.9,-25.5,"original",0,NA,NA,88.4447479248047
"Rhincodon typus",-25.5,113,17559,2018,1,28,113,-25.5,"original",0,NA,NA,32.9635162353516
"Rhincodon typus",-25.2,113.3,17560,2018,1,29,113.3,-25.2,"original",0,NA,NA,20.0385417938232
"Rhincodon typus",-25.3,113.2,17560,2018,1,29,113.2,-25.3,"original",0,NA,NA,14.4283466339111
"Rhincodon typus",-25.5,113,17556,2018,1,25,113,-25.5,"original",0,NA,NA,32.9635162353516
"Rhincodon typus",-25.5,112.9,17556,2018,1,25,112.9,-25.5,"original",0,NA,NA,88.4447479248047
"Rhincodon typus",-25.6,112.9,17552,2018,1,21,112.9,-25.6,"original",0,NA,NA,77.0546112060547
"Rhincodon typus",-25.6,112.9,17551,2018,1,20,112.9,-25.6,"original",0,NA,NA,77.0546112060547
"Rhincodon typus",-32.72789,112.92552,17538,2018,1,7,112.92552,-32.72789,"original",0,NA,NA,4443.251953125
"Rhincodon typus",-25.5,113,17558,2018,1,27,113,-25.5,"original",0,NA,NA,32.9635162353516
"Rhincodon typus",-31.70257,112.4584,17562,2018,1,31,112.4584,-31.70257,"original",0,NA,NA,5039.111328125
"Rhincodon typus",-26.4155124653739,113.060941828255,17559,2018,1,28,113.3,-26.4,"corrected",23.9125685454509,113.060941828255,-26.4155124653739,123.442138671875
"Rhincodon typus",-31.70803,112.4519,17562,2018,1,31,112.4519,-31.70803,"original",0,NA,NA,5039.111328125
"Rhincodon typus",-32.6188,112.97766,17537,2018,1,6,112.97766,-32.6188,"original",0,NA,NA,4312.0048828125
"Rhincodon typus",-32.17786,112.90089,17554,2018,1,23,112.90089,-32.17786,"original",0,NA,NA,4842.8115234375
"Rhincodon typus",-31.48963,114.39275,17559,2018,1,28,114.39275,-31.48963,"original",0,NA,NA,4006.5927734375
"Rhincodon typus",-24.7,113.1,17559,2018,1,28,113.1,-24.7,"original",0,NA,NA,58.9064598083496
"Rhincodon typus",-25.52109,112.85238,17553,2018,1,22,112.85238,-25.52109,"original",0,NA,NA,88.4447479248047
"Rhincodon typus",-25.6,113,17551,2018,1,20,113,-25.6,"original",0,NA,NA,18.7328910827637
"Rhincodon typus",-31.91953,113.11489,17533,2018,1,2,113.11489,-31.91953,"original",0,NA,NA,4878.83251953125
"Rhincodon typus",-32.7668,112.91889,17538,2018,1,7,112.91889,-32.7668,"original",0,NA,NA,4443.251953125
"Rhincodon typus",-30.58867,113.64244,17553,2018,1,22,113.64244,-30.58867,"original",0,NA,NA,4858.61669921875
"Rhincodon typus",-25.9168975069252,112.81163434903,17549,2018,1,18,113,-25.9,"corrected",18.9659444342951,112.81163434903,-25.9168975069252,96.9848403930664
"Rhincodon typus",-26.1,113.2,17548,2018,1,17,113.2,-26.1,"original",0,NA,NA,16.0627059936523
"Rhincodon typus",-26.2,113.1,17549,2018,1,18,113.1,-26.2,"original",0,NA,NA,86.9871978759766
"Rhincodon typus",-30.05775,111.00204,17552,2018,1,21,111.00204,-30.05775,"original",0,NA,NA,5261.79638671875
"Rhincodon typus",-26.9141274238227,113.559556786704,17554,2018,1,23,113.7,-26.9,"corrected",14.038659226379,113.559556786704,-26.9141274238227,81.2509155273438
"Rhincodon typus",-32.71518,112.87183,17539,2018,1,8,112.87183,-32.71518,"original",0,NA,NA,4443.251953125
"Rhincodon typus",-25.5,113,17553,2018,1,22,113,-25.5,"original",0,NA,NA,32.9635162353516
"Rhincodon typus",-31.57913,113.29257,17562,2018,1,31,113.29257,-31.57913,"original",0,NA,NA,4970.5986328125
"Rhincodon typus",-29.72078,111.54444,17555,2018,1,24,111.54444,-29.72078,"original",0,NA,NA,5382.7158203125
"Rhincodon typus",-26.1662049861496,113.310249307479,17558,2018,1,27,113.3,-26.3,"corrected",14.8586944266213,113.310249307479,-26.1662049861496,16.0627059936523
"Rhincodon typus",-25.5,113,17552,2018,1,21,113,-25.5,"original",0,NA,NA,32.9635162353516
"Rhincodon typus",-32.73775,112.74169,17540,2018,1,9,112.74169,-32.73775,"original",0,NA,NA,4443.251953125
"Rhincodon typus",-30.64056,113.25778,17560,2018,1,29,113.25778,-30.64056,"original",0,NA,NA,4913.02783203125
"Rhincodon typus",-32.73002,112.74128,17540,2018,1,9,112.74128,-32.73002,"original",0,NA,NA,4443.251953125
"Rhincodon typus",-31.88684,113.09384,17533,2018,1,2,113.09384,-31.88684,"original",0,NA,NA,4878.83251953125
"Rhincodon typus",-25.24944,112.97382,17561,2018,1,30,112.97382,-25.24944,"original",0,NA,NA,47.9324760437012
"Rhincodon typus",-25.5,113,17554,2018,1,23,113,-25.5,"original",0,NA,NA,32.9635162353516
"Rhincodon typus",-25.6,112.9,17559,2018,1,28,112.9,-25.6,"original",0,NA,NA,77.0546112060547
"Rhincodon typus",-32.04091,113.10946,17533,2018,1,2,113.10946,-32.04091,"original",0,NA,NA,4737.3564453125
"Rhincodon typus",-26.2,113.1,17557,2018,1,26,113.1,-26.2,"original",0,NA,NA,86.9871978759766
"Rhincodon typus",-26.1662049861496,113.310249307479,17556,2018,1,25,113.2,-26.3,"corrected",18.4684842012159,113.310249307479,-26.1662049861496,16.0627059936523
"Rhincodon typus",-29.52102,111.02561,17554,2018,1,23,111.02561,-29.52102,"original",0,NA,NA,5510.88818359375
"Rhincodon typus",-25.5,112.9,17553,2018,1,22,112.9,-25.5,"original",0,NA,NA,88.4447479248047
"Rhincodon typus",-25.6,113,17550,2018,1,19,113,-25.6,"original",0,NA,NA,18.7328910827637
"Rhincodon typus",-25.7,113,17553,2018,1,22,113,-25.7,"original",0,NA,NA,18.7328910827637
"Rhincodon typus",-29.51488,111.05952,17554,2018,1,23,111.05952,-29.51488,"original",0,NA,NA,5510.88818359375
"Rhincodon typus",-25.4,113,17560,2018,1,29,113,-25.4,"original",0,NA,NA,32.9635162353516
"Rhincodon typus",-25.7,113,17559,2018,1,28,113,-25.7,"original",0,NA,NA,18.7328910827637
"Rhincodon typus",-29.78482,111.53435,17555,2018,1,24,111.53435,-29.78482,"original",0,NA,NA,5207.5419921875
"Rhincodon typus",-26.1662049861496,113.060941828255,17549,2018,1,18,113.1,-26,"corrected",18.823793148299,113.060941828255,-26.1662049861496,86.9871978759766
"Rhincodon typus",-26.2,113.2,17548,2018,1,17,113.2,-26.2,"original",0,NA,NA,16.0627059936523
"Rhincodon typus",-26.4155124653739,113.060941828255,17559,2018,1,28,113.22333,-26.41507,"corrected",16.2004162855545,113.060941828255,-26.4155124653739,123.442138671875
"Rhincodon typus",-25.94751,112.88853,17550,2018,1,19,112.88853,-25.94751,"original",0,NA,NA,96.9848403930664
"Rhincodon typus",-26.4155124653739,113.559556786704,17555,2018,1,24,113.4,-26.5,"corrected",18.4612449955411,113.559556786704,-26.4155124653739,19.2153797149658
"Rhincodon typus",-26.6648199445983,113.310249307479,17555,2018,1,24,113.3,-26.5,"corrected",18.2900741974208,113.310249307479,-26.6648199445983,86.1281585693359
"Rhincodon typus",-30.72435,112.90336,17540,2018,1,9,112.90336,-30.72435,"original",0,NA,NA,5017.5810546875
"Rhincodon typus",-26.13319,113.06548,17560,2018,1,29,113.06548,-26.13319,"original",0,NA,NA,86.9871978759766
"Rhincodon typus",-30.21464,111.86244,17556,2018,1,25,111.86244,-30.21464,"original",0,NA,NA,5066.380859375
"Rhincodon typus",-25.7,112.9,17557,2018,1,26,112.9,-25.7,"original",0,NA,NA,77.0546112060547
"Rhincodon typus",-30.87431,112.95993,17541,2018,1,10,112.95993,-30.87431,"original",0,NA,NA,4993.591796875
"Rhincodon typus",-32.30645,112.99984,17536,2018,1,5,112.99984,-32.30645,"original",0,NA,NA,4587.35693359375
"Rhincodon typus",-26.05564,112.48,17560,2018,1,29,112.48,-26.05564,"original",0,NA,NA,162.016296386719
"Rhincodon typus",-29.82257,111.25966,17554,2018,1,23,111.25966,-29.82257,"original",0,NA,NA,5274.33251953125
"Rhincodon typus",-31.91227,113.08363,17533,2018,1,2,113.08363,-31.91227,"original",0,NA,NA,4878.83251953125
"Rhincodon typus",-11.5456,96.00009,17562,2018,1,31,96.00009,-11.5456,"original",0,NA,NA,4514.46875
"Rhincodon typus",-11.50288,96.219,17561,2018,1,30,96.219,-11.50288,"original",0,NA,NA,4514.46875
"Rhincodon typus",-11.50648,96.27259,17560,2018,1,29,96.27259,-11.50648,"original",0,NA,NA,4449.939453125
"Rhincodon typus",-11.51227,96.26577,17561,2018,1,30,96.26577,-11.51227,"original",0,NA,NA,4449.939453125
"Rhincodon typus",-22.6,113.62,17566,2018,2,4,113.62,-22.6,"original",0,NA,NA,164.364624023438
"Rhincodon typus",-22.6,113.61,17566,2018,2,4,113.61,-22.6,"original",0,NA,NA,164.364624023438
"Rhincodon typus",-23.174515235457,113.559556786704,17568,2018,2,6,113.7,-23.12,"corrected",15.5986585582539,113.559556786704,-23.174515235457,77.0263366699219
"Rhincodon typus",-30.5,114.5,17569,2018,2,7,114.5,-30.5,"original",0,NA,NA,551.961853027344
"Rhincodon typus",-23.40638,113.46542,17574,2018,2,12,113.46542,-23.40638,"original",0,NA,NA,57.8942565917969
"Rhincodon typus",-25.7,113,17567,2018,2,5,113,-25.7,"original",0,NA,NA,18.7328910827637
"Rhincodon typus",-31.42731,112.60255,17582,2018,2,20,112.60255,-31.42731,"original",0,NA,NA,5046.93359375
"Rhincodon typus",-31.84569,112.87427,17570,2018,2,8,112.87427,-31.84569,"original",0,NA,NA,4950.40673828125
"Rhincodon typus",-31.83828,112.88093,17570,2018,2,8,112.88093,-31.83828,"original",0,NA,NA,4950.40673828125
"Rhincodon typus",-31.13681,113.06036,17589,2018,2,27,113.06036,-31.13681,"original",0,NA,NA,5015.3212890625
"Rhincodon typus",-26.6648199445983,113.310249307479,17564,2018,2,2,113.3,-26.5,"corrected",18.2900741974208,113.310249307479,-26.6648199445983,86.1281585693359
"Rhincodon typus",-31.48084,112.58597,17582,2018,2,20,112.58597,-31.48084,"original",0,NA,NA,5046.93359375
"Rhincodon typus",-23.88069,113.06147,17575,2018,2,13,113.06147,-23.88069,"original",0,NA,NA,113.308349609375
"Rhincodon typus",-31.91407,113.07338,17566,2018,2,4,113.07338,-31.91407,"original",0,NA,NA,4878.83251953125
"Rhincodon typus",-31.93801,112.97384,17567,2018,2,5,112.97384,-31.93801,"original",0,NA,NA,4878.83251953125
"Rhincodon typus",-31.03329,112.79564,17584,2018,2,22,112.79564,-31.03329,"original",0,NA,NA,5042.32421875
"Rhincodon typus",-25.9168975069252,112.81163434903,17567,2018,2,5,113,-25.9,"corrected",18.9659444342951,112.81163434903,-25.9168975069252,96.9848403930664
"Rhincodon typus",-31.94208,113.00325,17568,2018,2,6,113.00325,-31.94208,"original",0,NA,NA,4878.83251953125
"Rhincodon typus",-22.83459,112.44444,17588,2018,2,26,112.44444,-22.83459,"original",0,NA,NA,1353.79052734375
"Rhincodon typus",-31.75848,112.81623,17571,2018,2,9,112.81623,-31.75848,"original",0,NA,NA,5003.087890625
"Rhincodon typus",-31.97744,112.54098,17574,2018,2,12,112.54098,-31.97744,"original",0,NA,NA,4999.75927734375
"Rhincodon typus",-31.40546,112.60678,17582,2018,2,20,112.60678,-31.40546,"original",0,NA,NA,5046.93359375
"Rhincodon typus",-31.02793,113.28969,17588,2018,2,26,113.28969,-31.02793,"original",0,NA,NA,4997.58203125
"Rhincodon typus",-31.60332,112.29513,17563,2018,2,1,112.29513,-31.60332,"original",0,NA,NA,5073.70361328125
"Rhincodon typus",-31.76723,112.81091,17571,2018,2,9,112.81091,-31.76723,"original",0,NA,NA,5003.087890625
"Rhincodon typus",-31.60299,112.7932,17581,2018,2,19,112.7932,-31.60299,"original",0,NA,NA,5003.087890625
"Rhincodon typus",-31.68251,112.98503,17576,2018,2,14,112.98503,-31.68251,"original",0,NA,NA,4988.08544921875
"Rhincodon typus",-25.8,112.9,17567,2018,2,5,112.9,-25.8,"original",0,NA,NA,96.9848403930664
"Rhincodon typus",-31.57148,112.77237,17581,2018,2,19,112.77237,-31.57148,"original",0,NA,NA,5003.087890625
"Rhincodon typus",-26.6648199445983,113.310249307479,17566,2018,2,4,113.3,-26.5,"corrected",18.2900741974208,113.310249307479,-26.6648199445983,86.1281585693359
"Rhincodon typus",-25,113.1,17579,2018,2,17,113.1,-25,"original",0,NA,NA,51.7861557006836
"Rhincodon typus",-25,113.1,17583,2018,2,21,113.1,-25,"original",0,NA,NA,51.7861557006836
"Rhincodon typus",-25.6675900277008,113.060941828255,17574,2018,2,12,113,-25.8,"corrected",15.8924589392246,113.060941828255,-25.6675900277008,18.7328910827637
"Rhincodon typus",-26.6648199445983,113.310249307479,17572,2018,2,10,113.3,-26.5,"corrected",18.2900741974208,113.310249307479,-26.6648199445983,86.1281585693359
"Rhincodon typus",-31.94766,112.87314,17569,2018,2,7,112.87314,-31.94766,"original",0,NA,NA,4950.40673828125
"Rhincodon typus",-31.73498,112.75122,17572,2018,2,10,112.75122,-31.73498,"original",0,NA,NA,5003.087890625
"Rhincodon typus",-31.62338,112.97188,17576,2018,2,14,112.97188,-31.62338,"original",0,NA,NA,4988.08544921875
"Rhincodon typus",-25.9168975069252,113.310249307479,17568,2018,2,6,113.1,-25.9,"corrected",21.1489812495203,113.310249307479,-25.9168975069252,10.4922046661377
"Rhincodon typus",-26.4155124653739,113.559556786704,17565,2018,2,3,113.4,-26.5,"corrected",18.4612449955411,113.559556786704,-26.4155124653739,19.2153797149658
"Rhincodon typus",-31.22869,113.13133,17588,2018,2,26,113.13133,-31.22869,"original",0,NA,NA,5015.3212890625
"Rhincodon typus",-31.60331,112.76011,17581,2018,2,19,112.76011,-31.60331,"original",0,NA,NA,5003.087890625
"Rhincodon typus",-31.92559,112.87939,17569,2018,2,7,112.87939,-31.92559,"original",0,NA,NA,4950.40673828125
"Rhincodon typus",-26.4155124653739,113.060941828255,17565,2018,2,3,113.23426,-26.44891,"corrected",17.6797857515169,113.060941828255,-26.4155124653739,123.442138671875
"Rhincodon typus",-31.12629,113.25184,17577,2018,2,15,113.25184,-31.12629,"original",0,NA,NA,4997.58203125
"Rhincodon typus",-26.4155124653739,113.559556786704,17572,2018,2,10,113.4,-26.5,"corrected",18.4612449955411,113.559556786704,-26.4155124653739,19.2153797149658
"Rhincodon typus",-26.6648199445983,113.310249307479,17565,2018,2,3,113.3,-26.5,"corrected",18.2900741974208,113.310249307479,-26.6648199445983,86.1281585693359
"Rhincodon typus",-31.78398,112.82098,17571,2018,2,9,112.82098,-31.78398,"original",0,NA,NA,4950.40673828125
"Rhincodon typus",-31.70316,112.73527,17572,2018,2,10,112.73527,-31.70316,"original",0,NA,NA,5003.087890625
"Rhincodon typus",-25.9168975069252,112.81163434903,17567,2018,2,5,112.97942,-25.91008,"corrected",16.8275582084841,112.81163434903,-25.9168975069252,96.9848403930664
"Rhincodon typus",-31.92755,112.88967,17569,2018,2,7,112.88967,-31.92755,"original",0,NA,NA,4950.40673828125
"Rhincodon typus",-30.80129,113.57504,17578,2018,2,16,113.57504,-30.80129,"original",0,NA,NA,4850.75830078125
"Rhincodon typus",-31.66587,113.17256,17565,2018,2,3,113.17256,-31.66587,"original",0,NA,NA,4988.08544921875
"Rhincodon typus",-30.82249,113.90422,17580,2018,2,18,113.90422,-30.82249,"original",0,NA,NA,4733.103515625
"Rhincodon typus",-31.40866,112.59962,17582,2018,2,20,112.59962,-31.40866,"original",0,NA,NA,5046.93359375
"Rhincodon typus",-26.1662049861496,113.060941828255,17567,2018,2,5,113.1,-26,"corrected",18.823793148299,113.060941828255,-26.1662049861496,86.9871978759766
"Rhincodon typus",-23.4131,113.48013,17575,2018,2,13,113.48013,-23.4131,"original",0,NA,NA,57.8942565917969
"Rhincodon typus",-22.5,113.6,17582,2018,2,20,113.6,-22.5,"original",0,NA,NA,410.919006347656
"Rhincodon typus",-31.65586,112.54416,17573,2018,2,11,112.54416,-31.65586,"original",0,NA,NA,5039.111328125
"Rhincodon typus",-31.14292,113.23638,17577,2018,2,15,113.23638,-31.14292,"original",0,NA,NA,4997.58203125
"Rhincodon typus",-26.6648199445983,113.310249307479,17571,2018,2,9,113.3,-26.5,"corrected",18.2900741974208,113.310249307479,-26.6648199445983,86.1281585693359
"Rhincodon typus",-31.71119,112.7389,17572,2018,2,10,112.7389,-31.71119,"original",0,NA,NA,5003.087890625
"Rhincodon typus",-31.02452,112.79256,17584,2018,2,22,112.79256,-31.02452,"original",0,NA,NA,5057.62255859375
"Rhincodon typus",-25,113.1,17578,2018,2,16,113.1,-25,"original",0,NA,NA,51.7861557006836
"Rhincodon typus",-23.41399,113.55309,17581,2018,2,19,113.55309,-23.41399,"original",0,NA,NA,57.8942565917969
"Rhincodon typus",-25.6,112.9,17568,2018,2,6,112.9,-25.6,"original",0,NA,NA,77.0546112060547
"Rhincodon typus",-26.4155124653739,113.060941828255,17572,2018,2,10,113.3,-26.4,"corrected",23.9125685454509,113.060941828255,-26.4155124653739,123.442138671875
"Rhincodon typus",-30.88229,112.93533,17585,2018,2,23,112.93533,-30.88229,"original",0,NA,NA,5057.62255859375
"Rhincodon typus",-24.35123,113.10106,17573,2018,2,11,113.10106,-24.35123,"original",0,NA,NA,63.8399810791016
"Rhincodon typus",-25,113.2,17577,2018,2,15,113.2,-25,"original",0,NA,NA,22.9203243255615
"Rhincodon typus",-31.14049,113.23167,17577,2018,2,15,113.23167,-31.14049,"original",0,NA,NA,4997.58203125
"Rhincodon typus",-31.93834,112.97184,17567,2018,2,5,112.97184,-31.93834,"original",0,NA,NA,4878.83251953125
"Rhincodon typus",-31.92926,112.93925,17569,2018,2,7,112.93925,-31.92926,"original",0,NA,NA,4878.83251953125
"Rhincodon typus",-26.1,113.2,17573,2018,2,11,113.2,-26.1,"original",0,NA,NA,16.0627059936523
"Rhincodon typus",-26.6,113.5,17567,2018,2,5,113.5,-26.6,"original",0,NA,NA,56.5111236572266
"Rhincodon typus",-31.04897,112.78592,17584,2018,2,22,112.78592,-31.04897,"original",0,NA,NA,5042.32421875
"Rhincodon typus",-31.61768,112.97284,17576,2018,2,14,112.97284,-31.61768,"original",0,NA,NA,4988.08544921875
"Rhincodon typus",-30.95108,113.83278,17579,2018,2,17,113.83278,-30.95108,"original",0,NA,NA,4733.103515625
"Rhincodon typus",-31.85562,112.84885,17570,2018,2,8,112.84885,-31.85562,"original",0,NA,NA,4950.40673828125
"Rhincodon typus",-31.08639,112.69728,17583,2018,2,21,112.69728,-31.08639,"original",0,NA,NA,5042.32421875
"Rhincodon typus",-25,113.1,17577,2018,2,15,113.1,-25,"original",0,NA,NA,51.7861557006836
"Rhincodon typus",-25,113,17579,2018,2,17,113,-25,"original",0,NA,NA,51.7861557006836
"Rhincodon typus",-31.09022,112.68481,17583,2018,2,21,112.68481,-31.09022,"original",0,NA,NA,5078.138671875
"Rhincodon typus",-31.76395,112.80614,17571,2018,2,9,112.80614,-31.76395,"original",0,NA,NA,5003.087890625
"Rhincodon typus",-31.84466,112.90067,17570,2018,2,8,112.90067,-31.84466,"original",0,NA,NA,4950.40673828125
"Rhincodon typus",-31.63783,112.40819,17563,2018,2,1,112.40819,-31.63783,"original",0,NA,NA,5073.70361328125
"Rhincodon typus",-31.09034,112.69577,17583,2018,2,21,112.69577,-31.09034,"original",0,NA,NA,5042.32421875
"Rhincodon typus",-30.85696,112.96498,17585,2018,2,23,112.96498,-30.85696,"original",0,NA,NA,4993.591796875
"Rhincodon typus",-31.91259,113.00853,17575,2018,2,13,113.00853,-31.91259,"original",0,NA,NA,4878.83251953125
"Rhincodon typus",-25.6675900277008,113.060941828255,17566,2018,2,4,113,-25.8,"corrected",15.8924589392246,113.060941828255,-25.6675900277008,18.7328910827637
"Rhincodon typus",-25,113.1,17576,2018,2,14,113.1,-25,"original",0,NA,NA,51.7861557006836
"Rhincodon typus",-31.97348,113.10425,17567,2018,2,5,113.10425,-31.97348,"original",0,NA,NA,4878.83251953125
"Rhincodon typus",-32.02866,112.98876,17567,2018,2,5,112.98876,-32.02866,"original",0,NA,NA,4737.3564453125
"Rhincodon typus",-9.36516,98.0078,17585,2018,2,23,98.0078,-9.36516,"original",0,NA,NA,4839.275390625
"Rhincodon typus",-9.3514,97.93307,17584,2018,2,22,97.93307,-9.3514,"original",0,NA,NA,5205.53662109375
"Rhincodon typus",-9.16308,97.72754,17581,2018,2,19,97.72754,-9.16308,"original",0,NA,NA,5190.80517578125
"Rhincodon typus",-9.32404,97.89756,17583,2018,2,21,97.89756,-9.32404,"original",0,NA,NA,5174.54541015625
"Rhincodon typus",-9.0462,97.68948,17576,2018,2,14,97.68948,-9.0462,"original",0,NA,NA,5098.99267578125
"Rhincodon typus",-9.01998,97.65793,17575,2018,2,13,97.65793,-9.01998,"original",0,NA,NA,5098.99267578125
"Rhincodon typus",-9.02937,97.65461,17575,2018,2,13,97.65461,-9.02937,"original",0,NA,NA,5098.99267578125
"Rhincodon typus",-29.5,114.5,17579,2018,2,17,114.5,-29.5,"original",0,NA,NA,49.0146484375
"Rhincodon typus",-28.6592797783933,114.556786703601,17583,2018,2,21,114.5,-28.5,"corrected",18.5063357077089,114.556786703601,-28.6592797783933,28.4003982543945
"Rhincodon typus",-24.5,112.5,17580,2018,2,18,112.5,-24.5,"original",0,NA,NA,161.586196899414
"Rhincodon typus",-30.5,113.5,17568,2018,2,6,113.5,-30.5,"original",0,NA,NA,4785.68359375
"Rhincodon typus",-23.5,112.5,17584,2018,2,22,112.5,-23.5,"original",0,NA,NA,959.310607910156
"Rhincodon typus",-13.9501385041551,136.246537396122,17593,2018,3,3,136.38232,-13.8238,"corrected",20.2675594250515,136.246537396122,-13.9501385041551,12.7156143188477
"Rhincodon typus",1.9871,118.62037,17612,2018,3,22,118.62037,1.9871,"original",0,NA,NA,157.977966308594
"Rhincodon typus",-23.174515235457,113.559556786704,17593,2018,3,3,113.73,-23.13,"corrected",18.1374521368589,113.559556786704,-23.174515235457,77.0263366699219
"Rhincodon typus",-26.1662049861496,113.060941828255,17605,2018,3,15,113.1,-26,"corrected",18.823793148299,113.060941828255,-26.1662049861496,86.9871978759766
"Rhincodon typus",-32.1391,113.91906,17613,2018,3,23,113.91906,-32.1391,"original",0,NA,NA,4460.63818359375
"Rhincodon typus",-31.70033,113.86732,17597,2018,3,7,113.86732,-31.70033,"original",0,NA,NA,4704.0244140625
"Rhincodon typus",-22.7,113.6,17600,2018,3,10,113.6,-22.7,"original",0,NA,NA,164.364624023438
"Rhincodon typus",-22,113.9,17610,2018,3,20,113.9,-22,"original",0,NA,NA,402.422149658203
"Rhincodon typus",-22,113.9,17612,2018,3,22,113.9,-22,"original",0,NA,NA,402.422149658203
"Rhincodon typus",-32.69114,113.34725,17600,2018,3,10,113.34725,-32.69114,"original",0,NA,NA,4180.56298828125
"Rhincodon typus",-22.71478,112.86161,17599,2018,3,9,112.86161,-22.71478,"original",0,NA,NA,1297.28295898438
"Rhincodon typus",-22.3,113.8,17591,2018,3,1,113.8,-22.3,"original",0,NA,NA,199.812454223633
"Rhincodon typus",-22.83575,113.6609,17609,2018,3,19,113.6609,-22.83575,"original",0,NA,NA,96.4634246826172
"Rhincodon typus",-32.65184,113.19745,17600,2018,3,10,113.19745,-32.65184,"original",0,NA,NA,4180.56298828125
"Rhincodon typus",-22.7,113.6,17605,2018,3,15,113.6,-22.7,"original",0,NA,NA,164.364624023438
"Rhincodon typus",-22.7,113.6,17604,2018,3,14,113.6,-22.7,"original",0,NA,NA,164.364624023438
"Rhincodon typus",-31.54629,111.60043,17592,2018,3,2,111.60043,-31.54629,"original",0,NA,NA,5056.529296875
"Rhincodon typus",-22.67506,113.53159,17607,2018,3,17,113.53159,-22.67506,"original",0,NA,NA,164.364624023438
"Rhincodon typus",-32.6772,113.33908,17600,2018,3,10,113.33908,-32.6772,"original",0,NA,NA,4180.56298828125
"Rhincodon typus",-32.18033,113.94616,17614,2018,3,24,113.94616,-32.18033,"original",0,NA,NA,4147.970703125
"Rhincodon typus",-22.9252077562327,113.559556786704,17621,2018,3,31,113.8,-22.9,"corrected",24.8241479686729,113.559556786704,-22.9252077562327,96.4634246826172
"Rhincodon typus",-22,113.9,17607,2018,3,17,113.9,-22,"original",0,NA,NA,402.422149658203
"Rhincodon typus",-21.7,114.4,17617,2018,3,27,114.4,-21.7,"original",0,NA,NA,47.9186668395996
"Rhincodon typus",-22.9252077562327,113.559556786704,17620,2018,3,30,113.8,-22.9,"corrected",24.8241479686729,113.559556786704,-22.9252077562327,96.4634246826172
"Rhincodon typus",-22,113.9,17605,2018,3,15,113.9,-22,"original",0,NA,NA,402.422149658203
"Rhincodon typus",-32.61799,113.21725,17599,2018,3,9,113.21725,-32.61799,"original",0,NA,NA,4180.56298828125
"Rhincodon typus",-21.57849,114.26116,17616,2018,3,26,114.26116,-21.57849,"original",0,NA,NA,47.9186668395996
"Rhincodon typus",-22.9,113.6,17608,2018,3,18,113.6,-22.9,"original",0,NA,NA,96.4634246826172
"Rhincodon typus",-25.6675900277008,113.060941828255,17599,2018,3,9,113,-25.8,"corrected",15.8924589392246,113.060941828255,-25.6675900277008,18.7328910827637
"Rhincodon typus",-22,113.9,17592,2018,3,2,113.9,-22,"original",0,NA,NA,402.422149658203
"Rhincodon typus",-22.9252077562327,113.559556786704,17620,2018,3,30,113.7,-22.9,"corrected",14.6757946926051,113.559556786704,-22.9252077562327,96.4634246826172
"Rhincodon typus",-22.1,113.9,17597,2018,3,7,113.9,-22.1,"original",0,NA,NA,199.812454223633
"Rhincodon typus",-22,113.9,17598,2018,3,8,113.9,-22,"original",0,NA,NA,402.422149658203
"Rhincodon typus",-22.6759002770083,113.559556786704,17617,2018,3,27,113.7,-22.8,"corrected",19.9244097789753,113.559556786704,-22.6759002770083,164.364624023438
"Rhincodon typus",-21.9,113.9,17599,2018,3,9,113.9,-21.9,"original",0,NA,NA,402.422149658203
"Rhincodon typus",-32.15145,113.91549,17612,2018,3,22,113.91549,-32.15145,"original",0,NA,NA,4460.63818359375
"Rhincodon typus",-21.8,114.1,17600,2018,3,10,114.1,-21.8,"original",0,NA,NA,165.018997192383
"Rhincodon typus",-22.6759002770083,113.559556786704,17612,2018,3,22,113.7,-22.8,"corrected",19.9244097789753,113.559556786704,-22.6759002770083,164.364624023438
"Rhincodon typus",-31.35993,114.18057,17619,2018,3,29,114.18057,-31.35993,"original",0,NA,NA,4536.98828125
"Rhincodon typus",-22,113.9,17606,2018,3,16,113.9,-22,"original",0,NA,NA,402.422149658203
"Rhincodon typus",-32.67687,113.32735,17600,2018,3,10,113.32735,-32.67687,"original",0,NA,NA,4180.56298828125
"Rhincodon typus",-32.6322,113.21023,17599,2018,3,9,113.21023,-32.6322,"original",0,NA,NA,4180.56298828125
"Rhincodon typus",-22,113.9,17615,2018,3,25,113.9,-22,"original",0,NA,NA,402.422149658203
"Rhincodon typus",-22.7,113.6,17594,2018,3,4,113.6,-22.7,"original",0,NA,NA,164.364624023438
"Rhincodon typus",-21.9279778393352,113.808864265928,17609,2018,3,19,114,-22,"corrected",21.2920088625279,113.808864265928,-21.9279778393352,402.422149658203
"Rhincodon typus",-22.69391,113.57515,17606,2018,3,16,113.57515,-22.69391,"original",0,NA,NA,164.364624023438
"Rhincodon typus",-22.6759002770083,113.559556786704,17603,2018,3,13,113.7,-22.8,"corrected",19.9244097789753,113.559556786704,-22.6759002770083,164.364624023438
"Rhincodon typus",-21.9,113.9,17613,2018,3,23,113.9,-21.9,"original",0,NA,NA,402.422149658203
"Rhincodon typus",-22.7,113.6,17602,2018,3,12,113.6,-22.7,"original",0,NA,NA,164.364624023438
"Rhincodon typus",-22.1,113.8,17611,2018,3,21,113.8,-22.1,"original",0,NA,NA,199.812454223633
"Rhincodon typus",-22.6759002770083,113.559556786704,17616,2018,3,26,113.7,-22.8,"corrected",19.9244097789753,113.559556786704,-22.6759002770083,164.364624023438
"Rhincodon typus",-22,113.9,17593,2018,3,3,113.9,-22,"original",0,NA,NA,402.422149658203
"Rhincodon typus",-31.31343,114.20406,17619,2018,3,29,114.20406,-31.31343,"original",0,NA,NA,4006.5927734375
"Rhincodon typus",-21.55453,114.2865,17619,2018,3,29,114.2865,-21.55453,"original",0,NA,NA,47.9186668395996
"Rhincodon typus",-22,113.9,17608,2018,3,18,113.9,-22,"original",0,NA,NA,402.422149658203
"Rhincodon typus",-22.6759002770083,113.559556786704,17607,2018,3,17,113.7,-22.8,"corrected",19.9244097789753,113.559556786704,-22.6759002770083,164.364624023438
"Rhincodon typus",-22,113.9,17604,2018,3,14,113.9,-22,"original",0,NA,NA,402.422149658203
"Rhincodon typus",-25.29989,112.74342,17610,2018,3,20,112.74342,-25.29989,"original",0,NA,NA,88.4447479248047
"Rhincodon typus",-22.1,113.9,17611,2018,3,21,113.9,-22.1,"original",0,NA,NA,199.812454223633
"Rhincodon typus",-25.6675900277008,113.060941828255,17596,2018,3,6,113,-25.8,"corrected",15.8924589392246,113.060941828255,-25.6675900277008,18.7328910827637
"Rhincodon typus",-21.57315,114.26374,17618,2018,3,28,114.26374,-21.57315,"original",0,NA,NA,47.9186668395996
"Rhincodon typus",-32.20398,113.95335,17614,2018,3,24,113.95335,-32.20398,"original",0,NA,NA,4147.970703125
"Rhincodon typus",-32.20652,113.96384,17614,2018,3,24,113.96384,-32.20652,"original",0,NA,NA,4147.970703125
"Rhincodon typus",-22.74497,113.54306,17615,2018,3,25,113.54306,-22.74497,"original",0,NA,NA,164.364624023438
"Rhincodon typus",-32.20742,113.96392,17614,2018,3,24,113.96392,-32.20742,"original",0,NA,NA,4147.970703125
"Rhincodon typus",-22.6759002770083,113.559556786704,17608,2018,3,18,113.7,-22.8,"corrected",19.9244097789753,113.559556786704,-22.6759002770083,164.364624023438
"Rhincodon typus",-25.6675900277008,113.060941828255,17598,2018,3,8,113,-25.8,"corrected",15.8924589392246,113.060941828255,-25.6675900277008,18.7328910827637
"Rhincodon typus",-32.62113,113.21886,17599,2018,3,9,113.21886,-32.62113,"original",0,NA,NA,4180.56298828125
"Rhincodon typus",-31.13228,114.30355,17619,2018,3,29,114.30355,-31.13228,"original",0,NA,NA,3893.09814453125
"Rhincodon typus",-31.49941,114.15194,17618,2018,3,28,114.15194,-31.49941,"original",0,NA,NA,4536.98828125
"Rhincodon typus",-22.73311,113.55314,17616,2018,3,26,113.55314,-22.73311,"original",0,NA,NA,164.364624023438
"Rhincodon typus",-32.14708,113.93774,17614,2018,3,24,113.93774,-32.14708,"original",0,NA,NA,4147.970703125
"Rhincodon typus",-22.7432,113.54872,17615,2018,3,25,113.54872,-22.7432,"original",0,NA,NA,164.364624023438
"Rhincodon typus",-22.8,113.6,17601,2018,3,11,113.6,-22.8,"original",0,NA,NA,164.364624023438
"Rhincodon typus",-33.02247,112.28901,17609,2018,3,19,112.28901,-33.02247,"original",0,NA,NA,3760.25244140625
"Rhincodon typus",-22.7,113.6,17601,2018,3,11,113.6,-22.7,"original",0,NA,NA,164.364624023438
"Rhincodon typus",-25.92614,112.92951,17597,2018,3,7,112.92951,-25.92614,"original",0,NA,NA,96.9848403930664
"Rhincodon typus",-22,113.8,17615,2018,3,25,113.8,-22,"original",0,NA,NA,402.422149658203
"Rhincodon typus",-31.92843,114.18176,17617,2018,3,27,114.18176,-31.92843,"original",0,NA,NA,4299.59228515625
"Rhincodon typus",-22.6759002770083,113.559556786704,17609,2018,3,19,113.7,-22.8,"corrected",19.9244097789753,113.559556786704,-22.6759002770083,164.364624023438
"Rhincodon typus",-7.50835,96.83628,17599,2018,3,9,96.83628,-7.50835,"original",0,NA,NA,4603.95849609375
"Rhincodon typus",-7.39649,96.22103,17601,2018,3,11,96.22103,-7.39649,"original",0,NA,NA,5357.36181640625
"Rhincodon typus",-7.63461,98.07962,17595,2018,3,5,98.07962,-7.63461,"original",0,NA,NA,4728.41455078125
"Rhincodon typus",-7.63464,98.07944,17595,2018,3,5,98.07944,-7.63464,"original",0,NA,NA,4728.41455078125
"Rhincodon typus",9.33932,98.0983,17627,2018,4,6,98.0983,9.33932,"original",0,NA,NA,30.1581172943115
"Rhincodon typus",10.08294,99.87905,17638,2018,4,17,99.87905,10.08294,"original",0,NA,NA,33.9330711364746
"Rhincodon typus",2.00554016620504,118.047091412742,17642,2018,4,21,118.11587,1.87036,"corrected",16.7924139825066,118.047091412742,2.00554016620504,12.2805576324463
"Rhincodon typus",-14.07145,136.25883,17642,2018,4,21,136.25883,-14.07145,"original",0,NA,NA,12.7156143188477
"Rhincodon typus",-23.174515235457,113.559556786704,17644,2018,4,23,113.71,-23.13,"corrected",16.1760001868536,113.559556786704,-23.174515235457,77.0263366699219
"Rhincodon typus",7.59488,98.88302,17622,2018,4,1,98.88302,7.59488,"original",0,NA,NA,40.6386299133301
"Rhincodon typus",-7.96675900277005,117.797783933518,17651,2018,4,30,117.72854,-8.34376,"corrected",42.3875520112866,117.797783933518,-7.96675900277005,1474.13073730469
"Rhincodon typus",-22.9252077562327,113.559556786704,17641,2018,4,20,113.7,-22.9,"corrected",14.6757946926051,113.559556786704,-22.9252077562327,96.4634246826172
"Rhincodon typus",-22.11242,113.77889,17647,2018,4,26,113.77889,-22.11242,"original",0,NA,NA,199.812454223633
"Rhincodon typus",-22.1,113.8,17644,2018,4,23,113.8,-22.1,"original",0,NA,NA,199.812454223633
"Rhincodon typus",-22.3,113.8,17637,2018,4,16,113.8,-22.3,"original",0,NA,NA,199.812454223633
"Rhincodon typus",-21.59807,114.2462,17622,2018,4,1,114.2462,-21.59807,"original",0,NA,NA,47.9186668395996
"Rhincodon typus",-22.7,113.6,17631,2018,4,10,113.6,-22.7,"original",0,NA,NA,164.364624023438
"Rhincodon typus",-21.60078,114.2515,17630,2018,4,9,114.2515,-21.60078,"original",0,NA,NA,47.9186668395996
"Rhincodon typus",-29.93585,114.15716,17629,2018,4,8,114.15716,-29.93585,"original",0,NA,NA,1320.0009765625
"Rhincodon typus",-21.67451,114.07026,17633,2018,4,12,114.07026,-21.67451,"original",0,NA,NA,165.018997192383
"Rhincodon typus",-22.1,113.8,17638,2018,4,17,113.8,-22.1,"original",0,NA,NA,199.812454223633
"Rhincodon typus",-22,113.9,17644,2018,4,23,113.9,-22,"original",0,NA,NA,402.422149658203
"Rhincodon typus",-21.9,113.9,17651,2018,4,30,113.9,-21.9,"original",0,NA,NA,402.422149658203
"Rhincodon typus",-22,113.9,17639,2018,4,18,113.9,-22,"original",0,NA,NA,402.422149658203
"Rhincodon typus",-22.4265927977839,113.559556786704,17630,2018,4,9,113.7,-22.4,"corrected",14.7568732910328,113.559556786704,-22.4265927977839,410.919006347656
"Rhincodon typus",-22.2,113.8,17646,2018,4,25,113.8,-22.2,"original",0,NA,NA,199.812454223633
"Rhincodon typus",-22.1772853185595,113.808864265928,17635,2018,4,14,113.8,-22.4,"corrected",24.6790413636136,113.808864265928,-22.1772853185595,199.812454223633
"Rhincodon typus",-22.2,113.8,17645,2018,4,24,113.8,-22.2,"original",0,NA,NA,199.812454223633
"Rhincodon typus",-22.9252077562327,113.559556786704,17625,2018,4,4,113.7,-22.9,"corrected",14.6757946926051,113.559556786704,-22.9252077562327,96.4634246826172
"Rhincodon typus",-21.57341,114.24106,17645,2018,4,24,114.24106,-21.57341,"original",0,NA,NA,47.9186668395996
"Rhincodon typus",-22.9252077562327,113.559556786704,17629,2018,4,8,113.7,-23,"corrected",16.6143799399014,113.559556786704,-22.9252077562327,96.4634246826172
"Rhincodon typus",-22.04022,113.79499,17647,2018,4,26,113.79499,-22.04022,"original",0,NA,NA,402.422149658203
"Rhincodon typus",-22.6759002770083,113.559556786704,17624,2018,4,3,113.7,-22.8,"corrected",19.9244097789753,113.559556786704,-22.6759002770083,164.364624023438
"Rhincodon typus",-29.86203,114.05061,17631,2018,4,10,114.05061,-29.86203,"original",0,NA,NA,1320.0009765625
"Rhincodon typus",-21.95797,113.80706,17647,2018,4,26,113.80706,-21.95797,"original",0,NA,NA,402.422149658203
"Rhincodon typus",-21.56589,114.2777,17629,2018,4,8,114.2777,-21.56589,"original",0,NA,NA,47.9186668395996
"Rhincodon typus",-22.1,113.9,17644,2018,4,23,113.9,-22.1,"original",0,NA,NA,199.812454223633
"Rhincodon typus",-22.2,113.9,17645,2018,4,24,113.9,-22.2,"original",0,NA,NA,199.812454223633
"Rhincodon typus",-22.6759002770083,113.559556786704,17630,2018,4,9,113.7,-22.8,"corrected",19.9244097789753,113.559556786704,-22.6759002770083,164.364624023438
"Rhincodon typus",-22.1,113.8,17641,2018,4,20,113.8,-22.1,"original",0,NA,NA,199.812454223633
"Rhincodon typus",-21.59634,114.23272,17628,2018,4,7,114.23272,-21.59634,"original",0,NA,NA,47.9186668395996
"Rhincodon typus",-21.57939,114.1973,17648,2018,4,27,114.1973,-21.57939,"original",0,NA,NA,47.9186668395996
"Rhincodon typus",-22.1,113.9,17645,2018,4,24,113.9,-22.1,"original",0,NA,NA,199.812454223633
"Rhincodon typus",-22.8,113.6,17632,2018,4,11,113.6,-22.8,"original",0,NA,NA,164.364624023438
"Rhincodon typus",-22.1,113.9,17638,2018,4,17,113.9,-22.1,"original",0,NA,NA,199.812454223633
"Rhincodon typus",-22.7,113.6,17630,2018,4,9,113.6,-22.7,"original",0,NA,NA,164.364624023438
"Rhincodon typus",-21.90227,113.80134,17647,2018,4,26,113.80134,-21.90227,"original",0,NA,NA,402.422149658203
"Rhincodon typus",-22.7,113.6,17624,2018,4,3,113.6,-22.7,"original",0,NA,NA,164.364624023438
"Rhincodon typus",-22.9252077562327,113.559556786704,17628,2018,4,7,113.7,-23,"corrected",16.6143799399014,113.559556786704,-22.9252077562327,96.4634246826172
"Rhincodon typus",-22.75027,113.57732,17632,2018,4,11,113.57732,-22.75027,"original",0,NA,NA,164.364624023438
"Rhincodon typus",-21.60329,114.23127,17628,2018,4,7,114.23127,-21.60329,"original",0,NA,NA,47.9186668395996
"Rhincodon typus",-30.1644,113.87545,17628,2018,4,7,113.87545,-30.1644,"original",0,NA,NA,3756.68530273438
"Rhincodon typus",-22.9252077562327,113.559556786704,17626,2018,4,5,113.71153,-23.01422,"corrected",18.4400848348774,113.559556786704,-22.9252077562327,96.4634246826172
"Rhincodon typus",-22.9252077562327,113.559556786704,17630,2018,4,9,113.8,-22.9,"corrected",24.8241479686729,113.559556786704,-22.9252077562327,96.4634246826172
"Rhincodon typus",-30.66833,113.793,17624,2018,4,3,113.793,-30.66833,"original",0,NA,NA,4698.57958984375
"Rhincodon typus",-21.57497,114.217,17632,2018,4,11,114.217,-21.57497,"original",0,NA,NA,47.9186668395996
"Rhincodon typus",-22.9252077562327,113.559556786704,17626,2018,4,5,113.7,-23,"corrected",16.6143799399014,113.559556786704,-22.9252077562327,96.4634246826172
"Rhincodon typus",-22,113.9,17642,2018,4,21,113.9,-22,"original",0,NA,NA,402.422149658203
"Rhincodon typus",-21.9279778393352,113.808864265928,17651,2018,4,30,114,-21.9,"corrected",19.9904721686494,113.808864265928,-21.9279778393352,402.422149658203
"Rhincodon typus",-22.9252077562327,113.559556786704,17627,2018,4,6,113.69155,-23.0475,"corrected",19.1461508401622,113.559556786704,-22.9252077562327,96.4634246826172
"Rhincodon typus",-22.4265927977839,113.559556786704,17646,2018,4,25,113.7,-22.4,"corrected",14.7568732910328,113.559556786704,-22.4265927977839,410.919006347656
"Rhincodon typus",-21.9,113.9,17647,2018,4,26,113.9,-21.9,"original",0,NA,NA,402.422149658203
"Rhincodon typus",-21.57925,114.2024,17632,2018,4,11,114.2024,-21.57925,"original",0,NA,NA,47.9186668395996
"Rhincodon typus",-21.9,114.6,17650,2018,4,29,114.6,-21.9,"original",0,NA,NA,12.5826644897461
"Rhincodon typus",10.1238,99.7926,17679,2018,5,28,99.7926,10.1238,"original",0,NA,NA,45.5035438537598
"Rhincodon typus",9.73407202216072,99.8476454293629,17654,2018,5,3,99.97434,9.79373,"corrected",15.3872690923879,99.8476454293629,9.73407202216072,16.4706802368164
"Rhincodon typus",-22.59,113.61,17663,2018,5,12,113.61,-22.59,"original",0,NA,NA,164.364624023438
"Rhincodon typus",-3.17877,134.90012,17652,2018,5,1,134.90012,-3.17877,"original",0,NA,NA,71.0225524902344
"Rhincodon typus",-22,113.9,17658,2018,5,7,113.9,-22,"original",0,NA,NA,402.422149658203
"Rhincodon typus",-21.9279778393352,113.808864265928,17657,2018,5,6,114,-21.9,"corrected",19.9904721686494,113.808864265928,-21.9279778393352,402.422149658203
"Rhincodon typus",-22,113.9,17668,2018,5,17,113.9,-22,"original",0,NA,NA,402.422149658203
"Rhincodon typus",-22.21862,113.7465,17671,2018,5,20,113.7465,-22.21862,"original",0,NA,NA,199.812454223633
"Rhincodon typus",-21.7933,113.93429,17655,2018,5,4,113.93429,-21.7933,"original",0,NA,NA,165.018997192383
"Rhincodon typus",-22,113.9,17660,2018,5,9,113.9,-22,"original",0,NA,NA,402.422149658203
"Rhincodon typus",-22.08704,113.7457,17672,2018,5,21,113.7457,-22.08704,"original",0,NA,NA,199.812454223633
"Rhincodon typus",-22.4265927977839,113.559556786704,17664,2018,5,13,113.7,-22.4,"corrected",14.7568732910328,113.559556786704,-22.4265927977839,410.919006347656
"Rhincodon typus",-21.8,114.1,17653,2018,5,2,114.1,-21.8,"original",0,NA,NA,165.018997192383
"Rhincodon typus",-22.1,113.9,17668,2018,5,17,113.9,-22.1,"original",0,NA,NA,199.812454223633
"Rhincodon typus",-22.2,113.8,17669,2018,5,18,113.8,-22.2,"original",0,NA,NA,199.812454223633
"Rhincodon typus",-22.09783,113.80199,17656,2018,5,5,113.80199,-22.09783,"original",0,NA,NA,199.812454223633
"Rhincodon typus",-21.9279778393352,113.808864265928,17655,2018,5,4,114,-22,"corrected",21.2920088625279,113.808864265928,-21.9279778393352,402.422149658203
"Rhincodon typus",-22.1,113.9,17658,2018,5,7,113.9,-22.1,"original",0,NA,NA,199.812454223633
"Rhincodon typus",-21.72709,114.02056,17655,2018,5,4,114.02056,-21.72709,"original",0,NA,NA,165.018997192383
"Rhincodon typus",-22.2,113.8,17671,2018,5,20,113.8,-22.2,"original",0,NA,NA,199.812454223633
"Rhincodon typus",-22.2,113.8,17670,2018,5,19,113.8,-22.2,"original",0,NA,NA,199.812454223633
"Rhincodon typus",-22.2,113.8,17674,2018,5,23,113.8,-22.2,"original",0,NA,NA,199.812454223633
"Rhincodon typus",-22.1,113.8,17661,2018,5,10,113.8,-22.1,"original",0,NA,NA,199.812454223633
"Rhincodon typus",-22.1,113.8,17672,2018,5,21,113.8,-22.1,"original",0,NA,NA,199.812454223633
"Rhincodon typus",-22.2,113.8,17681,2018,5,30,113.8,-22.2,"original",0,NA,NA,199.812454223633
"Rhincodon typus",-22,113.9,17659,2018,5,8,113.9,-22,"original",0,NA,NA,402.422149658203
"Rhincodon typus",-22.1,113.9,17672,2018,5,21,113.9,-22.1,"original",0,NA,NA,199.812454223633
"Rhincodon typus",-22,113.9,17674,2018,5,23,113.9,-22,"original",0,NA,NA,402.422149658203
"Rhincodon typus",-22,113.9,17653,2018,5,2,113.9,-22,"original",0,NA,NA,402.422149658203
"Rhincodon typus",-22,113.9,17652,2018,5,1,113.9,-22,"original",0,NA,NA,402.422149658203
"Rhincodon typus",-21.9,113.9,17654,2018,5,3,113.9,-21.9,"original",0,NA,NA,402.422149658203
"Rhincodon typus",-22,113.9,17656,2018,5,5,113.9,-22,"original",0,NA,NA,402.422149658203
"Rhincodon typus",-22.3,113.8,17655,2018,5,4,113.8,-22.3,"original",0,NA,NA,199.812454223633
"Rhincodon typus",-22.2,113.8,17667,2018,5,16,113.8,-22.2,"original",0,NA,NA,199.812454223633
"Rhincodon typus",-22.2,113.8,17657,2018,5,6,113.8,-22.2,"original",0,NA,NA,199.812454223633
"Rhincodon typus",-21.9279778393352,113.808864265928,17654,2018,5,3,114,-21.9,"corrected",19.9904721686494,113.808864265928,-21.9279778393352,402.422149658203
"Rhincodon typus",-22.17778,113.76791,17655,2018,5,4,113.76791,-22.17778,"original",0,NA,NA,199.812454223633
"Rhincodon typus",-22,113.9,17672,2018,5,21,113.9,-22,"original",0,NA,NA,402.422149658203
"Rhincodon typus",-22.3,113.7,17663,2018,5,12,113.7,-22.3,"original",0,NA,NA,199.812454223633
"Rhincodon typus",-21.9,113.9,17677,2018,5,26,113.9,-21.9,"original",0,NA,NA,402.422149658203
"Rhincodon typus",-21.9,113.9,17652,2018,5,1,113.9,-21.9,"original",0,NA,NA,402.422149658203
"Rhincodon typus",-21.70476,114.05146,17654,2018,5,3,114.05146,-21.70476,"original",0,NA,NA,165.018997192383
"Rhincodon typus",-22.1,113.8,17670,2018,5,19,113.8,-22.1,"original",0,NA,NA,199.812454223633
"Rhincodon typus",-22,113.9,17657,2018,5,6,113.9,-22,"original",0,NA,NA,402.422149658203
"Rhincodon typus",-22.3,113.7,17657,2018,5,6,113.7,-22.3,"original",0,NA,NA,199.812454223633
"Rhincodon typus",-22.2,113.8,17655,2018,5,4,113.8,-22.2,"original",0,NA,NA,199.812454223633
"Rhincodon typus",-21.9,113.9,17662,2018,5,11,113.9,-21.9,"original",0,NA,NA,402.422149658203
"Rhincodon typus",-22,113.9,17661,2018,5,10,113.9,-22,"original",0,NA,NA,402.422149658203
"Rhincodon typus",-21.9279778393352,113.808864265928,17658,2018,5,7,114,-21.9,"corrected",19.9904721686494,113.808864265928,-21.9279778393352,402.422149658203
"Rhincodon typus",0.260387811634395,123.03324099723,17701,2018,6,19,123.08397,0.56283,"corrected",33.9157590061485,123.03324099723,0.260387811634395,1548.4375
"Rhincodon typus",0.260387811634395,123.03324099723,17701,2018,6,19,123.12378,0.52544,"corrected",30.9924730883698,123.03324099723,0.260387811634395,1548.4375
"Rhincodon typus",0.260387811634395,123.03324099723,17701,2018,6,19,123.0133,0.44433,"corrected",20.460054206043,123.03324099723,0.260387811634395,1548.4375
"Rhincodon typus",8.98269,119.93,17704,2018,6,22,119.93,8.98269,"original",0,NA,NA,1146.05505371094
"Rhincodon typus",8.86439,119.85534,17704,2018,6,22,119.85534,8.86439,"original",0,NA,NA,783.370056152344
"Rhincodon typus",8.82402,119.89023,17704,2018,6,22,119.89023,8.82402,"original",0,NA,NA,1146.06701660156
"Rhincodon typus",-3.20416,135.11353,17700,2018,6,18,135.11353,-3.20416,"original",0,NA,NA,71.0225524902344
"Rhincodon typus",-3.22991689750688,135,17700,2018,6,18,135.04604,-3.37818,"corrected",17.1745286201528,135,-3.22991689750688,71.0225524902344
"Rhincodon typus",-19.9934,115.44793,17696,2018,6,14,115.44793,-19.9934,"original",0,NA,NA,72.8585739135742
"Rhincodon typus",-22,113.9,17691,2018,6,9,113.9,-22,"original",0,NA,NA,402.422149658203
"Rhincodon typus",-22.0253,113.8004,17692,2018,6,10,113.8004,-22.0253,"original",0,NA,NA,402.422149658203
"Rhincodon typus",-21.5687,114.23619,17692,2018,6,10,114.23619,-21.5687,"original",0,NA,NA,47.9186668395996
"Rhincodon typus",-22,113.9,17707,2018,6,25,113.9,-22,"original",0,NA,NA,402.422149658203
"Rhincodon typus",-21.9279778393352,113.808864265928,17705,2018,6,23,114,-21.9,"corrected",19.9904721686494,113.808864265928,-21.9279778393352,402.422149658203
"Rhincodon typus",-22,113.9,17709,2018,6,27,113.9,-22,"original",0,NA,NA,402.422149658203
"Rhincodon typus",-22.8,113.6,17712,2018,6,30,113.6,-22.8,"original",0,NA,NA,164.364624023438
"Rhincodon typus",-21.9279778393352,113.808864265928,17686,2018,6,4,114,-21.9,"corrected",19.9904721686494,113.808864265928,-21.9279778393352,402.422149658203
"Rhincodon typus",-20.02209,115.43914,17696,2018,6,14,115.43914,-20.02209,"original",0,NA,NA,72.8585739135742
"Rhincodon typus",-22,113.9,17706,2018,6,24,113.9,-22,"original",0,NA,NA,402.422149658203
"Rhincodon typus",-22,113.9,17694,2018,6,12,113.9,-22,"original",0,NA,NA,402.422149658203
"Rhincodon typus",-19.87629,115.45418,17687,2018,6,5,115.45418,-19.87629,"original",0,NA,NA,72.8585739135742
"Rhincodon typus",-21.9,113.9,17690,2018,6,8,113.9,-21.9,"original",0,NA,NA,402.422149658203
"Rhincodon typus",-9.5,110.5,17741,2018,7,29,110.5,-9.5,"original",0,NA,NA,1610.78918457031
"Rhincodon typus",-10.5,109.5,17741,2018,7,29,109.5,-10.5,"original",0,NA,NA,6056.18798828125
"Rhincodon typus",-20.00293,115.33768,17740,2018,7,28,115.33768,-20.00293,"original",0,NA,NA,183.113204956055
"Rhincodon typus",-22.2,113.8,17742,2018,7,30,113.8,-22.2,"original",0,NA,NA,199.812454223633
"Rhincodon typus",-21.55251,113.58808,17738,2018,7,26,113.58808,-21.55251,"original",0,NA,NA,1128.33862304688
"Rhincodon typus",-21.40009,114.10757,17740,2018,7,28,114.10757,-21.40009,"original",0,NA,NA,408.564483642578
"Rhincodon typus",-20.81718,114.35462,17739,2018,7,27,114.35462,-20.81718,"original",0,NA,NA,566.340026855469
"Rhincodon typus",-20.48576,114.8867,17739,2018,7,27,114.8867,-20.48576,"original",0,NA,NA,395.741760253906
"Rhincodon typus",-21.57684,113.74167,17739,2018,7,27,113.74167,-21.57684,"original",0,NA,NA,685.591003417969
"Rhincodon typus",-21.60098,114.29082,17738,2018,7,26,114.29082,-21.60098,"original",0,NA,NA,47.9186668395996
"Rhincodon typus",-21.56438,113.73555,17739,2018,7,27,113.73555,-21.56438,"original",0,NA,NA,685.591003417969
"Rhincodon typus",-22,113.8,17730,2018,7,18,113.8,-22,"original",0,NA,NA,402.422149658203
"Rhincodon typus",-22,113.9,17737,2018,7,25,113.9,-22,"original",0,NA,NA,402.422149658203
"Rhincodon typus",-21.65362,113.84066,17738,2018,7,26,113.84066,-21.65362,"original",0,NA,NA,685.591003417969
"Rhincodon typus",-20.71001,114.965,17743,2018,7,31,114.965,-20.71001,"original",0,NA,NA,84.5248107910156
"Rhincodon typus",-21.47957,113.84439,17739,2018,7,27,113.84439,-21.47957,"original",0,NA,NA,840.638427734375
"Rhincodon typus",-20.65401,114.94606,17743,2018,7,31,114.94606,-20.65401,"original",0,NA,NA,84.5248107910156
"Rhincodon typus",-22,113.9,17731,2018,7,19,113.9,-22,"original",0,NA,NA,402.422149658203
"Rhincodon typus",-20.3707,114.98146,17743,2018,7,31,114.98146,-20.3707,"original",0,NA,NA,93.6981201171875
"Rhincodon typus",-21.59743,113.84425,17738,2018,7,26,113.84425,-21.59743,"original",0,NA,NA,685.591003417969
"Rhincodon typus",-20.61591,114.94222,17743,2018,7,31,114.94222,-20.61591,"original",0,NA,NA,84.5248107910156
"Rhincodon typus",-21.52396,113.55298,17738,2018,7,26,113.55298,-21.52396,"original",0,NA,NA,1128.33862304688
"Rhincodon typus",-21.39177,114.10987,17740,2018,7,28,114.10987,-21.39177,"original",0,NA,NA,408.564483642578
"Rhincodon typus",-20.42054,114.98398,17743,2018,7,31,114.98398,-20.42054,"original",0,NA,NA,93.6981201171875
"Rhincodon typus",-21.6521,113.84113,17738,2018,7,26,113.84113,-21.6521,"original",0,NA,NA,685.591003417969
"Rhincodon typus",-21.57255,113.71349,17738,2018,7,26,113.71349,-21.57255,"original",0,NA,NA,685.591003417969
"Rhincodon typus",-20.17952,115.09778,17740,2018,7,28,115.09778,-20.17952,"original",0,NA,NA,240.609649658203
"Rhincodon typus",-22,113.9,17716,2018,7,4,113.9,-22,"original",0,NA,NA,402.422149658203
"Rhincodon typus",-21.57631,113.63407,17739,2018,7,27,113.63407,-21.57631,"original",0,NA,NA,1226.09045410156
"Rhincodon typus",-22.8,113.6,17715,2018,7,3,113.6,-22.8,"original",0,NA,NA,164.364624023438
"Rhincodon typus",-20.66265,114.95409,17743,2018,7,31,114.95409,-20.66265,"original",0,NA,NA,84.5248107910156
"Rhincodon typus",-20.44522,114.97817,17743,2018,7,31,114.97817,-20.44522,"original",0,NA,NA,93.6981201171875
"Rhincodon typus",-22.4265927977839,113.559556786704,17726,2018,7,14,113.7,-22.4,"corrected",14.7568732910328,113.559556786704,-22.4265927977839,410.919006347656
"Rhincodon typus",-20.76027,114.97367,17743,2018,7,31,114.97367,-20.76027,"original",0,NA,NA,84.5248107910156
"Rhincodon typus",-20.66724,114.95481,17743,2018,7,31,114.95481,-20.66724,"original",0,NA,NA,84.5248107910156
"Rhincodon typus",-20.98317,114.30709,17738,2018,7,26,114.30709,-20.98317,"original",0,NA,NA,566.340026855469
"Rhincodon typus",-21.65929,113.84687,17738,2018,7,26,113.84687,-21.65929,"original",0,NA,NA,685.591003417969
"Rhincodon typus",-21.48496,113.88351,17739,2018,7,27,113.88351,-21.48496,"original",0,NA,NA,840.638427734375
"Rhincodon typus",-22.3,113.7,17726,2018,7,14,113.7,-22.3,"original",0,NA,NA,199.812454223633
"Rhincodon typus",-21.73458,113.82772,17738,2018,7,26,113.82772,-21.73458,"original",0,NA,NA,685.591003417969
"Rhincodon typus",-20.50138,114.92262,17739,2018,7,27,114.92262,-20.50138,"original",0,NA,NA,395.741760253906
"Rhincodon typus",-21.87975,113.86807,17713,2018,7,1,113.86807,-21.87975,"original",0,NA,NA,402.422149658203
"Rhincodon typus",-22,113.9,17722,2018,7,10,113.9,-22,"original",0,NA,NA,402.422149658203
"Rhincodon typus",-21.67159,113.8327,17738,2018,7,26,113.8327,-21.67159,"original",0,NA,NA,685.591003417969
"Rhincodon typus",-21.92456,113.86582,17725,2018,7,13,113.86582,-21.92456,"original",0,NA,NA,402.422149658203
"Rhincodon typus",-22,113.9,17714,2018,7,2,113.9,-22,"original",0,NA,NA,402.422149658203
"Rhincodon typus",-20.63834,114.94274,17743,2018,7,31,114.94274,-20.63834,"original",0,NA,NA,84.5248107910156
"Rhincodon typus",-21.21211,114.04706,17740,2018,7,28,114.04706,-21.21211,"original",0,NA,NA,589.559265136719
"Rhincodon typus",-22.1,113.9,17733,2018,7,21,113.9,-22.1,"original",0,NA,NA,199.812454223633
"Rhincodon typus",-22.1,113.8,17734,2018,7,22,113.8,-22.1,"original",0,NA,NA,199.812454223633
"Rhincodon typus",-20.59995,114.92891,17743,2018,7,31,114.92891,-20.59995,"original",0,NA,NA,256.295989990234
"Rhincodon typus",-22,113.8,17735,2018,7,23,113.8,-22,"original",0,NA,NA,402.422149658203
"Rhincodon typus",-9.5,109.5,17741,2018,7,29,109.5,-9.5,"original",0,NA,NA,2215.5380859375
"Rhincodon typus",-10.5,113.5,17724,2018,7,12,113.5,-10.5,"original",0,NA,NA,2090.220703125
"Rhincodon typus",-11.5,114.5,17722,2018,7,10,114.5,-11.5,"original",0,NA,NA,4204.6123046875
"Rhincodon typus",-7.5,106.5,17743,2018,7,31,106.5,-7.5,"original",0,NA,NA,366.127685546875
"Rhincodon typus",-11.5,110.5,17739,2018,7,27,110.5,-11.5,"original",0,NA,NA,4644.28466796875
"Rhincodon typus",-10.5,110.5,17740,2018,7,28,110.5,-10.5,"original",0,NA,NA,6250.40869140625
"Rhincodon typus",-22.1772853185595,113.808864265928,17752,2018,8,9,113.76915,-22.32058,"corrected",16.3871282510708,113.808864265928,-22.1772853185595,199.812454223633
"Rhincodon typus",-12.5,102.5,17762,2018,8,19,102.5,-12.5,"original",0,NA,NA,4141.314453125
"Rhincodon typus",-13.5,102.5,17764,2018,8,21,102.5,-13.5,"original",0,NA,NA,3163.08471679688
"Rhincodon typus",-14.5,113.5,17749,2018,8,6,113.5,-14.5,"original",0,NA,NA,3223.54272460938
"Rhincodon typus",-11.5,106.5,17757,2018,8,14,106.5,-11.5,"original",0,NA,NA,5534.619140625
"Rhincodon typus",-17.67375,114.2891,17756,2018,8,13,114.2891,-17.67375,"original",0,NA,NA,2214.26220703125
"Rhincodon typus",-14.42051,118.72259,17754,2018,8,11,118.72259,-14.42051,"original",0,NA,NA,5420.02880859375
"Rhincodon typus",-19.888,115.02881,17754,2018,8,11,115.02881,-19.888,"original",0,NA,NA,674.35546875
"Rhincodon typus",-20.14639,114.91824,17754,2018,8,11,114.91824,-20.14639,"original",0,NA,NA,808.614624023438
"Rhincodon typus",-17.91096,117.53347,17747,2018,8,4,117.53347,-17.91096,"original",0,NA,NA,1670.72473144531
"Rhincodon typus",-19.71357,116.02758,17750,2018,8,7,116.02758,-19.71357,"original",0,NA,NA,97.5161437988281
"Rhincodon typus",-19.8146,113.34144,17772,2018,8,29,113.34144,-19.8146,"original",0,NA,NA,936.976257324219
"Rhincodon typus",-19.64751,115.5244,17766,2018,8,23,115.5244,-19.64751,"original",0,NA,NA,191.654800415039
"Rhincodon typus",-14.18648,118.84926,17755,2018,8,12,118.84926,-14.18648,"original",0,NA,NA,5431.58447265625
"Rhincodon typus",-20.18537,114.97289,17744,2018,8,1,114.97289,-20.18537,"original",0,NA,NA,240.609649658203
"Rhincodon typus",-19.50485,116.52983,17747,2018,8,4,116.52983,-19.50485,"original",0,NA,NA,110.10767364502
"Rhincodon typus",-19.79719,115.68795,17745,2018,8,2,115.68795,-19.79719,"original",0,NA,NA,129.111267089844
"Rhincodon typus",-21.23601,114.67031,17756,2018,8,13,114.67031,-21.23601,"original",0,NA,NA,199.300994873047
"Rhincodon typus",-19.9326,116.53395,17749,2018,8,6,116.53395,-19.9326,"original",0,NA,NA,56.2343101501465
"Rhincodon typus",-22,113.9,17759,2018,8,16,113.9,-22,"original",0,NA,NA,402.422149658203
"Rhincodon typus",-22,113.9,17764,2018,8,21,113.9,-22,"original",0,NA,NA,402.422149658203
"Rhincodon typus",-22,113.9,17763,2018,8,20,113.9,-22,"original",0,NA,NA,402.422149658203
"Rhincodon typus",-18.59906,115.71964,17752,2018,8,9,115.71964,-18.59906,"original",0,NA,NA,1221.79260253906
"Rhincodon typus",-19.06354,117.72729,17745,2018,8,2,117.72729,-19.06354,"original",0,NA,NA,88.2174758911133
"Rhincodon typus",-19.52247,116.50182,17747,2018,8,4,116.50182,-19.52247,"original",0,NA,NA,110.10767364502
"Rhincodon typus",-18.38458,114.97787,17760,2018,8,17,114.97787,-18.38458,"original",0,NA,NA,1846.4462890625
"Rhincodon typus",-15.07797,118.40909,17753,2018,8,10,118.40909,-15.07797,"original",0,NA,NA,5635.046875
"Rhincodon typus",-19.77176,113.34723,17772,2018,8,29,113.34723,-19.77176,"original",0,NA,NA,938.024780273438
"Rhincodon typus",-18.62558,115.73018,17752,2018,8,9,115.73018,-18.62558,"original",0,NA,NA,1221.79260253906
"Rhincodon typus",-21.4594,114.70869,17756,2018,8,13,114.70869,-21.4594,"original",0,NA,NA,47.464786529541
"Rhincodon typus",-19.18188,117.66425,17745,2018,8,2,117.66425,-19.18188,"original",0,NA,NA,112.867935180664
"Rhincodon typus",-22.15003,113.76075,17763,2018,8,20,113.76075,-22.15003,"original",0,NA,NA,199.812454223633
"Rhincodon typus",-17.0017,118.13151,17749,2018,8,6,118.13151,-17.0017,"original",0,NA,NA,2535.91162109375
"Rhincodon typus",-19.90922,115.17372,17744,2018,8,1,115.17372,-19.90922,"original",0,NA,NA,674.35546875
"Rhincodon typus",-14.21627,118.83472,17755,2018,8,12,118.83472,-14.21627,"original",0,NA,NA,5431.58447265625
"Rhincodon typus",-17.70752,114.2782,17756,2018,8,13,114.2782,-17.70752,"original",0,NA,NA,2214.26220703125
"Rhincodon typus",-16.96931,114.45976,17761,2018,8,18,114.45976,-16.96931,"original",0,NA,NA,1979.52355957031
"Rhincodon typus",-19.67951,115.53864,17766,2018,8,23,115.53864,-19.67951,"original",0,NA,NA,191.654800415039
"Rhincodon typus",-19.88157,115.06986,17754,2018,8,11,115.06986,-19.88157,"original",0,NA,NA,674.35546875
"Rhincodon typus",-17.95691,117.55675,17747,2018,8,4,117.55675,-17.95691,"original",0,NA,NA,1670.72473144531
"Rhincodon typus",-19.7682,115.44558,17769,2018,8,26,115.44558,-19.7682,"original",0,NA,NA,191.654800415039
"Rhincodon typus",-15.06981,118.41955,17753,2018,8,10,118.41955,-15.06981,"original",0,NA,NA,5686.0224609375
"Rhincodon typus",-20.54064,114.52377,17745,2018,8,2,114.52377,-20.54064,"original",0,NA,NA,899.819152832031
"Rhincodon typus",-19.88186,115.05992,17754,2018,8,11,115.05992,-19.88186,"original",0,NA,NA,674.35546875
"Rhincodon typus",-21.89765,113.58766,17760,2018,8,17,113.58766,-21.89765,"original",0,NA,NA,1179.9716796875
"Rhincodon typus",-19.89936,115.00125,17754,2018,8,11,115.00125,-19.89936,"original",0,NA,NA,674.35546875
"Rhincodon typus",-19.713,115.51249,17767,2018,8,24,115.51249,-19.713,"original",0,NA,NA,191.654800415039
"Rhincodon typus",-21.39688,114.7187,17756,2018,8,13,114.7187,-21.39688,"original",0,NA,NA,47.464786529541
"Rhincodon typus",-22.1,113.9,17761,2018,8,18,113.9,-22.1,"original",0,NA,NA,199.812454223633
"Rhincodon typus",-19.79154,115.67424,17745,2018,8,2,115.67424,-19.79154,"original",0,NA,NA,191.654800415039
"Rhincodon typus",-22,113.8,17764,2018,8,21,113.8,-22,"original",0,NA,NA,402.422149658203
"Rhincodon typus",-19.79687,115.68113,17745,2018,8,2,115.68113,-19.79687,"original",0,NA,NA,129.111267089844
"Rhincodon typus",-14.57319,120.72529,17769,2018,8,26,120.72529,-14.57319,"original",0,NA,NA,1728.41418457031
"Rhincodon typus",-19.79565,115.68017,17745,2018,8,2,115.68017,-19.79565,"original",0,NA,NA,129.111267089844
"Rhincodon typus",-20.62043,114.46974,17745,2018,8,2,114.46974,-20.62043,"original",0,NA,NA,655.994689941406
"Rhincodon typus",-14.8774,118.42518,17753,2018,8,10,118.42518,-14.8774,"original",0,NA,NA,5514.31201171875
"Rhincodon typus",-19.88262,113.32634,17772,2018,8,29,113.32634,-19.88262,"original",0,NA,NA,936.976257324219
"Rhincodon typus",-22,113.9,17766,2018,8,23,113.9,-22,"original",0,NA,NA,402.422149658203
"Rhincodon typus",-19.93195,115.16322,17744,2018,8,1,115.16322,-19.93195,"original",0,NA,NA,674.35546875
"Rhincodon typus",-22.1,113.8,17761,2018,8,18,113.8,-22.1,"original",0,NA,NA,199.812454223633
"Rhincodon typus",-19.91089,116.40426,17749,2018,8,6,116.40426,-19.91089,"original",0,NA,NA,60.4374465942383
"Rhincodon typus",-15.08348,118.4119,17753,2018,8,10,118.4119,-15.08348,"original",0,NA,NA,5635.046875
"Rhincodon typus",-19.91937,116.60921,17749,2018,8,6,116.60921,-19.91937,"original",0,NA,NA,56.2343101501465
"Rhincodon typus",-18.77213,117.48186,17746,2018,8,3,117.48186,-18.77213,"original",0,NA,NA,310.913482666016
"Rhincodon typus",-20.5312,114.98253,17755,2018,8,12,114.98253,-20.5312,"original",0,NA,NA,93.6981201171875
"Rhincodon typus",-19.9576,116.57745,17749,2018,8,6,116.57745,-19.9576,"original",0,NA,NA,56.2343101501465
"Rhincodon typus",-15.81789,118.67584,17751,2018,8,8,118.67584,-15.81789,"original",0,NA,NA,3674.43334960938
"Rhincodon typus",-19.86132,113.32338,17772,2018,8,29,113.32338,-19.86132,"original",0,NA,NA,936.976257324219
"Rhincodon typus",-19.98553,115.15074,17744,2018,8,1,115.15074,-19.98553,"original",0,NA,NA,674.35546875
"Rhincodon typus",-22.1,113.8,17763,2018,8,20,113.8,-22.1,"original",0,NA,NA,199.812454223633
"Rhincodon typus",-13.66467,119.10539,17756,2018,8,13,119.10539,-13.66467,"original",0,NA,NA,5197.20654296875
"Rhincodon typus",-20.60007,114.98658,17755,2018,8,12,114.98658,-20.60007,"original",0,NA,NA,84.5248107910156
"Rhincodon typus",-19.84721,115.68707,17745,2018,8,2,115.68707,-19.84721,"original",0,NA,NA,73.6350173950195
"Rhincodon typus",-18.99807,117.75014,17745,2018,8,2,117.75014,-18.99807,"original",0,NA,NA,126.901313781738
"Rhincodon typus",-19.79836,113.34328,17772,2018,8,29,113.34328,-19.79836,"original",0,NA,NA,938.024780273438
"Rhincodon typus",-21.98258,113.85286,17764,2018,8,21,113.85286,-21.98258,"original",0,NA,NA,402.422149658203
"Rhincodon typus",-21.86847,113.85059,17767,2018,8,24,113.85059,-21.86847,"original",0,NA,NA,402.422149658203
"Rhincodon typus",-21.95166,113.8603,17759,2018,8,16,113.8603,-21.95166,"original",0,NA,NA,402.422149658203
"Rhincodon typus",-20.46918,115.0874,17772,2018,8,29,115.0874,-20.46918,"original",0,NA,NA,93.6981201171875
"Rhincodon typus",-17.29572,117.14691,17748,2018,8,5,117.14691,-17.29572,"original",0,NA,NA,2047.76867675781
"Rhincodon typus",-20.36245,114.81889,17753,2018,8,10,114.81889,-20.36245,"original",0,NA,NA,395.741760253906
"Rhincodon typus",-19.92472,113.33024,17772,2018,8,29,113.33024,-19.92472,"original",0,NA,NA,936.976257324219
"Rhincodon typus",-21.9,113.9,17747,2018,8,4,113.9,-21.9,"original",0,NA,NA,402.422149658203
"Rhincodon typus",-19.50979,115.53254,17746,2018,8,3,115.53254,-19.50979,"original",0,NA,NA,472.790313720703
"Rhincodon typus",-19.75217,115.57279,17765,2018,8,22,115.57279,-19.75217,"original",0,NA,NA,191.654800415039
"Rhincodon typus",-20.18547,114.97293,17744,2018,8,1,114.97293,-20.18547,"original",0,NA,NA,240.609649658203
"Rhincodon typus",-17.67482,114.29271,17756,2018,8,13,114.29271,-17.67482,"original",0,NA,NA,2214.26220703125
"Rhincodon typus",-19.69365,115.51543,17767,2018,8,24,115.51543,-19.69365,"original",0,NA,NA,191.654800415039
"Rhincodon typus",-16.33797,118.2323,17750,2018,8,7,118.2323,-16.33797,"original",0,NA,NA,3461.53930664062
"Rhincodon typus",-19.97561,116.44342,17749,2018,8,6,116.44342,-19.97561,"original",0,NA,NA,56.2343101501465
"Rhincodon typus",-20.6307,114.45348,17745,2018,8,2,114.45348,-20.6307,"original",0,NA,NA,655.994689941406
"Rhincodon typus",-21.27985,114.17587,17745,2018,8,2,114.17587,-21.27985,"original",0,NA,NA,589.559265136719
"Rhincodon typus",-19.94904,115.70914,17747,2018,8,4,115.70914,-19.94904,"original",0,NA,NA,73.6350173950195
"Rhincodon typus",-14.19571,118.83486,17755,2018,8,12,118.83486,-14.19571,"original",0,NA,NA,5431.58447265625
"Rhincodon typus",-19.87605,115.05957,17754,2018,8,11,115.05957,-19.87605,"original",0,NA,NA,674.35546875
"Rhincodon typus",-19.76352,115.3864,17768,2018,8,25,115.3864,-19.76352,"original",0,NA,NA,651.908813476562
"Rhincodon typus",-19.92037,116.6302,17749,2018,8,6,116.6302,-19.92037,"original",0,NA,NA,56.2343101501465
"Rhincodon typus",-19.74973,113.41424,17773,2018,8,30,113.41424,-19.74973,"original",0,NA,NA,938.024780273438
"Rhincodon typus",-14.74041,118.33947,17754,2018,8,11,118.33947,-14.74041,"original",0,NA,NA,5744.34716796875
"Rhincodon typus",-21.97031,113.77868,17765,2018,8,22,113.77868,-21.97031,"original",0,NA,NA,402.422149658203
"Rhincodon typus",-19.21843,117.64162,17745,2018,8,2,117.64162,-19.21843,"original",0,NA,NA,112.867935180664
"Rhincodon typus",-21.22984,114.64145,17756,2018,8,13,114.64145,-21.22984,"original",0,NA,NA,199.300994873047
"Rhincodon typus",-10.4598337950138,105.332409972299,17757,2018,8,14,105.5,-10.5,"corrected",18.8771293134947,105.332409972299,-10.4598337950138,4122.56201171875
"Rhincodon typus",-15.5,117.5,17770,2018,8,27,117.5,-15.5,"original",0,NA,NA,5825.95458984375
"Rhincodon typus",-13.5,118.5,17773,2018,8,30,118.5,-13.5,"original",0,NA,NA,5590.2197265625
"Rhincodon typus",-13.5,117.5,17772,2018,8,29,117.5,-13.5,"original",0,NA,NA,5700.52880859375
"Rhincodon typus",-10.5,104.5,17758,2018,8,15,104.5,-10.5,"original",0,NA,NA,4450.51025390625
"Rhincodon typus",-12.5,103.5,17762,2018,8,19,103.5,-12.5,"original",0,NA,NA,4525.3525390625
"Rhincodon typus",-11.5,104.5,17759,2018,8,16,104.5,-11.5,"original",0,NA,NA,3915.23852539062
"Rhincodon typus",-8.5,130.5,17757,2018,8,14,130.5,-8.5,"original",0,NA,NA,545.166198730469
"Rhincodon typus",-16.5,112.5,17745,2018,8,2,112.5,-16.5,"original",0,NA,NA,3541.13232421875
"Rhincodon typus",-6.5,133.5,17763,2018,8,20,133.5,-6.5,"original",0,NA,NA,707.235961914062
"Rhincodon typus",-5.5,133.5,17773,2018,8,30,133.5,-5.5,"original",0,NA,NA,2231.0205078125
"Rhincodon typus",-7.71745152354567,108.573407202216,17746,2018,8,3,108.5,-7.5,"corrected",25.3762995029832,108.573407202216,-7.71745152354567,50.1093559265137
"Rhincodon typus",-14.5,101.5,17773,2018,8,30,101.5,-14.5,"original",0,NA,NA,4093.06030273438
"Rhincodon typus",-15.5,112.5,17745,2018,8,2,112.5,-15.5,"original",0,NA,NA,4871.9453125
"Rhincodon typus",-15.5,113.5,17749,2018,8,6,113.5,-15.5,"original",0,NA,NA,5323.0029296875
"Rhincodon typus",-13.5,109.5,17753,2018,8,10,109.5,-13.5,"original",0,NA,NA,4762.89013671875
"Rhincodon typus",-14.5,109.5,17753,2018,8,10,109.5,-14.5,"original",0,NA,NA,5611.1640625
"Rhincodon typus",-11.5,107.5,17756,2018,8,13,107.5,-11.5,"original",0,NA,NA,5225.90966796875
"Rhincodon typus",-11.5,108.5,17756,2018,8,13,108.5,-11.5,"original",0,NA,NA,5165.994140625
"Rhincodon typus",10.17619,99.96872,17783,2018,9,9,99.96872,10.17619,"original",0,NA,NA,45.5035438537598
"Rhincodon typus",-7.5,102.5,17800,2018,9,26,102.5,-7.5,"original",0,NA,NA,6055.04248046875
"Rhincodon typus",-7.5,103.5,17799,2018,9,25,103.5,-7.5,"original",0,NA,NA,4511.0439453125
"Rhincodon typus",-21.84165,113.53573,17800,2018,9,26,113.53573,-21.84165,"original",0,NA,NA,1179.9716796875
"Rhincodon typus",-18.42599,116.20389,17785,2018,9,11,116.20389,-18.42599,"original",0,NA,NA,1153.5869140625
"Rhincodon typus",-21.72057,113.61701,17801,2018,9,27,113.61701,-21.72057,"original",0,NA,NA,1226.09045410156
"Rhincodon typus",-21.68745,113.59258,17801,2018,9,27,113.59258,-21.68745,"original",0,NA,NA,1226.09045410156
"Rhincodon typus",-21.9,113.9,17777,2018,9,3,113.9,-21.9,"original",0,NA,NA,402.422149658203
"Rhincodon typus",-21.27438,113.56651,17790,2018,9,16,113.56651,-21.27438,"original",0,NA,NA,1192.73046875
"Rhincodon typus",-21.67726,113.80535,17786,2018,9,12,113.80535,-21.67726,"original",0,NA,NA,685.591003417969
"Rhincodon typus",-20.20741,115.10783,17779,2018,9,5,115.10783,-20.20741,"original",0,NA,NA,240.609649658203
"Rhincodon typus",-21.04612,113.03903,17792,2018,9,18,113.03903,-21.04612,"original",0,NA,NA,1205.52087402344
"Rhincodon typus",-19.68322,115.82973,17781,2018,9,7,115.82973,-19.68322,"original",0,NA,NA,129.111267089844
"Rhincodon typus",-21.73151,113.79736,17787,2018,9,13,113.79736,-21.73151,"original",0,NA,NA,685.591003417969
"Rhincodon typus",-20.15425,113.87854,17776,2018,9,2,113.87854,-20.15425,"original",0,NA,NA,1139.63720703125
"Rhincodon typus",-21.82871,113.90955,17778,2018,9,4,113.90955,-21.82871,"original",0,NA,NA,402.422149658203
"Rhincodon typus",-21.68142,113.80577,17786,2018,9,12,113.80577,-21.68142,"original",0,NA,NA,685.591003417969
"Rhincodon typus",-22.29568,113.68186,17799,2018,9,25,113.68186,-22.29568,"original",0,NA,NA,771.343627929688
"Rhincodon typus",-21.74895,113.58935,17801,2018,9,27,113.58935,-21.74895,"original",0,NA,NA,1226.09045410156
"Rhincodon typus",-21.6364,113.63214,17801,2018,9,27,113.63214,-21.6364,"original",0,NA,NA,1226.09045410156
"Rhincodon typus",-22.01035,113.40988,17788,2018,9,14,113.40988,-22.01035,"original",0,NA,NA,1497.01452636719
"Rhincodon typus",-22.1625,113.61844,17799,2018,9,25,113.61844,-22.1625,"original",0,NA,NA,771.343627929688
"Rhincodon typus",-20.20455,115.10795,17779,2018,9,5,115.10795,-20.20455,"original",0,NA,NA,240.609649658203
"Rhincodon typus",-19.30924,115.44114,17791,2018,9,17,115.44114,-19.30924,"original",0,NA,NA,758.101318359375
"Rhincodon typus",-20.26539,115.1903,17780,2018,9,6,115.1903,-20.26539,"original",0,NA,NA,63.266918182373
"Rhincodon typus",-21.6424,113.81614,17786,2018,9,12,113.81614,-21.6424,"original",0,NA,NA,685.591003417969
"Rhincodon typus",-21.15356,114.10911,17795,2018,9,21,114.10911,-21.15356,"original",0,NA,NA,589.559265136719
"Rhincodon typus",-21.24483,113.2289,17791,2018,9,17,113.2289,-21.24483,"original",0,NA,NA,1315.17419433594
"Rhincodon typus",-21.08597,113.17705,17791,2018,9,17,113.17705,-21.08597,"original",0,NA,NA,1350.82592773438
"Rhincodon typus",-21.75207,113.80204,17802,2018,9,28,113.80204,-21.75207,"original",0,NA,NA,685.591003417969
"Rhincodon typus",-22.02363,113.3458,17788,2018,9,14,113.3458,-22.02363,"original",0,NA,NA,1497.01452636719
"Rhincodon typus",-19.81306,115.65883,17798,2018,9,24,115.65883,-19.81306,"original",0,NA,NA,72.8585739135742
"Rhincodon typus",-22.6,113.6,17780,2018,9,6,113.6,-22.6,"original",0,NA,NA,164.364624023438
"Rhincodon typus",-25.7,113,17788,2018,9,14,113,-25.7,"original",0,NA,NA,18.7328910827637
"Rhincodon typus",-21.69614,113.55334,17802,2018,9,28,113.55334,-21.69614,"original",0,NA,NA,1226.09045410156
"Rhincodon typus",-21.90333,113.81388,17788,2018,9,14,113.81388,-21.90333,"original",0,NA,NA,402.422149658203
"Rhincodon typus",-21.05264,113.0568,17792,2018,9,18,113.0568,-21.05264,"original",0,NA,NA,1205.52087402344
"Rhincodon typus",-21.66335,113.56984,17801,2018,9,27,113.56984,-21.66335,"original",0,NA,NA,1226.09045410156
"Rhincodon typus",-22.01046,113.40646,17788,2018,9,14,113.40646,-22.01046,"original",0,NA,NA,1497.01452636719
"Rhincodon typus",-21.75244,113.80357,17802,2018,9,28,113.80357,-21.75244,"original",0,NA,NA,685.591003417969
"Rhincodon typus",-20.02087,113.94896,17775,2018,9,1,113.94896,-20.02087,"original",0,NA,NA,1144.23071289062
"Rhincodon typus",-21.74452,113.59247,17801,2018,9,27,113.59247,-21.74452,"original",0,NA,NA,1226.09045410156
"Rhincodon typus",-21.52765,113.80747,17786,2018,9,12,113.80747,-21.52765,"original",0,NA,NA,840.638427734375
"Rhincodon typus",-21.52554,113.81575,17786,2018,9,12,113.81575,-21.52554,"original",0,NA,NA,840.638427734375
"Rhincodon typus",-18.42749,116.15181,17785,2018,9,11,116.15181,-18.42749,"original",0,NA,NA,1266.23315429688
"Rhincodon typus",-21.68308,113.53968,17800,2018,9,26,113.53968,-21.68308,"original",0,NA,NA,1226.09045410156
"Rhincodon typus",-21.64802,113.8158,17786,2018,9,12,113.8158,-21.64802,"original",0,NA,NA,685.591003417969
"Rhincodon typus",-21.87588,113.54203,17800,2018,9,26,113.54203,-21.87588,"original",0,NA,NA,1179.9716796875
"Rhincodon typus",-18.85048,115.78208,17784,2018,9,10,115.78208,-18.85048,"original",0,NA,NA,748.57861328125
"Rhincodon typus",-21.08242,113.18098,17791,2018,9,17,113.18098,-21.08242,"original",0,NA,NA,1350.82592773438
"Rhincodon typus",-18.30137,116.23323,17784,2018,9,10,116.23323,-18.30137,"original",0,NA,NA,1322.62719726562
"Rhincodon typus",-21.64306,113.81748,17786,2018,9,12,113.81748,-21.64306,"original",0,NA,NA,685.591003417969
"Rhincodon typus",-21.83183,113.53366,17800,2018,9,26,113.53366,-21.83183,"original",0,NA,NA,1179.9716796875
"Rhincodon typus",-21.68175,113.8049,17786,2018,9,12,113.8049,-21.68175,"original",0,NA,NA,685.591003417969
"Rhincodon typus",-21.5447,113.70636,17776,2018,9,2,113.70636,-21.5447,"original",0,NA,NA,840.638427734375
"Rhincodon typus",-21.65377,113.64669,17801,2018,9,27,113.64669,-21.65377,"original",0,NA,NA,1226.09045410156
"Rhincodon typus",-21.82511,113.57598,17800,2018,9,26,113.57598,-21.82511,"original",0,NA,NA,1179.9716796875
"Rhincodon typus",-21.66219,113.59577,17801,2018,9,27,113.59577,-21.66219,"original",0,NA,NA,1226.09045410156
"Rhincodon typus",-9.5,121.5,17776,2018,9,2,121.5,-9.5,"original",0,NA,NA,2673.693359375
"Rhincodon typus",-11.5,118.5,17776,2018,9,2,118.5,-11.5,"original",0,NA,NA,5263.16064453125
"Rhincodon typus",-13.5,121.5,17785,2018,9,11,121.5,-13.5,"original",0,NA,NA,1952.72790527344
"Rhincodon typus",-14.5,120.5,17792,2018,9,18,120.5,-14.5,"original",0,NA,NA,1857.99731445312
"Rhincodon typus",-13.5,123.5,17802,2018,9,28,123.5,-13.5,"original",0,NA,NA,259.795166015625
"Rhincodon typus",-13.5,98.5,17802,2018,9,28,98.5,-13.5,"original",0,NA,NA,5648.04150390625
"Rhincodon typus",-12.5,99.5,17779,2018,9,5,99.5,-12.5,"original",0,NA,NA,5628.56640625
"Rhincodon typus",-13.5,100.5,17776,2018,9,2,100.5,-13.5,"original",0,NA,NA,5887.8056640625
"Rhincodon typus",-14.5,99.5,17799,2018,9,25,99.5,-14.5,"original",0,NA,NA,5689.146484375
"Rhincodon typus",-13.5,99.5,17802,2018,9,28,99.5,-13.5,"original",0,NA,NA,5725.71044921875
"Rhincodon typus",-7.96675900277005,117.797783933518,17819,2018,10,15,117.75521,-8.37623,"corrected",45.5285110175057,117.797783933518,-7.96675900277005,1474.13073730469
"Rhincodon typus",-3.26277,135.0286,17817,2018,10,13,135.0286,-3.26277,"original",0,NA,NA,71.0225524902344
"Rhincodon typus",-3.23618,134.99878,17827,2018,10,23,134.99878,-3.23618,"original",0,NA,NA,71.0225524902344
"Rhincodon typus",-20.4,115.7,17833,2018,10,29,115.7,-20.4,"original",0,NA,NA,37.9225730895996
"Rhincodon typus",-26.25727,112.38814,17835,2018,10,31,112.38814,-26.25727,"original",0,NA,NA,397.447082519531
"Rhincodon typus",-20.32763,115.35518,17833,2018,10,29,115.35518,-20.32763,"original",0,NA,NA,40.166316986084
"Rhincodon typus",-21.9,113.9,17812,2018,10,8,113.9,-21.9,"original",0,NA,NA,402.422149658203
"Rhincodon typus",-26.1,113.1,17823,2018,10,19,113.1,-26.1,"original",0,NA,NA,86.9871978759766
"Rhincodon typus",-20.4348,115.36256,17831,2018,10,27,115.36256,-20.4348,"original",0,NA,NA,40.166316986084
"Rhincodon typus",-25.8,112.9,17827,2018,10,23,112.9,-25.8,"original",0,NA,NA,96.9848403930664
"Rhincodon typus",-25.5,112.9,17811,2018,10,7,112.9,-25.5,"original",0,NA,NA,88.4447479248047
"Rhincodon typus",-25.5,113,17811,2018,10,7,113,-25.5,"original",0,NA,NA,32.9635162353516
"Rhincodon typus",-25.6,112.9,17826,2018,10,22,112.9,-25.6,"original",0,NA,NA,77.0546112060547
"Rhincodon typus",-26.1662049861496,113.060941828255,17822,2018,10,18,113.1,-26,"corrected",18.823793148299,113.060941828255,-26.1662049861496,86.9871978759766
"Rhincodon typus",-26.1662049861496,113.310249307479,17826,2018,10,22,113.3,-26.3,"corrected",14.8586944266213,113.310249307479,-26.1662049861496,16.0627059936523
"Rhincodon typus",-20.30223,115.39602,17831,2018,10,27,115.39602,-20.30223,"original",0,NA,NA,63.266918182373
"Rhincodon typus",-25.6,113,17824,2018,10,20,113,-25.6,"original",0,NA,NA,18.7328910827637
"Rhincodon typus",-26.1,113.1,17819,2018,10,15,113.1,-26.1,"original",0,NA,NA,86.9871978759766
"Rhincodon typus",-20.4,115.7,17831,2018,10,27,115.7,-20.4,"original",0,NA,NA,37.9225730895996
"Rhincodon typus",-25.6,113,17810,2018,10,6,113,-25.6,"original",0,NA,NA,18.7328910827637
"Rhincodon typus",-25.96524,112.81357,17822,2018,10,18,112.81357,-25.96524,"original",0,NA,NA,96.9848403930664
"Rhincodon typus",-25.6,112.9,17814,2018,10,10,112.9,-25.6,"original",0,NA,NA,77.0546112060547
"Rhincodon typus",-25.9168975069252,113.310249307479,17822,2018,10,18,113.1,-25.9,"corrected",21.1489812495203,113.310249307479,-25.9168975069252,10.4922046661377
"Rhincodon typus",-20.31705,115.62605,17830,2018,10,26,115.62605,-20.31705,"original",0,NA,NA,24.2829113006592
"Rhincodon typus",-20.35889,115.43633,17833,2018,10,29,115.43633,-20.35889,"original",0,NA,NA,24.2829113006592
"Rhincodon typus",-25.98411,112.79842,17822,2018,10,18,112.79842,-25.98411,"original",0,NA,NA,96.9848403930664
"Rhincodon typus",-25.6675900277008,113.060941828255,17815,2018,10,11,113,-25.8,"corrected",15.8924589392246,113.060941828255,-25.6675900277008,18.7328910827637
"Rhincodon typus",-20.33855,115.37481,17831,2018,10,27,115.37481,-20.33855,"original",0,NA,NA,40.166316986084
"Rhincodon typus",-25.6675900277008,113.060941828255,17818,2018,10,14,113,-25.8,"corrected",15.8924589392246,113.060941828255,-25.6675900277008,18.7328910827637
"Rhincodon typus",-20.5,115.8,17829,2018,10,25,115.8,-20.5,"original",0,NA,NA,37.9225730895996
"Rhincodon typus",-20.71301,114.83905,17805,2018,10,1,114.83905,-20.71301,"original",0,NA,NA,256.295989990234
"Rhincodon typus",-25.6,112.9,17812,2018,10,8,112.9,-25.6,"original",0,NA,NA,77.0546112060547
"Rhincodon typus",-26.1662049861496,113.060941828255,17825,2018,10,21,113.1,-26,"corrected",18.823793148299,113.060941828255,-26.1662049861496,86.9871978759766
"Rhincodon typus",-26.2,113.2,17827,2018,10,23,113.2,-26.2,"original",0,NA,NA,16.0627059936523
"Rhincodon typus",-20.25473,115.39383,17834,2018,10,30,115.39383,-20.25473,"original",0,NA,NA,63.266918182373
"Rhincodon typus",-26.2554,112.38958,17835,2018,10,31,112.38958,-26.2554,"original",0,NA,NA,397.447082519531
"Rhincodon typus",-25.7,112.9,17816,2018,10,12,112.9,-25.7,"original",0,NA,NA,77.0546112060547
"Rhincodon typus",-25.6,112.9,17825,2018,10,21,112.9,-25.6,"original",0,NA,NA,77.0546112060547
"Rhincodon typus",-22.3,113.8,17812,2018,10,8,113.8,-22.3,"original",0,NA,NA,199.812454223633
"Rhincodon typus",-25.5,113,17813,2018,10,9,113,-25.5,"original",0,NA,NA,32.9635162353516
"Rhincodon typus",-26.2,113.2,17819,2018,10,15,113.2,-26.2,"original",0,NA,NA,16.0627059936523
"Rhincodon typus",-19.93372,115.78216,17817,2018,10,13,115.78216,-19.93372,"original",0,NA,NA,73.6350173950195
"Rhincodon typus",-25.5,112.9,17813,2018,10,9,112.9,-25.5,"original",0,NA,NA,88.4447479248047
"Rhincodon typus",-26.1,113.1,17833,2018,10,29,113.1,-26.1,"original",0,NA,NA,86.9871978759766
"Rhincodon typus",-25.6,112.8,17814,2018,10,10,112.8,-25.6,"original",0,NA,NA,77.0546112060547
"Rhincodon typus",-25.69665,112.88123,17812,2018,10,8,112.88123,-25.69665,"original",0,NA,NA,77.0546112060547
"Rhincodon typus",-20.34572,115.38425,17832,2018,10,28,115.38425,-20.34572,"original",0,NA,NA,40.166316986084
"Rhincodon typus",-25.6,112.9,17823,2018,10,19,112.9,-25.6,"original",0,NA,NA,77.0546112060547
"Rhincodon typus",-20.5,115.7,17824,2018,10,20,115.7,-20.5,"original",0,NA,NA,37.9225730895996
"Rhincodon typus",-20.33178,115.37074,17833,2018,10,29,115.37074,-20.33178,"original",0,NA,NA,40.166316986084
"Rhincodon typus",-26.1,113.2,17818,2018,10,14,113.2,-26.1,"original",0,NA,NA,16.0627059936523
"Rhincodon typus",-25.7,112.9,17815,2018,10,11,112.9,-25.7,"original",0,NA,NA,77.0546112060547
"Rhincodon typus",-25.7,112.9,17820,2018,10,16,112.9,-25.7,"original",0,NA,NA,77.0546112060547
"Rhincodon typus",-26.1,113.2,17823,2018,10,19,113.2,-26.1,"original",0,NA,NA,16.0627059936523
"Rhincodon typus",-20.3,115.6,17834,2018,10,30,115.6,-20.3,"original",0,NA,NA,55.575740814209
"Rhincodon typus",-21.9279778393352,113.808864265928,17814,2018,10,10,114,-21.9,"corrected",19.9904721686494,113.808864265928,-21.9279778393352,402.422149658203
"Rhincodon typus",-26.1,113.2,17819,2018,10,15,113.2,-26.1,"original",0,NA,NA,16.0627059936523
"Rhincodon typus",-20.02907,115.95488,17810,2018,10,6,115.95488,-20.02907,"original",0,NA,NA,67.1006622314453
"Rhincodon typus",-25.7,113,17813,2018,10,9,113,-25.7,"original",0,NA,NA,18.7328910827637
"Rhincodon typus",-25.7,113,17812,2018,10,8,113,-25.7,"original",0,NA,NA,18.7328910827637
"Rhincodon typus",-20.34883,115.39882,17830,2018,10,26,115.39882,-20.34883,"original",0,NA,NA,40.166316986084
"Rhincodon typus",-25.8,112.9,17815,2018,10,11,112.9,-25.8,"original",0,NA,NA,96.9848403930664
"Rhincodon typus",-25.5,112.9,17812,2018,10,8,112.9,-25.5,"original",0,NA,NA,88.4447479248047
"Rhincodon typus",-26.2499,112.40561,17835,2018,10,31,112.40561,-26.2499,"original",0,NA,NA,397.447082519531
"Rhincodon typus",-20.27665,115.66304,17831,2018,10,27,115.66304,-20.27665,"original",0,NA,NA,55.575740814209
"Rhincodon typus",-20.4,115.7,17832,2018,10,28,115.7,-20.4,"original",0,NA,NA,37.9225730895996
"Rhincodon typus",-20.35954,115.38512,17830,2018,10,26,115.38512,-20.35954,"original",0,NA,NA,40.166316986084
"Rhincodon typus",-20.36071,115.42994,17833,2018,10,29,115.42994,-20.36071,"original",0,NA,NA,24.2829113006592
"Rhincodon typus",-25.82955,112.76135,17821,2018,10,17,112.76135,-25.82955,"original",0,NA,NA,96.9848403930664
"Rhincodon typus",-20.21324,115.40615,17834,2018,10,30,115.40615,-20.21324,"original",0,NA,NA,63.266918182373
"Rhincodon typus",-26,113.2,17818,2018,10,14,113.2,-26,"original",0,NA,NA,10.4922046661377
"Rhincodon typus",-20.03152,115.95731,17810,2018,10,6,115.95731,-20.03152,"original",0,NA,NA,67.1006622314453
"Rhincodon typus",-26.1,113.1,17818,2018,10,14,113.1,-26.1,"original",0,NA,NA,86.9871978759766
"Rhincodon typus",-20.29903,115.39692,17831,2018,10,27,115.39692,-20.29903,"original",0,NA,NA,63.266918182373
"Rhincodon typus",-25.5,113,17814,2018,10,10,113,-25.5,"original",0,NA,NA,32.9635162353516
"Rhincodon typus",-25.7,113,17816,2018,10,12,113,-25.7,"original",0,NA,NA,18.7328910827637
"Rhincodon typus",-8.5,101.5,17812,2018,10,8,101.5,-8.5,"original",0,NA,NA,5403.22998046875
"Rhincodon typus",-12.5,117.5,17829,2018,10,25,117.5,-12.5,"original",0,NA,NA,5532.96142578125
"Rhincodon typus",-12.5,118.5,17827,2018,10,23,118.5,-12.5,"original",0,NA,NA,5418.61572265625
"Rhincodon typus",-12.5,116.5,17833,2018,10,29,116.5,-12.5,"original",0,NA,NA,5107.00341796875
"Rhincodon typus",-8.5,99.5,17812,2018,10,8,99.5,-8.5,"original",0,NA,NA,5619.06005859375
"Rhincodon typus",-11.5,98.5,17808,2018,10,4,98.5,-11.5,"original",0,NA,NA,5135.7626953125
"Rhincodon typus",-8.5,100.5,17813,2018,10,9,100.5,-8.5,"original",0,NA,NA,5650.0283203125
"Rhincodon typus",-12.5,97.5,17806,2018,10,2,97.5,-12.5,"original",0,NA,NA,4894.697265625
"Rhincodon typus",-12.5,98.5,17805,2018,10,1,98.5,-12.5,"original",0,NA,NA,5745.48828125
"Rhincodon typus",-11.5,100.5,17814,2018,10,10,100.5,-11.5,"original",0,NA,NA,4402.5380859375
"Rhincodon typus",-11.5,99.5,17814,2018,10,10,99.5,-11.5,"original",0,NA,NA,5034.5068359375
"Rhincodon typus",9.51637,123.48965,17838,2018,11,3,123.48965,9.51637,"original",0,NA,NA,566.537414550781
"Rhincodon typus",9.48811,123.56224,17838,2018,11,3,123.56224,9.48811,"original",0,NA,NA,566.537414550781
"Rhincodon typus",9.4751,123.52678,17838,2018,11,3,123.52678,9.4751,"original",0,NA,NA,566.537414550781
"Rhincodon typus",-24.4,113.4,17860,2018,11,25,113.4,-24.4,"original",0,NA,NA,48.4295387268066
"Rhincodon typus",-21.34502,111.57574,17858,2018,11,23,111.57574,-21.34502,"original",0,NA,NA,5021.77587890625
"Rhincodon typus",-26.39089,112.16728,17841,2018,11,6,112.16728,-26.39089,"original",0,NA,NA,769.635620117188
"Rhincodon typus",-20.18544,115.40458,17846,2018,11,11,115.40458,-20.18544,"original",0,NA,NA,63.266918182373
"Rhincodon typus",-20.10138,115.4192,17846,2018,11,11,115.4192,-20.10138,"original",0,NA,NA,63.266918182373
"Rhincodon typus",-24.5,113.4,17858,2018,11,23,113.4,-24.5,"original",0,NA,NA,48.4295387268066
"Rhincodon typus",-24.5,113.4,17861,2018,11,26,113.4,-24.5,"original",0,NA,NA,48.4295387268066
"Rhincodon typus",-20.39992,115.34997,17837,2018,11,2,115.34997,-20.39992,"original",0,NA,NA,40.166316986084
"Rhincodon typus",-26.1662049861496,113.310249307479,17842,2018,11,7,113.2,-26.3,"corrected",18.4684842012159,113.310249307479,-26.1662049861496,16.0627059936523
"Rhincodon typus",-26.96182,113.16637,17841,2018,11,6,113.16637,-26.96182,"original",0,NA,NA,110.453880310059
"Rhincodon typus",-25,113.1,17839,2018,11,4,113.1,-25,"original",0,NA,NA,51.7861557006836
"Rhincodon typus",-24.4210526315789,113.310249307479,17861,2018,11,26,113.5,-24.4,"corrected",19.3864806447496,113.310249307479,-24.4210526315789,48.4295387268066
"Rhincodon typus",-24.06416,113.35697,17864,2018,11,29,113.35697,-24.06416,"original",0,NA,NA,51.1054573059082
"Rhincodon typus",-24.4,113.4,17863,2018,11,28,113.4,-24.4,"original",0,NA,NA,48.4295387268066
"Rhincodon typus",-26.93995,113.56949,17841,2018,11,6,113.56949,-26.93995,"original",0,NA,NA,81.2509155273438
"Rhincodon typus",-21.34504,111.57573,17858,2018,11,23,111.57573,-21.34504,"original",0,NA,NA,5021.77587890625
"Rhincodon typus",-26.39337,112.16833,17841,2018,11,6,112.16833,-26.39337,"original",0,NA,NA,769.635620117188
"Rhincodon typus",-24.5,113.4,17859,2018,11,24,113.4,-24.5,"original",0,NA,NA,48.4295387268066
"Rhincodon typus",-26.43811,110.71669,17865,2018,11,30,110.71669,-26.43811,"original",0,NA,NA,3253.25122070312
"Rhincodon typus",-26.96572,113.56142,17841,2018,11,6,113.56142,-26.96572,"original",0,NA,NA,81.2509155273438
"Rhincodon typus",-20.36886,115.31555,17845,2018,11,10,115.31555,-20.36886,"original",0,NA,NA,40.166316986084
"Rhincodon typus",-25.28741,112.49276,17856,2018,11,21,112.49276,-25.28741,"original",0,NA,NA,117.299415588379
"Rhincodon typus",-26.94608,113.57022,17841,2018,11,6,113.57022,-26.94608,"original",0,NA,NA,81.2509155273438
"Rhincodon typus",-25,113.1,17840,2018,11,5,113.1,-25,"original",0,NA,NA,51.7861557006836
"Rhincodon typus",-26.95217,113.55908,17841,2018,11,6,113.55908,-26.95217,"original",0,NA,NA,81.2509155273438
"Rhincodon typus",-20.36066,115.31632,17837,2018,11,2,115.31632,-20.36066,"original",0,NA,NA,40.166316986084
"Rhincodon typus",-24.4,113.3,17860,2018,11,25,113.3,-24.4,"original",0,NA,NA,48.4295387268066
"Rhincodon typus",8.82714,97.7948,17868,2018,12,3,97.7948,8.82714,"original",0,NA,NA,64.1483688354492
"Rhincodon typus",-8.96398891966755,117.797783933518,17877,2018,12,12,117.79235,-8.53392,"corrected",47.5693693712019,117.797783933518,-8.96398891966755,647.885192871094
"Rhincodon typus",-28.90694,112.64316,17867,2018,12,2,112.64316,-28.90694,"original",0,NA,NA,3376.87548828125
"Rhincodon typus",-26.6,113.6,17892,2018,12,27,113.6,-26.6,"original",0,NA,NA,56.5111236572266
"Rhincodon typus",-28.91084,112.65498,17867,2018,12,2,112.65498,-28.91084,"original",0,NA,NA,3376.87548828125
"Rhincodon typus",-13.5,101.5,17769,2018,8,26,101.5,-13.5,"original",0,NA,NA,4393.73876953125
"Rhincodon typus",-31.5,113.5,17549,2018,1,18,113.5,-31.5,"original",0,NA,NA,4848.04638671875
"Rhincodon typus",-31.5,114.5,17553,2018,1,22,114.5,-31.5,"original",0,NA,NA,2644.3544921875
"Rhincodon typus",-5.5,132.5,17777,2018,9,3,132.5,-5.5,"original",0,NA,NA,215.238861083984
"Rhincodon typus",-12.5,100.5,17779,2018,9,5,100.5,-12.5,"original",0,NA,NA,5205.39501953125
"Rhincodon typus",-12.5,101.5,17781,2018,9,7,101.5,-12.5,"original",0,NA,NA,4575.10400390625
"Rhincodon typus",-8.5,109.5,17754,2018,8,11,109.5,-8.5,"original",0,NA,NA,1513.32141113281
"Rhincodon typus",-8.5,108.5,17743,2018,7,31,108.5,-8.5,"original",0,NA,NA,3286.48046875
"Rhincodon typus",-8.5,110.5,17760,2018,8,17,110.5,-8.5,"original",0,NA,NA,416.280792236328
"Rhincodon typus",-14.5,100.5,17774,2018,8,31,100.5,-14.5,"original",0,NA,NA,6063.57568359375
"Rhincodon typus",-7.71745152354567,109.321329639889,17752,2018,8,9,109.5,-7.5,"corrected",31.0973540281122,109.321329639889,-7.71745152354567,32.2441864013672
"Rhincodon typus",9.50363,123.416,17191,2017,1,25,123.416,9.50363,"original",0,NA,NA,566.537414550781
"Rhincodon typus",9.43192,123.34077,17194,2017,1,28,123.34077,9.43192,"original",0,NA,NA,238.074722290039
"Rhincodon typus",-2.29517,130.74376,17167,2017,1,1,130.74376,-2.29517,"original",0,NA,NA,98.3098373413086
"Rhincodon typus",-22.9252077562327,113.559556786704,17192,2017,1,26,113.76,-23,"corrected",22.1616036198016,113.559556786704,-22.9252077562327,96.4634246826172
"Rhincodon typus",-21.88,113.91,17184,2017,1,18,113.91,-21.88,"original",0,NA,NA,402.422149658203
"Rhincodon typus",-22.6,113.62,17191,2017,1,25,113.62,-22.6,"original",0,NA,NA,164.364624023438
"Rhincodon typus",-22.6,113.61,17191,2017,1,25,113.61,-22.6,"original",0,NA,NA,164.364624023438
"Rhincodon typus",-21.89,113.92,17184,2017,1,18,113.92,-21.89,"original",0,NA,NA,402.422149658203
"Rhincodon typus",-22.9252077562327,113.559556786704,17196,2017,1,30,113.76,-23,"corrected",22.1616036198016,113.559556786704,-22.9252077562327,96.4634246826172
"Rhincodon typus",-21.89,113.92,17183,2017,1,17,113.92,-21.89,"original",0,NA,NA,402.422149658203
"Rhincodon typus",9.9833795013851,123.282548476454,17167,2017,1,1,123.45416,9.91091,"corrected",20.4544226813053,123.282548476454,9.9833795013851,321.359436035156
"Rhincodon typus",-26.5,112.5,17191,2017,1,25,112.5,-26.5,"original",0,NA,NA,256.292144775391
"Rhincodon typus",9.61519,123.37302,17207,2017,2,10,123.37302,9.61519,"original",0,NA,NA,318.299835205078
"Rhincodon typus",-22.9252077562327,113.559556786704,17219,2017,2,22,113.76,-23,"corrected",22.1616036198016,113.559556786704,-22.9252077562327,96.4634246826172
"Rhincodon typus",-21.9,113.93,17225,2017,2,28,113.93,-21.9,"original",0,NA,NA,402.422149658203
"Rhincodon typus",-23.174515235457,113.559556786704,17202,2017,2,5,113.72,-23.13,"corrected",17.1541934688524,113.559556786704,-23.174515235457,77.0263366699219
"Rhincodon typus",-23.174515235457,113.559556786704,17201,2017,2,4,113.71,-23.13,"corrected",16.1760001868536,113.559556786704,-23.174515235457,77.0263366699219
"Rhincodon typus",-22.9252077562327,113.559556786704,17220,2017,2,23,113.76,-23,"corrected",22.1616036198016,113.559556786704,-22.9252077562327,96.4634246826172
"Rhincodon typus",-22.9252077562327,113.559556786704,17222,2017,2,25,113.76,-23,"corrected",22.1616036198016,113.559556786704,-22.9252077562327,96.4634246826172
"Rhincodon typus",-23.174515235457,113.559556786704,17201,2017,2,4,113.7,-23.12,"corrected",15.5986585582539,113.559556786704,-23.174515235457,77.0263366699219
"Rhincodon typus",-23.174515235457,113.559556786704,17215,2017,2,18,113.73,-23.13,"corrected",18.1374521368589,113.559556786704,-23.174515235457,77.0263366699219
"Rhincodon typus",-3.72853185595564,133.753462603878,17203,2017,2,6,133.90507,-3.78547,"corrected",17.9793005496679,133.753462603878,-3.72853185595564,21.2782878875732
"Rhincodon typus",9.5701,123.41521,17217,2017,2,20,123.41521,9.5701,"original",0,NA,NA,566.537414550781
"Rhincodon typus",-30.1551246537396,153.448753462604,17226,2017,3,1,153.26696,-30.20214,"corrected",18.2683222587162,153.448753462604,-30.1551246537396,418.345031738281
"Rhincodon typus",9.55905,123.50603,17235,2017,3,10,123.50603,9.55905,"original",0,NA,NA,566.537414550781
"Rhincodon typus",-21.88,113.91,17235,2017,3,10,113.91,-21.88,"original",0,NA,NA,402.422149658203
"Rhincodon typus",-22.59,113.61,17245,2017,3,20,113.61,-22.59,"original",0,NA,NA,164.364624023438
"Rhincodon typus",-21.9,113.93,17230,2017,3,5,113.93,-21.9,"original",0,NA,NA,402.422149658203
"Rhincodon typus",-21.88,113.91,17252,2017,3,27,113.91,-21.88,"original",0,NA,NA,402.422149658203
"Rhincodon typus",-22.6,113.62,17237,2017,3,12,113.62,-22.6,"original",0,NA,NA,164.364624023438
"Rhincodon typus",-22.6,113.61,17248,2017,3,23,113.61,-22.6,"original",0,NA,NA,164.364624023438
"Rhincodon typus",-21.89,113.92,17230,2017,3,5,113.92,-21.89,"original",0,NA,NA,402.422149658203
"Rhincodon typus",-21.88,113.91,17255,2017,3,30,113.91,-21.88,"original",0,NA,NA,402.422149658203
"Rhincodon typus",-21.9,113.93,17243,2017,3,18,113.93,-21.9,"original",0,NA,NA,402.422149658203
"Rhincodon typus",-21.88,113.91,17254,2017,3,29,113.91,-21.88,"original",0,NA,NA,402.422149658203
"Rhincodon typus",-22.59,113.61,17248,2017,3,23,113.61,-22.59,"original",0,NA,NA,164.364624023438
"Rhincodon typus",-21.9,113.93,17248,2017,3,23,113.93,-21.9,"original",0,NA,NA,402.422149658203
"Rhincodon typus",-21.89,113.92,17247,2017,3,22,113.92,-21.89,"original",0,NA,NA,402.422149658203
"Rhincodon typus",-22.6,113.61,17245,2017,3,20,113.61,-22.6,"original",0,NA,NA,164.364624023438
"Rhincodon typus",-21.88,113.91,17249,2017,3,24,113.91,-21.88,"original",0,NA,NA,402.422149658203
"Rhincodon typus",-22.9252077562327,113.559556786704,17230,2017,3,5,113.76,-23,"corrected",22.1616036198016,113.559556786704,-22.9252077562327,96.4634246826172
"Rhincodon typus",-21.89,113.92,17251,2017,3,26,113.92,-21.89,"original",0,NA,NA,402.422149658203
"Rhincodon typus",-22.6,113.61,17242,2017,3,17,113.61,-22.6,"original",0,NA,NA,164.364624023438
"Rhincodon typus",-22.9252077562327,113.559556786704,17229,2017,3,4,113.76,-23,"corrected",22.1616036198016,113.559556786704,-22.9252077562327,96.4634246826172
"Rhincodon typus",-21.89,113.92,17246,2017,3,21,113.92,-21.89,"original",0,NA,NA,402.422149658203
"Rhincodon typus",-21.88,113.91,17251,2017,3,26,113.91,-21.88,"original",0,NA,NA,402.422149658203
"Rhincodon typus",-22.6,113.62,17242,2017,3,17,113.62,-22.6,"original",0,NA,NA,164.364624023438
"Rhincodon typus",-22.6,113.61,17236,2017,3,11,113.61,-22.6,"original",0,NA,NA,164.364624023438
"Rhincodon typus",-21.89,113.92,17254,2017,3,29,113.92,-21.89,"original",0,NA,NA,402.422149658203
"Rhincodon typus",-21.89,113.92,17235,2017,3,10,113.92,-21.89,"original",0,NA,NA,402.422149658203
"Rhincodon typus",-22.59,113.61,17237,2017,3,12,113.61,-22.59,"original",0,NA,NA,164.364624023438
"Rhincodon typus",-21.89,113.92,17240,2017,3,15,113.92,-21.89,"original",0,NA,NA,402.422149658203
"Rhincodon typus",-22.59,113.61,17236,2017,3,11,113.61,-22.59,"original",0,NA,NA,164.364624023438
"Rhincodon typus",-21.89,113.92,17239,2017,3,14,113.92,-21.89,"original",0,NA,NA,402.422149658203
"Rhincodon typus",-21.88,113.91,17247,2017,3,22,113.91,-21.88,"original",0,NA,NA,402.422149658203
"Rhincodon typus",-21.88,113.91,17250,2017,3,25,113.91,-21.88,"original",0,NA,NA,402.422149658203
"Rhincodon typus",-21.9,113.93,17240,2017,3,15,113.93,-21.9,"original",0,NA,NA,402.422149658203
"Rhincodon typus",-22.6,113.62,17254,2017,3,29,113.62,-22.6,"original",0,NA,NA,164.364624023438
"Rhincodon typus",-22.6,113.61,17237,2017,3,12,113.61,-22.6,"original",0,NA,NA,164.364624023438
"Rhincodon typus",-21.9,113.93,17236,2017,3,11,113.93,-21.9,"original",0,NA,NA,402.422149658203
"Rhincodon typus",-27.5,153.5,17237,2017,3,12,153.5,-27.5,"original",0,NA,NA,27.4969577789307
"Rhincodon typus",12.9750692520776,123.282548476454,17266,2017,4,10,123.52603,12.96875,"corrected",26.4262491019547,123.282548476454,12.9750692520776,185.093612670898
"Rhincodon typus",-22.9252077562327,113.559556786704,17263,2017,4,7,113.73895,-22.92769,"corrected",18.4038488177749,113.559556786704,-22.9252077562327,96.4634246826172
"Rhincodon typus",-21.9,113.93,17268,2017,4,12,113.93,-21.9,"original",0,NA,NA,402.422149658203
"Rhincodon typus",-21.88,113.91,17257,2017,4,1,113.91,-21.88,"original",0,NA,NA,402.422149658203
"Rhincodon typus",-22.59,113.61,17259,2017,4,3,113.61,-22.59,"original",0,NA,NA,164.364624023438
"Rhincodon typus",-22.6,113.62,17261,2017,4,5,113.62,-22.6,"original",0,NA,NA,164.364624023438
"Rhincodon typus",-21.89,113.92,17257,2017,4,1,113.92,-21.89,"original",0,NA,NA,402.422149658203
"Rhincodon typus",-21.9,113.93,17260,2017,4,4,113.93,-21.9,"original",0,NA,NA,402.422149658203
"Rhincodon typus",-21.89,113.92,17260,2017,4,4,113.92,-21.89,"original",0,NA,NA,402.422149658203
"Rhincodon typus",-22.6,113.61,17257,2017,4,1,113.61,-22.6,"original",0,NA,NA,164.364624023438
"Rhincodon typus",-3.20142,134.90125,17273,2017,4,17,134.90125,-3.20142,"original",0,NA,NA,71.0225524902344
"Rhincodon typus",-3.2,134.9,17272,2017,4,16,134.9,-3.2,"original",0,NA,NA,71.0225524902344
"Rhincodon typus",-3.1,134.91,17279,2017,4,23,134.91,-3.1,"original",0,NA,NA,181.220321655273
"Rhincodon typus",-21.86473,113.91187,17278,2017,4,22,113.91187,-21.86473,"original",0,NA,NA,402.422149658203
"Rhincodon typus",8.96983,120.11706,17282,2017,4,26,120.11706,8.96983,"original",0,NA,NA,1146.05505371094
"Rhincodon typus",-21.9279778393352,113.808864265928,17290,2017,5,4,113.96756,-21.87907,"corrected",17.2694172043952,113.808864265928,-21.9279778393352,402.422149658203
"Rhincodon typus",9.94472,99.9908,17292,2017,5,6,99.9908,9.94472,"original",0,NA,NA,41.1316986083984
"Rhincodon typus",10.0582,99.8113,17294,2017,5,8,99.8113,10.0582,"original",0,NA,NA,33.9330711364746
"Rhincodon typus",9.07441,120.55701,17314,2017,5,28,120.55701,9.07441,"original",0,NA,NA,1941.63330078125
"Rhincodon typus",8.94672,120.68915,17316,2017,5,30,120.68915,8.94672,"original",0,NA,NA,2931.42138671875
"Rhincodon typus",-21.89,113.92,17312,2017,5,26,113.92,-21.89,"original",0,NA,NA,402.422149658203
"Rhincodon typus",-21.88,113.91,17296,2017,5,10,113.91,-21.88,"original",0,NA,NA,402.422149658203
"Rhincodon typus",-22.6,113.62,17295,2017,5,9,113.62,-22.6,"original",0,NA,NA,164.364624023438
"Rhincodon typus",-22.6,113.61,17292,2017,5,6,113.61,-22.6,"original",0,NA,NA,164.364624023438
"Rhincodon typus",-22.6,113.62,17298,2017,5,12,113.62,-22.6,"original",0,NA,NA,164.364624023438
"Rhincodon typus",-22.6,113.61,17295,2017,5,9,113.61,-22.6,"original",0,NA,NA,164.364624023438
"Rhincodon typus",-21.9,113.93,17299,2017,5,13,113.93,-21.9,"original",0,NA,NA,402.422149658203
"Rhincodon typus",-21.89,113.92,17288,2017,5,2,113.92,-21.89,"original",0,NA,NA,402.422149658203
"Rhincodon typus",-21.89,113.92,17299,2017,5,13,113.92,-21.89,"original",0,NA,NA,402.422149658203
"Rhincodon typus",-21.88,113.91,17288,2017,5,2,113.91,-21.88,"original",0,NA,NA,402.422149658203
"Rhincodon typus",-21.8941,113.84416,17289,2017,5,3,113.84416,-21.8941,"original",0,NA,NA,402.422149658203
"Rhincodon typus",9.52962,123.54984,17303,2017,5,17,123.54984,9.52962,"original",0,NA,NA,566.537414550781
"Rhincodon typus",4.81532,103.677,17321,2017,6,4,103.677,4.81532,"original",0,NA,NA,36.8626594543457
"Rhincodon typus",-22.11283,113.66774,17341,2017,6,24,113.66774,-22.11283,"original",0,NA,NA,771.343627929688
"Rhincodon typus",-22.06119,113.69348,17341,2017,6,24,113.69348,-22.06119,"original",0,NA,NA,199.812454223633
"Rhincodon typus",-22.12343,113.64196,17341,2017,6,24,113.64196,-22.12343,"original",0,NA,NA,771.343627929688
"Rhincodon typus",-8.21606648199442,117.299168975069,17347,2017,6,30,117.56901,-8.33276,"corrected",32.4085467423548,117.299168975069,-8.21606648199442,400.353088378906
"Rhincodon typus",-21.88,113.91,17332,2017,6,15,113.91,-21.88,"original",0,NA,NA,402.422149658203
"Rhincodon typus",-21.9,113.93,17336,2017,6,19,113.93,-21.9,"original",0,NA,NA,402.422149658203
"Rhincodon typus",-21.9,113.93,17338,2017,6,21,113.93,-21.9,"original",0,NA,NA,402.422149658203
"Rhincodon typus",-21.9,113.93,17318,2017,6,1,113.93,-21.9,"original",0,NA,NA,402.422149658203
"Rhincodon typus",-21.9,113.93,17321,2017,6,4,113.93,-21.9,"original",0,NA,NA,402.422149658203
"Rhincodon typus",10.31455,123.88734,17336,2017,6,19,123.88734,10.31455,"original",0,NA,NA,161.708374023438
"Rhincodon typus",-21.72011,113.96342,17368,2017,7,21,113.96342,-21.72011,"original",0,NA,NA,165.018997192383
"Rhincodon typus",-21.7188,113.87781,17368,2017,7,21,113.87781,-21.7188,"original",0,NA,NA,685.591003417969
"Rhincodon typus",2.12218,118.34545,17363,2017,7,16,118.34545,2.12218,"original",0,NA,NA,49.7937698364258
"Rhincodon typus",8.0788,113.08512,17363,2017,7,16,113.08512,8.0788,"original",0,NA,NA,1157.68603515625
"Rhincodon typus",-21.9279778393352,114.307479224377,17366,2017,7,19,114.13,-21.94,"corrected",18.383616134036,114.307479224377,-21.9279778393352,14.8947296142578
"Rhincodon typus",-21.9279778393352,114.307479224377,17368,2017,7,21,114.13,-21.94,"corrected",18.383616134036,114.307479224377,-21.9279778393352,14.8947296142578
"Rhincodon typus",-21.9279778393352,114.307479224377,17365,2017,7,18,114.13,-21.94,"corrected",18.383616134036,114.307479224377,-21.9279778393352,14.8947296142578
"Rhincodon typus",-21.88,113.91,17376,2017,7,29,113.91,-21.88,"original",0,NA,NA,402.422149658203
"Rhincodon typus",-21.9,113.93,17367,2017,7,20,113.93,-21.9,"original",0,NA,NA,402.422149658203
"Rhincodon typus",-21.89,113.92,17367,2017,7,20,113.92,-21.89,"original",0,NA,NA,402.422149658203
"Rhincodon typus",-21.88,113.91,17375,2017,7,28,113.91,-21.88,"original",0,NA,NA,402.422149658203
"Rhincodon typus",-21.9,113.93,17370,2017,7,23,113.93,-21.9,"original",0,NA,NA,402.422149658203
"Rhincodon typus",-21.89,113.92,17374,2017,7,27,113.92,-21.89,"original",0,NA,NA,402.422149658203
"Rhincodon typus",-21.88,113.91,17367,2017,7,20,113.91,-21.88,"original",0,NA,NA,402.422149658203
"Rhincodon typus",-21.88,113.91,17370,2017,7,23,113.91,-21.88,"original",0,NA,NA,402.422149658203
"Rhincodon typus",-21.88,113.91,17377,2017,7,30,113.91,-21.88,"original",0,NA,NA,402.422149658203
"Rhincodon typus",-22.6,113.61,17363,2017,7,16,113.61,-22.6,"original",0,NA,NA,164.364624023438
"Rhincodon typus",-21.89,113.92,17370,2017,7,23,113.92,-21.89,"original",0,NA,NA,402.422149658203
"Rhincodon typus",-21.88,113.91,17374,2017,7,27,113.91,-21.88,"original",0,NA,NA,402.422149658203
"Rhincodon typus",-21.89,113.92,17368,2017,7,21,113.92,-21.89,"original",0,NA,NA,402.422149658203
"Rhincodon typus",-21.88,113.91,17368,2017,7,21,113.91,-21.88,"original",0,NA,NA,402.422149658203
"Rhincodon typus",-21.89,113.92,17375,2017,7,28,113.92,-21.89,"original",0,NA,NA,402.422149658203
"Rhincodon typus",-21.9279778393352,114.307479224377,17361,2017,7,14,114.13,-21.94,"corrected",18.383616134036,114.307479224377,-21.9279778393352,14.8947296142578
"Rhincodon typus",-21.9279778393352,114.307479224377,17359,2017,7,12,114.13,-21.94,"corrected",18.383616134036,114.307479224377,-21.9279778393352,14.8947296142578
"Rhincodon typus",-21.9279778393352,114.307479224377,17356,2017,7,9,114.13,-21.94,"corrected",18.383616134036,114.307479224377,-21.9279778393352,14.8947296142578
"Rhincodon typus",-21.9,113.93,17369,2017,7,22,113.93,-21.9,"original",0,NA,NA,402.422149658203
"Rhincodon typus",-21.88,113.91,17378,2017,7,31,113.91,-21.88,"original",0,NA,NA,402.422149658203
"Rhincodon typus",-21.89,113.92,17378,2017,7,31,113.92,-21.89,"original",0,NA,NA,402.422149658203
"Rhincodon typus",-22.6,113.62,17363,2017,7,16,113.62,-22.6,"original",0,NA,NA,164.364624023438
"Rhincodon typus",-21.9,113.93,17372,2017,7,25,113.93,-21.9,"original",0,NA,NA,402.422149658203
"Rhincodon typus",-21.9,113.93,17368,2017,7,21,113.93,-21.9,"original",0,NA,NA,402.422149658203
"Rhincodon typus",-21.9,113.93,17376,2017,7,29,113.93,-21.9,"original",0,NA,NA,402.422149658203
"Rhincodon typus",-21.88,113.91,17366,2017,7,19,113.91,-21.88,"original",0,NA,NA,402.422149658203
"Rhincodon typus",9.79692,118.95792,17371,2017,7,24,118.95792,9.79692,"original",0,NA,NA,405.975830078125
"Rhincodon typus",9.8066,118.8751,17372,2017,7,25,118.8751,9.8066,"original",0,NA,NA,195.309722900391
"Rhincodon typus",9.9275,119.1306,17368,2017,7,21,119.1306,9.9275,"original",0,NA,NA,127.461647033691
"Rhincodon typus",9.7777,118.8834,17366,2017,7,19,118.8834,9.7777,"original",0,NA,NA,195.309722900391
"Rhincodon typus",9.7977,118.9068,17369,2017,7,22,118.9068,9.7977,"original",0,NA,NA,195.309722900391
"Rhincodon typus",-3.2246,134.91153,17376,2017,7,29,134.91153,-3.2246,"original",0,NA,NA,71.0225524902344
"Rhincodon typus",-3.1805,134.94417,17375,2017,7,28,134.94417,-3.1805,"original",0,NA,NA,71.0225524902344
"Rhincodon typus",-3.20803,134.94795,17376,2017,7,29,134.94795,-3.20803,"original",0,NA,NA,71.0225524902344
"Rhincodon typus",-14.5,119.5,17371,2017,7,24,119.5,-14.5,"original",0,NA,NA,3447.501953125
"Rhincodon typus",-22,113.8,17375,2017,7,28,113.8,-22,"original",0,NA,NA,402.422149658203
"Rhincodon typus",-21.23209,110.61247,17378,2017,7,31,110.61247,-21.23209,"original",0,NA,NA,4903.94873046875
"Rhincodon typus",-22.1,113.8,17375,2017,7,28,113.8,-22.1,"original",0,NA,NA,199.812454223633
"Rhincodon typus",-21.77507,113.90875,17371,2017,7,24,113.90875,-21.77507,"original",0,NA,NA,685.591003417969
"Rhincodon typus",-21.55348,114.32766,17364,2017,7,17,114.32766,-21.55348,"original",0,NA,NA,179.526351928711
"Rhincodon typus",-21.60591,114.3167,17370,2017,7,23,114.3167,-21.60591,"original",0,NA,NA,47.9186668395996
"Rhincodon typus",-22,113.9,17373,2017,7,26,113.9,-22,"original",0,NA,NA,402.422149658203
"Rhincodon typus",-21.58498,113.51319,17370,2017,7,23,113.51319,-21.58498,"original",0,NA,NA,1226.09045410156
"Rhincodon typus",-21.55442,113.54339,17372,2017,7,25,113.54339,-21.55442,"original",0,NA,NA,1226.09045410156
"Rhincodon typus",-21.5247,114.22022,17361,2017,7,14,114.22022,-21.5247,"original",0,NA,NA,179.526351928711
"Rhincodon typus",-21.80092,113.80149,17369,2017,7,22,113.80149,-21.80092,"original",0,NA,NA,685.591003417969
"Rhincodon typus",-21.73003,113.64466,17368,2017,7,21,113.64466,-21.73003,"original",0,NA,NA,1226.09045410156
"Rhincodon typus",-21.78196,113.99194,17370,2017,7,23,113.99194,-21.78196,"original",0,NA,NA,165.018997192383
"Rhincodon typus",-21.83545,113.83601,17372,2017,7,25,113.83601,-21.83545,"original",0,NA,NA,402.422149658203
"Rhincodon typus",-21.8,114.1,17369,2017,7,22,114.1,-21.8,"original",0,NA,NA,165.018997192383
"Rhincodon typus",-21.10864,110.38861,17378,2017,7,31,110.38861,-21.10864,"original",0,NA,NA,4559.58447265625
"Rhincodon typus",-22.7,113.6,17365,2017,7,18,113.6,-22.7,"original",0,NA,NA,164.364624023438
"Rhincodon typus",-21.9279778393352,113.808864265928,17369,2017,7,22,114,-21.9,"corrected",19.9904721686494,113.808864265928,-21.9279778393352,402.422149658203
"Rhincodon typus",-21.8104,113.82173,17368,2017,7,21,113.82173,-21.8104,"original",0,NA,NA,402.422149658203
"Rhincodon typus",-21.72063,113.89832,17373,2017,7,26,113.89832,-21.72063,"original",0,NA,NA,685.591003417969
"Rhincodon typus",-22,113.9,17375,2017,7,28,113.9,-22,"original",0,NA,NA,402.422149658203
"Rhincodon typus",-21.9,113.9,17368,2017,7,21,113.9,-21.9,"original",0,NA,NA,402.422149658203
"Rhincodon typus",-21.9,113.9,17376,2017,7,29,113.9,-21.9,"original",0,NA,NA,402.422149658203
"Rhincodon typus",-21.73535,114.09457,17370,2017,7,23,114.09457,-21.73535,"original",0,NA,NA,165.018997192383
"Rhincodon typus",-21.9279778393352,113.808864265928,17372,2017,7,25,114,-21.9,"corrected",19.9904721686494,113.808864265928,-21.9279778393352,402.422149658203
"Rhincodon typus",-21.8,114,17369,2017,7,22,114,-21.8,"original",0,NA,NA,165.018997192383
"Rhincodon typus",-23.08175,113.1071,17370,2017,7,23,113.1071,-23.08175,"original",0,NA,NA,589.813659667969
"Rhincodon typus",-21.80669,113.80837,17372,2017,7,25,113.80837,-21.80669,"original",0,NA,NA,402.422149658203
"Rhincodon typus",-21.2001,114.28773,17374,2017,7,27,114.28773,-21.2001,"original",0,NA,NA,318.807708740234
"Rhincodon typus",-22.11134,113.81452,17375,2017,7,28,113.81452,-22.11134,"original",0,NA,NA,199.812454223633
"Rhincodon typus",-21.9279778393352,113.808864265928,17373,2017,7,26,114,-21.9,"corrected",19.9904721686494,113.808864265928,-21.9279778393352,402.422149658203
"Rhincodon typus",-22.4265927977839,113.559556786704,17362,2017,7,15,113.7,-22.4,"corrected",14.7568732910328,113.559556786704,-22.4265927977839,410.919006347656
"Rhincodon typus",-20.83961,114.33322,17375,2017,7,28,114.33322,-20.83961,"original",0,NA,NA,566.340026855469
"Rhincodon typus",-21.82502,113.81842,17372,2017,7,25,113.81842,-21.82502,"original",0,NA,NA,402.422149658203
"Rhincodon typus",-21.56899,114.25272,17366,2017,7,19,114.25272,-21.56899,"original",0,NA,NA,47.9186668395996
"Rhincodon typus",-21.9279778393352,113.808864265928,17368,2017,7,21,114,-21.9,"corrected",19.9904721686494,113.808864265928,-21.9279778393352,402.422149658203
"Rhincodon typus",-20.59804,114.4453,17376,2017,7,29,114.4453,-20.59804,"original",0,NA,NA,655.994689941406
"Rhincodon typus",-21.5285,113.72647,17374,2017,7,27,113.72647,-21.5285,"original",0,NA,NA,840.638427734375
"Rhincodon typus",-21.8,114,17367,2017,7,20,114,-21.8,"original",0,NA,NA,165.018997192383
"Rhincodon typus",-21.56343,114.27102,17359,2017,7,12,114.27102,-21.56343,"original",0,NA,NA,47.9186668395996
"Rhincodon typus",-21.8,114.1,17366,2017,7,19,114.1,-21.8,"original",0,NA,NA,165.018997192383
"Rhincodon typus",-21.9,113.9,17367,2017,7,20,113.9,-21.9,"original",0,NA,NA,402.422149658203
"Rhincodon typus",-21.08859,114.74441,17373,2017,7,26,114.74441,-21.08859,"original",0,NA,NA,107.364326477051
"Rhincodon typus",-21.80068,113.98639,17370,2017,7,23,113.98639,-21.80068,"original",0,NA,NA,165.018997192383
"Rhincodon typus",-21.9,113.9,17370,2017,7,23,113.9,-21.9,"original",0,NA,NA,402.422149658203
"Rhincodon typus",-21.79664,113.95442,17376,2017,7,29,113.95442,-21.79664,"original",0,NA,NA,165.018997192383
"Rhincodon typus",-21.54526,114.25579,17361,2017,7,14,114.25579,-21.54526,"original",0,NA,NA,179.526351928711
"Rhincodon typus",-21.59754,114.28546,17370,2017,7,23,114.28546,-21.59754,"original",0,NA,NA,47.9186668395996
"Rhincodon typus",-21.71844,114.02827,17365,2017,7,18,114.02827,-21.71844,"original",0,NA,NA,165.018997192383
"Rhincodon typus",-21.59977,113.7437,17375,2017,7,28,113.7437,-21.59977,"original",0,NA,NA,685.591003417969
"Rhincodon typus",-21.83442,113.89555,17374,2017,7,27,113.89555,-21.83442,"original",0,NA,NA,402.422149658203
"Rhincodon typus",-20.00841,115.15452,17377,2017,7,30,115.15452,-20.00841,"original",0,NA,NA,674.35546875
"Rhincodon typus",-21.6786703601108,114.058171745152,17370,2017,7,23,113.94742,-21.80682,"corrected",18.237516130357,114.058171745152,-21.6786703601108,165.018997192383
"Rhincodon typus",-21.71537,113.88482,17373,2017,7,26,113.88482,-21.71537,"original",0,NA,NA,685.591003417969
"Rhincodon typus",-21.79719,114.00465,17369,2017,7,22,114.00465,-21.79719,"original",0,NA,NA,165.018997192383
"Rhincodon typus",-21.81758,113.91505,17369,2017,7,22,113.91505,-21.81758,"original",0,NA,NA,402.422149658203
"Rhincodon typus",-21.8154,113.82752,17372,2017,7,25,113.82752,-21.8154,"original",0,NA,NA,402.422149658203
"Rhincodon typus",-21.42642,110.83467,17378,2017,7,31,110.83467,-21.42642,"original",0,NA,NA,5055.23291015625
"Rhincodon typus",-21.83552,113.83616,17372,2017,7,25,113.83616,-21.83552,"original",0,NA,NA,402.422149658203
"Rhincodon typus",-21.9,113.9,17369,2017,7,22,113.9,-21.9,"original",0,NA,NA,402.422149658203
"Rhincodon typus",-21.32667,113.95538,17374,2017,7,27,113.95538,-21.32667,"original",0,NA,NA,408.564483642578
"Rhincodon typus",-21.71323,111.1116,17377,2017,7,30,111.1116,-21.71323,"original",0,NA,NA,5068.2587890625
"Rhincodon typus",-21.55941,114.26967,17373,2017,7,26,114.26967,-21.55941,"original",0,NA,NA,47.9186668395996
"Rhincodon typus",-20.5276,114.41664,17376,2017,7,29,114.41664,-20.5276,"original",0,NA,NA,1079.642578125
"Rhincodon typus",-21.95354,113.82586,17375,2017,7,28,113.82586,-21.95354,"original",0,NA,NA,402.422149658203
"Rhincodon typus",-21.60396,114.1731,17361,2017,7,14,114.1731,-21.60396,"original",0,NA,NA,165.018997192383
"Rhincodon typus",-21.9279778393352,113.808864265928,17370,2017,7,23,114,-21.9,"corrected",19.9904721686494,113.808864265928,-21.9279778393352,402.422149658203
"Rhincodon typus",-21.79144,113.7983,17366,2017,7,19,113.7983,-21.79144,"original",0,NA,NA,685.591003417969
"Rhincodon typus",-21.52123,113.94451,17367,2017,7,20,113.94451,-21.52123,"original",0,NA,NA,408.564483642578
"Rhincodon typus",-21.9279778393352,113.808864265928,17367,2017,7,20,114,-21.9,"corrected",19.9904721686494,113.808864265928,-21.9279778393352,402.422149658203
"Rhincodon typus",-21.23214,110.61244,17378,2017,7,31,110.61244,-21.23214,"original",0,NA,NA,4903.94873046875
"Rhincodon typus",-21.27243,110.72784,17378,2017,7,31,110.72784,-21.27243,"original",0,NA,NA,5049.82666015625
"Rhincodon typus",-21.6668,113.96277,17371,2017,7,24,113.96277,-21.6668,"original",0,NA,NA,165.018997192383
"Rhincodon typus",-21.8,114,17368,2017,7,21,114,-21.8,"original",0,NA,NA,165.018997192383
"Rhincodon typus",-21.56464,113.72057,17375,2017,7,28,113.72057,-21.56464,"original",0,NA,NA,685.591003417969
"Rhincodon typus",-21.8,114,17365,2017,7,18,114,-21.8,"original",0,NA,NA,165.018997192383
"Rhincodon typus",-21.49368,113.58434,17373,2017,7,26,113.58434,-21.49368,"original",0,NA,NA,1128.33862304688
"Rhincodon typus",-20.7215,114.3522,17375,2017,7,28,114.3522,-20.7215,"original",0,NA,NA,889.862182617188
"Rhincodon typus",-21.9,113.9,17378,2017,7,31,113.9,-21.9,"original",0,NA,NA,402.422149658203
"Rhincodon typus",-21.84845,113.91032,17371,2017,7,24,113.91032,-21.84845,"original",0,NA,NA,402.422149658203
"Rhincodon typus",-21.7805,113.80786,17369,2017,7,22,113.80786,-21.7805,"original",0,NA,NA,685.591003417969
"Rhincodon typus",-22.3,113.7,17362,2017,7,15,113.7,-22.3,"original",0,NA,NA,199.812454223633
"Rhincodon typus",-21.95821,113.77492,17376,2017,7,29,113.77492,-21.95821,"original",0,NA,NA,402.422149658203
"Rhincodon typus",-21.9279778393352,113.808864265928,17366,2017,7,19,114,-21.9,"corrected",19.9904721686494,113.808864265928,-21.9279778393352,402.422149658203
"Rhincodon typus",-21.82515,113.92645,17372,2017,7,25,113.92645,-21.82515,"original",0,NA,NA,402.422149658203
"Rhincodon typus",-23.08044,113.10614,17370,2017,7,23,113.10614,-23.08044,"original",0,NA,NA,589.813659667969
"Rhincodon typus",-21.61199,114.2987,17369,2017,7,22,114.2987,-21.61199,"original",0,NA,NA,47.9186668395996
"Rhincodon typus",-21.80449,113.9046,17371,2017,7,24,113.9046,-21.80449,"original",0,NA,NA,402.422149658203
"Rhincodon typus",-21.81318,113.92376,17367,2017,7,20,113.92376,-21.81318,"original",0,NA,NA,402.422149658203
"Rhincodon typus",-22.2,113.8,17361,2017,7,14,113.8,-22.2,"original",0,NA,NA,199.812454223633
"Rhincodon typus",-21.82229,113.82154,17372,2017,7,25,113.82154,-21.82229,"original",0,NA,NA,402.422149658203
"Rhincodon typus",-21.67696,114.09211,17365,2017,7,18,114.09211,-21.67696,"original",0,NA,NA,165.018997192383
"Rhincodon typus",-22.05959,113.81279,17375,2017,7,28,113.81279,-22.05959,"original",0,NA,NA,199.812454223633
"Rhincodon typus",-21.57971,114.32197,17371,2017,7,24,114.32197,-21.57971,"original",0,NA,NA,47.9186668395996
"Rhincodon typus",-21.49677,114.12946,17362,2017,7,15,114.12946,-21.49677,"original",0,NA,NA,408.564483642578
"Rhincodon typus",-21.9,113.9,17375,2017,7,28,113.9,-21.9,"original",0,NA,NA,402.422149658203
"Rhincodon typus",-21.95341,113.85477,17373,2017,7,26,113.85477,-21.95341,"original",0,NA,NA,402.422149658203
"Rhincodon typus",-20.84437,114.32603,17375,2017,7,28,114.32603,-20.84437,"original",0,NA,NA,566.340026855469
"Rhincodon typus",-21.9,113.9,17359,2017,7,12,113.9,-21.9,"original",0,NA,NA,402.422149658203
"Rhincodon typus",-21.88553,113.83877,17373,2017,7,26,113.83877,-21.88553,"original",0,NA,NA,402.422149658203
"Rhincodon typus",-21.39803,110.81306,17378,2017,7,31,110.81306,-21.39803,"original",0,NA,NA,5055.23291015625
"Rhincodon typus",-21.57045,114.19949,17360,2017,7,13,114.19949,-21.57045,"original",0,NA,NA,47.9186668395996
"Rhincodon typus",-21.55179,114.36918,17364,2017,7,17,114.36918,-21.55179,"original",0,NA,NA,179.526351928711
"Rhincodon typus",-21.574,114.35119,17364,2017,7,17,114.35119,-21.574,"original",0,NA,NA,47.9186668395996
"Rhincodon typus",-23.59645,112.81317,17371,2017,7,24,112.81317,-23.59645,"original",0,NA,NA,381.442260742188
"Rhincodon typus",-20.64022,114.38277,17375,2017,7,28,114.38277,-20.64022,"original",0,NA,NA,889.862182617188
"Rhincodon typus",-21.94201,113.83918,17373,2017,7,26,113.83918,-21.94201,"original",0,NA,NA,402.422149658203
"Rhincodon typus",-21.21682,110.57764,17378,2017,7,31,110.57764,-21.21682,"original",0,NA,NA,4903.94873046875
"Rhincodon typus",-21.83171,113.84858,17372,2017,7,25,113.84858,-21.83171,"original",0,NA,NA,402.422149658203
"Rhincodon typus",-21.8,114,17370,2017,7,23,114,-21.8,"original",0,NA,NA,165.018997192383
"Rhincodon typus",-21.62051,114.30967,17369,2017,7,22,114.30967,-21.62051,"original",0,NA,NA,47.9186668395996
"Rhincodon typus",-21.49961,114.29385,17361,2017,7,14,114.29385,-21.49961,"original",0,NA,NA,179.526351928711
"Rhincodon typus",-21.6,114.3,17370,2017,7,23,114.3,-21.6,"original",0,NA,NA,47.9186668395996
"Rhincodon typus",-23.71771,111.64675,17373,2017,7,26,111.64675,-23.71771,"original",0,NA,NA,2642.54931640625
"Rhincodon typus",-21.72655,114.0444,17365,2017,7,18,114.0444,-21.72655,"original",0,NA,NA,165.018997192383
"Rhincodon typus",-22,113.9,17356,2017,7,9,113.9,-22,"original",0,NA,NA,402.422149658203
"Rhincodon typus",-21.97353,113.84379,17375,2017,7,28,113.84379,-21.97353,"original",0,NA,NA,402.422149658203
"Rhincodon typus",-21.9279778393352,113.808864265928,17375,2017,7,28,114,-21.9,"corrected",19.9904721686494,113.808864265928,-21.9279778393352,402.422149658203
"Rhincodon typus",-21.62509,114.21015,17364,2017,7,17,114.21015,-21.62509,"original",0,NA,NA,47.9186668395996
"Rhincodon typus",-21.82751,113.8364,17372,2017,7,25,113.8364,-21.82751,"original",0,NA,NA,402.422149658203
"Rhincodon typus",-20.6418,114.37916,17375,2017,7,28,114.37916,-20.6418,"original",0,NA,NA,889.862182617188
"Rhincodon typus",-20.16012,115.23071,17376,2017,7,29,115.23071,-20.16012,"original",0,NA,NA,63.266918182373
"Rhincodon typus",-21.9279778393352,113.808864265928,17371,2017,7,24,113.9356,-21.81632,"corrected",18.0121421052169,113.808864265928,-21.9279778393352,402.422149658203
"Rhincodon typus",-21.59041,113.51405,17370,2017,7,23,113.51405,-21.59041,"original",0,NA,NA,1226.09045410156
"Rhincodon typus",-21.83532,113.92185,17370,2017,7,23,113.92185,-21.83532,"original",0,NA,NA,402.422149658203
"Rhincodon typus",-21.92673,113.82508,17373,2017,7,26,113.82508,-21.92673,"original",0,NA,NA,402.422149658203
"Rhincodon typus",-21.96646,113.83989,17375,2017,7,28,113.83989,-21.96646,"original",0,NA,NA,402.422149658203
"Rhincodon typus",-21.94002,111.1588,17376,2017,7,29,111.1588,-21.94002,"original",0,NA,NA,5074.05126953125
"Rhincodon typus",-21.78164,113.88929,17371,2017,7,24,113.88929,-21.78164,"original",0,NA,NA,685.591003417969
"Rhincodon typus",-21.6213,114.21654,17362,2017,7,15,114.21654,-21.6213,"original",0,NA,NA,47.9186668395996
"Rhincodon typus",-21.8,114,17366,2017,7,19,114,-21.8,"original",0,NA,NA,165.018997192383
"Rhincodon typus",-21.58706,113.50364,17370,2017,7,23,113.50364,-21.58706,"original",0,NA,NA,1226.09045410156
"Rhincodon typus",-21.84271,113.9041,17371,2017,7,24,113.9041,-21.84271,"original",0,NA,NA,402.422149658203
"Rhincodon typus",-21.79835,113.96945,17370,2017,7,23,113.96945,-21.79835,"original",0,NA,NA,165.018997192383
"Rhincodon typus",-21.56322,114.3134,17371,2017,7,24,114.3134,-21.56322,"original",0,NA,NA,47.9186668395996
"Rhincodon typus",-21.83144,113.92391,17376,2017,7,29,113.92391,-21.83144,"original",0,NA,NA,402.422149658203
"Rhincodon typus",-21.78119,113.88445,17371,2017,7,24,113.88445,-21.78119,"original",0,NA,NA,685.591003417969
"Rhincodon typus",-21.75283,113.67398,17372,2017,7,25,113.67398,-21.75283,"original",0,NA,NA,1226.09045410156
"Rhincodon typus",-21.82065,113.83651,17372,2017,7,25,113.83651,-21.82065,"original",0,NA,NA,402.422149658203
"Rhincodon typus",-21.57097,114.27151,17372,2017,7,25,114.27151,-21.57097,"original",0,NA,NA,47.9186668395996
"Rhincodon typus",-21.94469,113.84383,17373,2017,7,26,113.84383,-21.94469,"original",0,NA,NA,402.422149658203
"Rhincodon typus",-21.82551,113.73655,17369,2017,7,22,113.73655,-21.82551,"original",0,NA,NA,402.422149658203
"Rhincodon typus",-21.60122,114.09072,17363,2017,7,16,114.09072,-21.60122,"original",0,NA,NA,165.018997192383
"Rhincodon typus",-22.4265927977839,113.559556786704,17363,2017,7,16,113.7,-22.5,"corrected",16.5837925746159,113.559556786704,-22.4265927977839,410.919006347656
"Rhincodon typus",-21.7187,114.03881,17365,2017,7,18,114.03881,-21.7187,"original",0,NA,NA,165.018997192383
"Rhincodon typus",-21.72533,114.03825,17365,2017,7,18,114.03825,-21.72533,"original",0,NA,NA,165.018997192383
"Rhincodon typus",-21.74568,114.03685,17365,2017,7,18,114.03685,-21.74568,"original",0,NA,NA,165.018997192383
"Rhincodon typus",-21.92849,113.82591,17373,2017,7,26,113.82591,-21.92849,"original",0,NA,NA,402.422149658203
"Rhincodon typus",-21.5888,111.1155,17378,2017,7,31,111.1155,-21.5888,"original",0,NA,NA,5068.2587890625
"Rhincodon typus",-21.5194,113.9532,17367,2017,7,20,113.9532,-21.5194,"original",0,NA,NA,408.564483642578
"Rhincodon typus",-21.56549,114.26889,17373,2017,7,26,114.26889,-21.56549,"original",0,NA,NA,47.9186668395996
"Rhincodon typus",-21.9,113.9,17371,2017,7,24,113.9,-21.9,"original",0,NA,NA,402.422149658203
"Rhincodon typus",-21.73717,113.98265,17365,2017,7,18,113.98265,-21.73717,"original",0,NA,NA,165.018997192383
"Rhincodon typus",-22.02278,113.8348,17375,2017,7,28,113.8348,-22.02278,"original",0,NA,NA,402.422149658203
"Rhincodon typus",-21.78889,113.91629,17371,2017,7,24,113.91629,-21.78889,"original",0,NA,NA,685.591003417969
"Rhincodon typus",-21.71682,114.04498,17365,2017,7,18,114.04498,-21.71682,"original",0,NA,NA,165.018997192383
"Rhincodon typus",-21.57135,114.21045,17360,2017,7,13,114.21045,-21.57135,"original",0,NA,NA,47.9186668395996
"Rhincodon typus",-21.80432,113.91205,17371,2017,7,24,113.91205,-21.80432,"original",0,NA,NA,402.422149658203
"Rhincodon typus",-21.81598,113.84338,17372,2017,7,25,113.84338,-21.81598,"original",0,NA,NA,402.422149658203
"Rhincodon typus",-21.6,114.3,17364,2017,7,17,114.3,-21.6,"original",0,NA,NA,47.9186668395996
"Rhincodon typus",-21.77535,113.90319,17371,2017,7,24,113.90319,-21.77535,"original",0,NA,NA,685.591003417969
"Rhincodon typus",-21.61344,114.29752,17369,2017,7,22,114.29752,-21.61344,"original",0,NA,NA,47.9186668395996
"Rhincodon typus",-21.76852,111.18412,17377,2017,7,30,111.18412,-21.76852,"original",0,NA,NA,5068.2587890625
"Rhincodon typus",-21.9,113.9,17374,2017,7,27,113.9,-21.9,"original",0,NA,NA,402.422149658203
"Rhincodon typus",-20.7203,114.37764,17375,2017,7,28,114.37764,-20.7203,"original",0,NA,NA,889.862182617188
"Rhincodon typus",-21.8,114,17373,2017,7,26,114,-21.8,"original",0,NA,NA,165.018997192383
"Rhincodon typus",-21.93427,113.85038,17373,2017,7,26,113.85038,-21.93427,"original",0,NA,NA,402.422149658203
"Rhincodon typus",-21.9,113.9,17373,2017,7,26,113.9,-21.9,"original",0,NA,NA,402.422149658203
"Rhincodon typus",-21.6,114.3,17363,2017,7,16,114.3,-21.6,"original",0,NA,NA,47.9186668395996
"Rhincodon typus",-21.56008,114.26802,17359,2017,7,12,114.26802,-21.56008,"original",0,NA,NA,47.9186668395996
"Rhincodon typus",-22.05423,113.81872,17375,2017,7,28,113.81872,-22.05423,"original",0,NA,NA,199.812454223633
"Rhincodon typus",-22,113.9,17374,2017,7,27,113.9,-22,"original",0,NA,NA,402.422149658203
"Rhincodon typus",-21.58107,114.3051,17371,2017,7,24,114.3051,-21.58107,"original",0,NA,NA,47.9186668395996
"Rhincodon typus",-20.596,114.42343,17376,2017,7,29,114.42343,-20.596,"original",0,NA,NA,889.862182617188
"Rhincodon typus",-21.83315,113.82268,17372,2017,7,25,113.82268,-21.83315,"original",0,NA,NA,402.422149658203
"Rhincodon typus",-20.58689,115.29854,17378,2017,7,31,115.29854,-20.58689,"original",0,NA,NA,37.159854888916
"Rhincodon typus",-21.82961,113.83486,17372,2017,7,25,113.83486,-21.82961,"original",0,NA,NA,402.422149658203
"Rhincodon typus",-21.93355,113.83174,17373,2017,7,26,113.83174,-21.93355,"original",0,NA,NA,402.422149658203
"Rhincodon typus",-21.8,114.1,17377,2017,7,30,114.1,-21.8,"original",0,NA,NA,165.018997192383
"Rhincodon typus",-22.7,113.6,17366,2017,7,19,113.6,-22.7,"original",0,NA,NA,164.364624023438
"Rhincodon typus",-20.16272,115.23316,17375,2017,7,28,115.23316,-20.16272,"original",0,NA,NA,63.266918182373
"Rhincodon typus",-21.81318,113.83041,17372,2017,7,25,113.83041,-21.81318,"original",0,NA,NA,402.422149658203
"Rhincodon typus",-21.57133,114.24828,17366,2017,7,19,114.24828,-21.57133,"original",0,NA,NA,47.9186668395996
"Rhincodon typus",-21.43405,114.54752,17368,2017,7,21,114.54752,-21.43405,"original",0,NA,NA,106.52774810791
"Rhincodon typus",-21.43395,114.54765,17368,2017,7,21,114.54765,-21.43395,"original",0,NA,NA,106.52774810791
"Rhincodon typus",-21.43995,110.83828,17378,2017,7,31,110.83828,-21.43995,"original",0,NA,NA,5055.23291015625
"Rhincodon typus",-20.16906,115.22763,17375,2017,7,28,115.22763,-20.16906,"original",0,NA,NA,63.266918182373
"Rhincodon typus",-21.6786703601108,114.058171745152,17370,2017,7,23,113.96395,-21.80904,"corrected",17.4179095287029,114.058171745152,-21.6786703601108,165.018997192383
"Rhincodon typus",-21.54879,114.19547,17361,2017,7,14,114.19547,-21.54879,"original",0,NA,NA,179.526351928711
"Rhincodon typus",-23.80175,112.25024,17372,2017,7,25,112.25024,-23.80175,"original",0,NA,NA,767.9423828125
"Rhincodon typus",-22,113.9,17376,2017,7,29,113.9,-22,"original",0,NA,NA,402.422149658203
"Rhincodon typus",-20.16925,115.22756,17375,2017,7,28,115.22756,-20.16925,"original",0,NA,NA,63.266918182373
"Rhincodon typus",-21.96819,113.8447,17375,2017,7,28,113.8447,-21.96819,"original",0,NA,NA,402.422149658203
"Rhincodon typus",-21.554,114.19221,17361,2017,7,14,114.19221,-21.554,"original",0,NA,NA,179.526351928711
"Rhincodon typus",-21.8,114,17378,2017,7,31,114,-21.8,"original",0,NA,NA,165.018997192383
"Rhincodon typus",-21.58124,114.29383,17372,2017,7,25,114.29383,-21.58124,"original",0,NA,NA,47.9186668395996
"Rhincodon typus",-21.78664,113.8935,17371,2017,7,24,113.8935,-21.78664,"original",0,NA,NA,685.591003417969
"Rhincodon typus",-21.9,113.9,17366,2017,7,19,113.9,-21.9,"original",0,NA,NA,402.422149658203
"Rhincodon typus",-21.82987,113.73971,17369,2017,7,22,113.73971,-21.82987,"original",0,NA,NA,402.422149658203
"Rhincodon typus",-21.55678,114.25469,17360,2017,7,13,114.25469,-21.55678,"original",0,NA,NA,47.9186668395996
"Rhincodon typus",-17.5,116.5,17377,2017,7,30,116.5,-17.5,"original",0,NA,NA,2288.99438476562
"Rhincodon typus",-21.9,113.93,17380,2017,8,2,113.93,-21.9,"original",0,NA,NA,402.422149658203
"Rhincodon typus",-21.89,113.92,17380,2017,8,2,113.92,-21.89,"original",0,NA,NA,402.422149658203
"Rhincodon typus",-21.88,113.91,17379,2017,8,1,113.91,-21.88,"original",0,NA,NA,402.422149658203
"Rhincodon typus",-21.89,113.92,17409,2017,8,31,113.92,-21.89,"original",0,NA,NA,402.422149658203
"Rhincodon typus",-21.89,113.92,17379,2017,8,1,113.92,-21.89,"original",0,NA,NA,402.422149658203
"Rhincodon typus",-21.89,113.92,17385,2017,8,7,113.92,-21.89,"original",0,NA,NA,402.422149658203
"Rhincodon typus",-3.20803,134.94795,17381,2017,8,3,134.94795,-3.20803,"original",0,NA,NA,71.0225524902344
"Rhincodon typus",-22.76947,111.75017,17400,2017,8,22,111.75017,-22.76947,"original",0,NA,NA,4844.27880859375
"Rhincodon typus",-22.53179,111.07628,17398,2017,8,20,111.07628,-22.53179,"original",0,NA,NA,5063.23486328125
"Rhincodon typus",-19.75216,115.64515,17400,2017,8,22,115.64515,-19.75216,"original",0,NA,NA,191.654800415039
"Rhincodon typus",-20.22852,115.68914,17391,2017,8,13,115.68914,-20.22852,"original",0,NA,NA,56.708625793457
"Rhincodon typus",-19.6793,115.64889,17400,2017,8,22,115.64889,-19.6793,"original",0,NA,NA,191.654800415039
"Rhincodon typus",-22.21685,110.99281,17397,2017,8,19,110.99281,-22.21685,"original",0,NA,NA,5062.01318359375
"Rhincodon typus",-19.52856,115.31613,17382,2017,8,4,115.31613,-19.52856,"original",0,NA,NA,1069.31665039062
"Rhincodon typus",-19.72451,115.69242,17409,2017,8,31,115.69242,-19.72451,"original",0,NA,NA,129.111267089844
"Rhincodon typus",-22.79728,110.07721,17387,2017,8,9,110.07721,-22.79728,"original",0,NA,NA,4793.22314453125
"Rhincodon typus",-19.67029,115.66431,17399,2017,8,21,115.66431,-19.67029,"original",0,NA,NA,191.654800415039
"Rhincodon typus",-22.76626,110.17638,17385,2017,8,7,110.17638,-22.76626,"original",0,NA,NA,4793.22314453125
"Rhincodon typus",-20.97189,114.58556,17403,2017,8,25,114.58556,-20.97189,"original",0,NA,NA,376.115173339844
"Rhincodon typus",-21.349,114.65247,17384,2017,8,6,114.65247,-21.349,"original",0,NA,NA,106.52774810791
"Rhincodon typus",-22.4265927977839,113.559556786704,17404,2017,8,26,113.7,-22.5,"corrected",16.5837925746159,113.559556786704,-22.4265927977839,410.919006347656
"Rhincodon typus",-22.1,113.8,17382,2017,8,4,113.8,-22.1,"original",0,NA,NA,199.812454223633
"Rhincodon typus",-19.67293,115.72655,17387,2017,8,9,115.72655,-19.67293,"original",0,NA,NA,129.111267089844
"Rhincodon typus",-21.00119,114.31923,17387,2017,8,9,114.31923,-21.00119,"original",0,NA,NA,566.340026855469
"Rhincodon typus",-20.02444,115.36405,17391,2017,8,13,115.36405,-20.02444,"original",0,NA,NA,183.113204956055
"Rhincodon typus",-17.7012,114.99748,17390,2017,8,12,114.99748,-17.7012,"original",0,NA,NA,2373.46435546875
"Rhincodon typus",-20.99636,114.636,17407,2017,8,29,114.636,-20.99636,"original",0,NA,NA,376.115173339844
"Rhincodon typus",-19.24325,116.16708,17395,2017,8,17,116.16708,-19.24325,"original",0,NA,NA,287.999969482422
"Rhincodon typus",-21.93934,113.84453,17379,2017,8,1,113.84453,-21.93934,"original",0,NA,NA,402.422149658203
"Rhincodon typus",-22.6,113.6,17403,2017,8,25,113.6,-22.6,"original",0,NA,NA,164.364624023438
"Rhincodon typus",-22.83677,110.09808,17386,2017,8,8,110.09808,-22.83677,"original",0,NA,NA,4963.01123046875
"Rhincodon typus",-20.28957,114.81228,17393,2017,8,15,114.81228,-20.28957,"original",0,NA,NA,808.614624023438
"Rhincodon typus",-21.32001,114.31787,17387,2017,8,9,114.31787,-21.32001,"original",0,NA,NA,179.526351928711
"Rhincodon typus",-20.11592,115.46411,17394,2017,8,16,115.46411,-20.11592,"original",0,NA,NA,55.575740814209
"Rhincodon typus",-19.67006,115.65017,17404,2017,8,26,115.65017,-19.67006,"original",0,NA,NA,191.654800415039
"Rhincodon typus",-19.98081,109.73402,17406,2017,8,28,109.73402,-19.98081,"original",0,NA,NA,4426.052734375
"Rhincodon typus",-19.74483,115.68228,17400,2017,8,22,115.68228,-19.74483,"original",0,NA,NA,129.111267089844
"Rhincodon typus",-19.71291,115.58106,17400,2017,8,22,115.58106,-19.71291,"original",0,NA,NA,191.654800415039
"Rhincodon typus",-22.79374,110.07736,17387,2017,8,9,110.07736,-22.79374,"original",0,NA,NA,4793.22314453125
"Rhincodon typus",-20.77591,114.88525,17394,2017,8,16,114.88525,-20.77591,"original",0,NA,NA,256.295989990234
"Rhincodon typus",-19.92136,114.46604,17380,2017,8,2,114.46604,-19.92136,"original",0,NA,NA,1276.92736816406
"Rhincodon typus",-21.43968,114.5383,17392,2017,8,14,114.5383,-21.43968,"original",0,NA,NA,106.52774810791
"Rhincodon typus",-22.6,113.6,17405,2017,8,27,113.6,-22.6,"original",0,NA,NA,164.364624023438
"Rhincodon typus",-19.67481,115.67258,17409,2017,8,31,115.67258,-19.67481,"original",0,NA,NA,191.654800415039
"Rhincodon typus",-19.71851,115.70884,17397,2017,8,19,115.70884,-19.71851,"original",0,NA,NA,129.111267089844
"Rhincodon typus",-21.01238,109.87439,17379,2017,8,1,109.87439,-21.01238,"original",0,NA,NA,5049.16845703125
"Rhincodon typus",-19.76015,115.68752,17402,2017,8,24,115.68752,-19.76015,"original",0,NA,NA,129.111267089844
"Rhincodon typus",-22.81306,110.09614,17387,2017,8,9,110.09614,-22.81306,"original",0,NA,NA,4963.01123046875
"Rhincodon typus",-19.75732,115.26103,17392,2017,8,14,115.26103,-19.75732,"original",0,NA,NA,651.908813476562
"Rhincodon typus",-21.19708,110.07714,17380,2017,8,2,110.07714,-21.19708,"original",0,NA,NA,5002.39892578125
"Rhincodon typus",-22.6,113.6,17404,2017,8,26,113.6,-22.6,"original",0,NA,NA,164.364624023438
"Rhincodon typus",-19.97896,115.3972,17388,2017,8,10,115.3972,-19.97896,"original",0,NA,NA,183.113204956055
"Rhincodon typus",-20.36515,114.84594,17387,2017,8,9,114.84594,-20.36515,"original",0,NA,NA,395.741760253906
"Rhincodon typus",-19.54226,115.28817,17382,2017,8,4,115.28817,-19.54226,"original",0,NA,NA,1069.31665039062
"Rhincodon typus",-19.73642,116.09626,17391,2017,8,13,116.09626,-19.73642,"original",0,NA,NA,97.5161437988281
"Rhincodon typus",-19.89904,114.40496,17380,2017,8,2,114.40496,-19.89904,"original",0,NA,NA,1245.95812988281
"Rhincodon typus",-20.24455,115.32508,17393,2017,8,15,115.32508,-20.24455,"original",0,NA,NA,63.266918182373
"Rhincodon typus",-19.94372,115.64712,17389,2017,8,11,115.64712,-19.94372,"original",0,NA,NA,72.8585739135742
"Rhincodon typus",-21.19808,110.07765,17380,2017,8,2,110.07765,-21.19808,"original",0,NA,NA,5002.39892578125
"Rhincodon typus",-20.92007,114.53467,17403,2017,8,25,114.53467,-20.92007,"original",0,NA,NA,376.115173339844
"Rhincodon typus",-19.37023,116.54779,17390,2017,8,12,116.54779,-19.37023,"original",0,NA,NA,110.10767364502
"Rhincodon typus",-21.9,113.9,17380,2017,8,2,113.9,-21.9,"original",0,NA,NA,402.422149658203
"Rhincodon typus",-19.98845,115.32012,17389,2017,8,11,115.32012,-19.98845,"original",0,NA,NA,183.113204956055
"Rhincodon typus",-19.73013,116.13887,17396,2017,8,18,116.13887,-19.73013,"original",0,NA,NA,97.5161437988281
"Rhincodon typus",-20.12114,115.44525,17394,2017,8,16,115.44525,-20.12114,"original",0,NA,NA,55.575740814209
"Rhincodon typus",-20.08428,115.2451,17390,2017,8,12,115.2451,-20.08428,"original",0,NA,NA,63.266918182373
"Rhincodon typus",-21.03975,109.99323,17379,2017,8,1,109.99323,-21.03975,"original",0,NA,NA,5053.55322265625
"Rhincodon typus",-22.38128,111.96567,17402,2017,8,24,111.96567,-22.38128,"original",0,NA,NA,4533.25244140625
"Rhincodon typus",-18.76014,115.89696,17388,2017,8,10,115.89696,-18.76014,"original",0,NA,NA,1221.79260253906
"Rhincodon typus",-20.20543,115.68473,17391,2017,8,13,115.68473,-20.20543,"original",0,NA,NA,56.708625793457
"Rhincodon typus",-19.8057,115.36545,17393,2017,8,15,115.36545,-19.8057,"original",0,NA,NA,651.908813476562
"Rhincodon typus",-20.61665,114.75701,17393,2017,8,15,114.75701,-20.61665,"original",0,NA,NA,256.295989990234
"Rhincodon typus",-19.30916,116.71723,17399,2017,8,21,116.71723,-19.30916,"original",0,NA,NA,184.240081787109
"Rhincodon typus",-19.20985,116.42747,17394,2017,8,16,116.42747,-19.20985,"original",0,NA,NA,214.525924682617
"Rhincodon typus",-19.70771,116.12986,17396,2017,8,18,116.12986,-19.70771,"original",0,NA,NA,97.5161437988281
"Rhincodon typus",-20.06929,115.37809,17390,2017,8,12,115.37809,-20.06929,"original",0,NA,NA,63.266918182373
"Rhincodon typus",-20.06077,115.38544,17391,2017,8,13,115.38544,-20.06077,"original",0,NA,NA,63.266918182373
"Rhincodon typus",-17.11924,116.62892,17395,2017,8,17,116.62892,-17.11924,"original",0,NA,NA,2491.21997070312
"Rhincodon typus",-19.9834,115.62049,17388,2017,8,10,115.62049,-19.9834,"original",0,NA,NA,72.8585739135742
"Rhincodon typus",-19.34071,116.19339,17395,2017,8,17,116.19339,-19.34071,"original",0,NA,NA,126.740203857422
"Rhincodon typus",-22.7,113.6,17402,2017,8,24,113.6,-22.7,"original",0,NA,NA,164.364624023438
"Rhincodon typus",-19.27631,115.74918,17405,2017,8,27,115.74918,-19.27631,"original",0,NA,NA,393.412231445312
"Rhincodon typus",-22.80502,110.07383,17387,2017,8,9,110.07383,-22.80502,"original",0,NA,NA,4963.01123046875
"Rhincodon typus",-22.6,113.6,17402,2017,8,24,113.6,-22.6,"original",0,NA,NA,164.364624023438
"Rhincodon typus",-19.41163,116.21974,17390,2017,8,12,116.21974,-19.41163,"original",0,NA,NA,126.740203857422
"Rhincodon typus",-21.57155,114.27115,17409,2017,8,31,114.27115,-21.57155,"original",0,NA,NA,47.9186668395996
"Rhincodon typus",-20.95656,114.56956,17403,2017,8,25,114.56956,-20.95656,"original",0,NA,NA,376.115173339844
"Rhincodon typus",-21.21664,114.62653,17390,2017,8,12,114.62653,-21.21664,"original",0,NA,NA,199.300994873047
"Rhincodon typus",-20.36313,114.92267,17379,2017,8,1,114.92267,-20.36313,"original",0,NA,NA,395.741760253906
"Rhincodon typus",-19.52302,109.50265,17407,2017,8,29,109.50265,-19.52302,"original",0,NA,NA,4372.49267578125
"Rhincodon typus",-20.03808,115.3618,17391,2017,8,13,115.3618,-20.03808,"original",0,NA,NA,183.113204956055
"Rhincodon typus",-19.70578,115.64207,17383,2017,8,5,115.64207,-19.70578,"original",0,NA,NA,191.654800415039
"Rhincodon typus",-20.15036,115.49047,17395,2017,8,17,115.49047,-20.15036,"original",0,NA,NA,55.575740814209
"Rhincodon typus",-22.67774,113.56103,17401,2017,8,23,113.56103,-22.67774,"original",0,NA,NA,164.364624023438
"Rhincodon typus",-21.60675,114.25385,17406,2017,8,28,114.25385,-21.60675,"original",0,NA,NA,47.9186668395996
"Rhincodon typus",-19.74855,115.679,17402,2017,8,24,115.679,-19.74855,"original",0,NA,NA,129.111267089844
"Rhincodon typus",-22.03444,111.82192,17403,2017,8,25,111.82192,-22.03444,"original",0,NA,NA,5015.052734375
"Rhincodon typus",-21.53729,110.99999,17404,2017,8,26,110.99999,-21.53729,"original",0,NA,NA,5063.7958984375
"Rhincodon typus",-21.93707,113.84805,17379,2017,8,1,113.84805,-21.93707,"original",0,NA,NA,402.422149658203
"Rhincodon typus",-20.04082,115.34405,17387,2017,8,9,115.34405,-20.04082,"original",0,NA,NA,183.113204956055
"Rhincodon typus",-22.19365,113.73254,17383,2017,8,5,113.73254,-22.19365,"original",0,NA,NA,199.812454223633
"Rhincodon typus",-22.6,113.6,17409,2017,8,31,113.6,-22.6,"original",0,NA,NA,164.364624023438
"Rhincodon typus",-19.66853,115.67236,17399,2017,8,21,115.67236,-19.66853,"original",0,NA,NA,191.654800415039
"Rhincodon typus",-21.9279778393352,113.808864265928,17381,2017,8,3,114,-21.9,"corrected",19.9904721686494,113.808864265928,-21.9279778393352,402.422149658203
"Rhincodon typus",-20.97484,114.59216,17403,2017,8,25,114.59216,-20.97484,"original",0,NA,NA,376.115173339844
"Rhincodon typus",-19.89835,115.39461,17393,2017,8,15,115.39461,-19.89835,"original",0,NA,NA,183.113204956055
"Rhincodon typus",-19.73765,115.67175,17401,2017,8,23,115.67175,-19.73765,"original",0,NA,NA,191.654800415039
"Rhincodon typus",-21.58168,114.15282,17384,2017,8,6,114.15282,-21.58168,"original",0,NA,NA,165.018997192383
"Rhincodon typus",-22.77384,110.25634,17385,2017,8,7,110.25634,-22.77384,"original",0,NA,NA,5019.556640625
"Rhincodon typus",-22.21477,110.99012,17397,2017,8,19,110.99012,-22.21477,"original",0,NA,NA,5062.01318359375
"Rhincodon typus",-19.62935,115.2638,17397,2017,8,19,115.2638,-19.62935,"original",0,NA,NA,651.908813476562
"Rhincodon typus",-22.74726,110.16892,17385,2017,8,7,110.16892,-22.74726,"original",0,NA,NA,4793.22314453125
"Rhincodon typus",-22.62432,110.24212,17385,2017,8,7,110.24212,-22.62432,"original",0,NA,NA,5019.556640625
"Rhincodon typus",-20.08778,115.50123,17394,2017,8,16,115.50123,-20.08778,"original",0,NA,NA,55.575740814209
"Rhincodon typus",-21.76841,111.45516,17403,2017,8,25,111.45516,-21.76841,"original",0,NA,NA,5048.63037109375
"Rhincodon typus",-19.84428,115.39663,17388,2017,8,10,115.39663,-19.84428,"original",0,NA,NA,183.113204956055
"Rhincodon typus",-21.43973,114.5715,17392,2017,8,14,114.5715,-21.43973,"original",0,NA,NA,106.52774810791
"Rhincodon typus",-19.88307,115.45773,17388,2017,8,10,115.45773,-19.88307,"original",0,NA,NA,72.8585739135742
"Rhincodon typus",-20.30657,115.30717,17380,2017,8,2,115.30717,-20.30657,"original",0,NA,NA,63.266918182373
"Rhincodon typus",-19.90852,115.64084,17387,2017,8,9,115.64084,-19.90852,"original",0,NA,NA,72.8585739135742
"Rhincodon typus",-17.99799,113.79988,17389,2017,8,11,113.79988,-17.99799,"original",0,NA,NA,1991.64294433594
"Rhincodon typus",-19.70357,115.6162,17383,2017,8,5,115.6162,-19.70357,"original",0,NA,NA,191.654800415039
"Rhincodon typus",-22.29778,110.26244,17384,2017,8,6,110.26244,-22.29778,"original",0,NA,NA,5137.875
"Rhincodon typus",-21.82296,113.93316,17379,2017,8,1,113.93316,-21.82296,"original",0,NA,NA,402.422149658203
"Rhincodon typus",-19.21763,116.29581,17394,2017,8,16,116.29581,-19.21763,"original",0,NA,NA,239.758285522461
"Rhincodon typus",-20.1026,115.46177,17394,2017,8,16,115.46177,-20.1026,"original",0,NA,NA,55.575740814209
"Rhincodon typus",-19.98074,115.27683,17388,2017,8,10,115.27683,-19.98074,"original",0,NA,NA,183.113204956055
"Rhincodon typus",-19.97905,115.42063,17388,2017,8,10,115.42063,-19.97905,"original",0,NA,NA,183.113204956055
"Rhincodon typus",-19.35736,116.35072,17390,2017,8,12,116.35072,-19.35736,"original",0,NA,NA,126.740203857422
"Rhincodon typus",-21.78528,113.93819,17379,2017,8,1,113.93819,-21.78528,"original",0,NA,NA,165.018997192383
"Rhincodon typus",-19.19081,116.39011,17394,2017,8,16,116.39011,-19.19081,"original",0,NA,NA,239.758285522461
"Rhincodon typus",-19.0056,115.95448,17387,2017,8,9,115.95448,-19.0056,"original",0,NA,NA,483.083831787109
"Rhincodon typus",-22.5646,112.08635,17402,2017,8,24,112.08635,-22.5646,"original",0,NA,NA,4080.40405273438
"Rhincodon typus",-20.01998,115.36353,17391,2017,8,13,115.36353,-20.01998,"original",0,NA,NA,183.113204956055
"Rhincodon typus",-19.7795,115.3755,17396,2017,8,18,115.3755,-19.7795,"original",0,NA,NA,651.908813476562
"Rhincodon typus",-20.03931,115.45854,17391,2017,8,13,115.45854,-20.03931,"original",0,NA,NA,72.8585739135742
"Rhincodon typus",-21.93145,113.83879,17380,2017,8,2,113.83879,-21.93145,"original",0,NA,NA,402.422149658203
"Rhincodon typus",-19.74431,115.70845,17402,2017,8,24,115.70845,-19.74431,"original",0,NA,NA,129.111267089844
"Rhincodon typus",-20.23607,115.32705,17393,2017,8,15,115.32705,-20.23607,"original",0,NA,NA,63.266918182373
"Rhincodon typus",-21.43303,114.62441,17384,2017,8,6,114.62441,-21.43303,"original",0,NA,NA,106.52774810791
"Rhincodon typus",-19.72309,115.5086,17399,2017,8,21,115.5086,-19.72309,"original",0,NA,NA,191.654800415039
"Rhincodon typus",-21.30809,114.71129,17407,2017,8,29,114.71129,-21.30809,"original",0,NA,NA,47.464786529541
"Rhincodon typus",-20.09695,115.45176,17390,2017,8,12,115.45176,-20.09695,"original",0,NA,NA,55.575740814209
"Rhincodon typus",-21.13238,110.03859,17380,2017,8,2,110.03859,-21.13238,"original",0,NA,NA,5002.39892578125
"Rhincodon typus",-21.48386,114.50135,17404,2017,8,26,114.50135,-21.48386,"original",0,NA,NA,106.52774810791
"Rhincodon typus",-20.20382,114.72588,17379,2017,8,1,114.72588,-20.20382,"original",0,NA,NA,808.614624023438
"Rhincodon typus",-19.98223,115.40793,17388,2017,8,10,115.40793,-19.98223,"original",0,NA,NA,183.113204956055
"Rhincodon typus",-21.43859,114.57213,17392,2017,8,14,114.57213,-21.43859,"original",0,NA,NA,106.52774810791
"Rhincodon typus",-21.30674,110.20631,17381,2017,8,3,110.20631,-21.30674,"original",0,NA,NA,4472.8203125
"Rhincodon typus",-20.15859,115.51794,17394,2017,8,16,115.51794,-20.15859,"original",0,NA,NA,55.575740814209
"Rhincodon typus",-20.44191,114.84177,17395,2017,8,17,114.84177,-20.44191,"original",0,NA,NA,395.741760253906
"Rhincodon typus",-22.94962,109.99433,17386,2017,8,8,109.99433,-22.94962,"original",0,NA,NA,4963.01123046875
"Rhincodon typus",-19.3647,115.72374,17398,2017,8,20,115.72374,-19.3647,"original",0,NA,NA,247.218154907227
"Rhincodon typus",-22,113.9,17379,2017,8,1,113.9,-22,"original",0,NA,NA,402.422149658203
"Rhincodon typus",-19.75237,115.66467,17402,2017,8,24,115.66467,-19.75237,"original",0,NA,NA,191.654800415039
"Rhincodon typus",-19.52918,115.31979,17382,2017,8,4,115.31979,-19.52918,"original",0,NA,NA,1069.31665039062
"Rhincodon typus",-19.75599,115.79857,17387,2017,8,9,115.79857,-19.75599,"original",0,NA,NA,129.111267089844
"Rhincodon typus",-21.30966,114.31704,17387,2017,8,9,114.31704,-21.30966,"original",0,NA,NA,179.526351928711
"Rhincodon typus",-20.22912,115.32818,17393,2017,8,15,115.32818,-20.22912,"original",0,NA,NA,63.266918182373
"Rhincodon typus",-21.61238,114.2489,17406,2017,8,28,114.2489,-21.61238,"original",0,NA,NA,47.9186668395996
"Rhincodon typus",-21.51877,114.28732,17405,2017,8,27,114.28732,-21.51877,"original",0,NA,NA,179.526351928711
"Rhincodon typus",-20.16036,115.49362,17380,2017,8,2,115.49362,-20.16036,"original",0,NA,NA,55.575740814209
"Rhincodon typus",-18.82721,115.43409,17407,2017,8,29,115.43409,-18.82721,"original",0,NA,NA,1178.044921875
"Rhincodon typus",-21.2435,110.12855,17380,2017,8,2,110.12855,-21.2435,"original",0,NA,NA,5002.39892578125
"Rhincodon typus",-22.45018,112.04993,17402,2017,8,24,112.04993,-22.45018,"original",0,NA,NA,4533.25244140625
"Rhincodon typus",-20.91316,114.84663,17394,2017,8,16,114.84663,-20.91316,"original",0,NA,NA,161.005798339844
"Rhincodon typus",-20.17931,115.32233,17392,2017,8,14,115.32233,-20.17931,"original",0,NA,NA,63.266918182373
"Rhincodon typus",-19.73303,115.63662,17399,2017,8,21,115.63662,-19.73303,"original",0,NA,NA,191.654800415039
"Rhincodon typus",-20.03881,115.3457,17387,2017,8,9,115.3457,-20.03881,"original",0,NA,NA,183.113204956055
"Rhincodon typus",-21.4514,114.46496,17404,2017,8,26,114.46496,-21.4514,"original",0,NA,NA,106.52774810791
"Rhincodon typus",-19.81065,115.37165,17393,2017,8,15,115.37165,-19.81065,"original",0,NA,NA,183.113204956055
"Rhincodon typus",-19.37365,116.34823,17390,2017,8,12,116.34823,-19.37365,"original",0,NA,NA,126.740203857422
"Rhincodon typus",-20.97179,114.83872,17394,2017,8,16,114.83872,-20.97179,"original",0,NA,NA,161.005798339844
"Rhincodon typus",-19.3496,116.38768,17395,2017,8,17,116.38768,-19.3496,"original",0,NA,NA,126.740203857422
"Rhincodon typus",-19.68928,115.56078,17387,2017,8,9,115.56078,-19.68928,"original",0,NA,NA,191.654800415039
"Rhincodon typus",-19.71546,115.57696,17400,2017,8,22,115.57696,-19.71546,"original",0,NA,NA,191.654800415039
"Rhincodon typus",-22,113.8,17379,2017,8,1,113.8,-22,"original",0,NA,NA,402.422149658203
"Rhincodon typus",-20.2239,115.34404,17393,2017,8,15,115.34404,-20.2239,"original",0,NA,NA,63.266918182373
"Rhincodon typus",-21.21696,114.62701,17390,2017,8,12,114.62701,-21.21696,"original",0,NA,NA,199.300994873047
"Rhincodon typus",-20.96702,114.5665,17403,2017,8,25,114.5665,-20.96702,"original",0,NA,NA,376.115173339844
"Rhincodon typus",-20.74975,114.89016,17394,2017,8,16,114.89016,-20.74975,"original",0,NA,NA,256.295989990234
"Rhincodon typus",-21.44192,110.73484,17404,2017,8,26,110.73484,-21.44192,"original",0,NA,NA,5055.23291015625
"Rhincodon typus",-21.05465,110.2733,17379,2017,8,1,110.2733,-21.05465,"original",0,NA,NA,5095.4619140625
"Rhincodon typus",-20.24019,115.67899,17391,2017,8,13,115.67899,-20.24019,"original",0,NA,NA,56.708625793457
"Rhincodon typus",-20.41771,114.8285,17395,2017,8,17,114.8285,-20.41771,"original",0,NA,NA,395.741760253906
"Rhincodon typus",-22.39645,110.98958,17398,2017,8,20,110.98958,-22.39645,"original",0,NA,NA,5063.23486328125
"Rhincodon typus",-22.19588,113.73925,17383,2017,8,5,113.73925,-22.19588,"original",0,NA,NA,199.812454223633
"Rhincodon typus",-17.11614,116.64539,17395,2017,8,17,116.64539,-17.11614,"original",0,NA,NA,2491.21997070312
"Rhincodon typus",-20.07168,115.38842,17390,2017,8,12,115.38842,-20.07168,"original",0,NA,NA,63.266918182373
"Rhincodon typus",-19.70873,115.73321,17397,2017,8,19,115.73321,-19.70873,"original",0,NA,NA,129.111267089844
"Rhincodon typus",-21.83068,111.58584,17403,2017,8,25,111.58584,-21.83068,"original",0,NA,NA,5046.92041015625
"Rhincodon typus",-21.17292,110.10472,17380,2017,8,2,110.10472,-21.17292,"original",0,NA,NA,5002.39892578125
"Rhincodon typus",-20.24545,115.29071,17394,2017,8,16,115.29071,-20.24545,"original",0,NA,NA,63.266918182373
"Rhincodon typus",-20.11946,115.06568,17388,2017,8,10,115.06568,-20.11946,"original",0,NA,NA,240.609649658203
"Rhincodon typus",-22.69942,111.22208,17399,2017,8,21,111.22208,-22.69942,"original",0,NA,NA,5032.84130859375
"Rhincodon typus",-22.30971,110.95352,17398,2017,8,20,110.95352,-22.30971,"original",0,NA,NA,5063.23486328125
"Rhincodon typus",-19.75285,115.62218,17400,2017,8,22,115.62218,-19.75285,"original",0,NA,NA,191.654800415039
"Rhincodon typus",-22.06315,113.75233,17379,2017,8,1,113.75233,-22.06315,"original",0,NA,NA,199.812454223633
"Rhincodon typus",-18.24826,114.54209,17389,2017,8,11,114.54209,-18.24826,"original",0,NA,NA,1659.94848632812
"Rhincodon typus",-21.09901,114.70496,17408,2017,8,30,114.70496,-21.09901,"original",0,NA,NA,107.364326477051
"Rhincodon typus",-20.89473,114.55848,17403,2017,8,25,114.55848,-20.89473,"original",0,NA,NA,376.115173339844
"Rhincodon typus",-22.43252,110.28997,17384,2017,8,6,110.28997,-22.43252,"original",0,NA,NA,5104.34716796875
"Rhincodon typus",-21.4353,114.45148,17404,2017,8,26,114.45148,-21.4353,"original",0,NA,NA,106.52774810791
"Rhincodon typus",-21.38694,110.09115,17382,2017,8,4,110.09115,-21.38694,"original",0,NA,NA,4674.13037109375
"Rhincodon typus",-20.11741,115.46869,17394,2017,8,16,115.46869,-20.11741,"original",0,NA,NA,55.575740814209
"Rhincodon typus",-19.57348,116.30111,17390,2017,8,12,116.30111,-19.57348,"original",0,NA,NA,75.776008605957
"Rhincodon typus",-17.87216,115.03568,17390,2017,8,12,115.03568,-17.87216,"original",0,NA,NA,1980.43151855469
"Rhincodon typus",-22.67763,112.23072,17401,2017,8,23,112.23072,-22.67763,"original",0,NA,NA,3217.7333984375
"Rhincodon typus",-22.7885,111.99126,17401,2017,8,23,111.99126,-22.7885,"original",0,NA,NA,4080.40405273438
"Rhincodon typus",-19.73501,115.67267,17402,2017,8,24,115.67267,-19.73501,"original",0,NA,NA,191.654800415039
"Rhincodon typus",-20.20506,114.74414,17379,2017,8,1,114.74414,-20.20506,"original",0,NA,NA,808.614624023438
"Rhincodon typus",-20.39001,115.21097,17381,2017,8,3,115.21097,-20.39001,"original",0,NA,NA,40.166316986084
"Rhincodon typus",-20.63313,114.75333,17393,2017,8,15,114.75333,-20.63313,"original",0,NA,NA,256.295989990234
"Rhincodon typus",-20.18021,115.32006,17392,2017,8,14,115.32006,-20.18021,"original",0,NA,NA,63.266918182373
"Rhincodon typus",-19.68947,115.6646,17407,2017,8,29,115.6646,-19.68947,"original",0,NA,NA,191.654800415039
"Rhincodon typus",-17.74592,115.00161,17390,2017,8,12,115.00161,-17.74592,"original",0,NA,NA,2373.46435546875
"Rhincodon typus",-21.10654,110.37524,17379,2017,8,1,110.37524,-21.10654,"original",0,NA,NA,4559.58447265625
"Rhincodon typus",-21.49222,114.24728,17408,2017,8,30,114.24728,-21.49222,"original",0,NA,NA,179.526351928711
"Rhincodon typus",-19.54127,114.65284,17394,2017,8,16,114.65284,-19.54127,"original",0,NA,NA,1435.76025390625
"Rhincodon typus",-20.12481,115.2657,17381,2017,8,3,115.2657,-20.12481,"original",0,NA,NA,63.266918182373
"Rhincodon typus",-19.91942,116.6138,17391,2017,8,13,116.6138,-19.91942,"original",0,NA,NA,56.2343101501465
"Rhincodon typus",-21.54752,114.17738,17384,2017,8,6,114.17738,-21.54752,"original",0,NA,NA,408.564483642578
"Rhincodon typus",-22.19015,113.72598,17383,2017,8,5,113.72598,-22.19015,"original",0,NA,NA,199.812454223633
"Rhincodon typus",-19.69159,115.6542,17407,2017,8,29,115.6542,-19.69159,"original",0,NA,NA,191.654800415039
"Rhincodon typus",-20.04806,114.71824,17379,2017,8,1,114.71824,-20.04806,"original",0,NA,NA,1213.89025878906
"Rhincodon typus",-19.72624,115.58982,17388,2017,8,10,115.58982,-19.72624,"original",0,NA,NA,191.654800415039
"Rhincodon typus",-20.55737,114.8127,17383,2017,8,5,114.8127,-20.55737,"original",0,NA,NA,256.295989990234
"Rhincodon typus",-17.97475,108.21965,17409,2017,8,31,108.21965,-17.97475,"original",0,NA,NA,5518.1298828125
"Rhincodon typus",-20.98239,114.81634,17394,2017,8,16,114.81634,-20.98239,"original",0,NA,NA,161.005798339844
"Rhincodon typus",-20.10321,115.23801,17390,2017,8,12,115.23801,-20.10321,"original",0,NA,NA,63.266918182373
"Rhincodon typus",-20.00624,115.35723,17387,2017,8,9,115.35723,-20.00624,"original",0,NA,NA,183.113204956055
"Rhincodon typus",-19.4119,116.18348,17390,2017,8,12,116.18348,-19.4119,"original",0,NA,NA,126.740203857422
"Rhincodon typus",-21.48502,110.80187,17404,2017,8,26,110.80187,-21.48502,"original",0,NA,NA,5055.23291015625
"Rhincodon typus",-20.0683,115.26016,17380,2017,8,2,115.26016,-20.0683,"original",0,NA,NA,63.266918182373
"Rhincodon typus",-20.12296,114.0755,17409,2017,8,31,114.0755,-20.12296,"original",0,NA,NA,1173.47045898438
"Rhincodon typus",-19.71324,115.71994,17397,2017,8,19,115.71994,-19.71324,"original",0,NA,NA,129.111267089844
"Rhincodon typus",-21.83402,113.88353,17379,2017,8,1,113.88353,-21.83402,"original",0,NA,NA,402.422149658203
"Rhincodon typus",-19.97926,115.41011,17388,2017,8,10,115.41011,-19.97926,"original",0,NA,NA,183.113204956055
"Rhincodon typus",-20.15903,115.5002,17395,2017,8,17,115.5002,-20.15903,"original",0,NA,NA,55.575740814209
"Rhincodon typus",-22.70268,110.24249,17385,2017,8,7,110.24249,-22.70268,"original",0,NA,NA,5019.556640625
"Rhincodon typus",-19.65299,115.63209,17405,2017,8,27,115.63209,-19.65299,"original",0,NA,NA,191.654800415039
"Rhincodon typus",-14.5,116.5,17381,2017,8,3,116.5,-14.5,"original",0,NA,NA,5691.83251953125
"Rhincodon typus",-21.89,113.92,17436,2017,9,27,113.92,-21.89,"original",0,NA,NA,402.422149658203
"Rhincodon typus",-21.88,113.91,17411,2017,9,2,113.91,-21.88,"original",0,NA,NA,402.422149658203
"Rhincodon typus",-22.6,113.61,17433,2017,9,24,113.61,-22.6,"original",0,NA,NA,164.364624023438
"Rhincodon typus",-21.9,113.93,17436,2017,9,27,113.93,-21.9,"original",0,NA,NA,402.422149658203
"Rhincodon typus",-23.174515235457,113.559556786704,17435,2017,9,26,113.73,-23.13,"corrected",18.1374521368589,113.559556786704,-23.174515235457,77.0263366699219
"Rhincodon typus",-21.88,113.91,17412,2017,9,3,113.91,-21.88,"original",0,NA,NA,402.422149658203
"Rhincodon typus",-22.59,113.61,17438,2017,9,29,113.61,-22.59,"original",0,NA,NA,164.364624023438
"Rhincodon typus",-23.174515235457,113.559556786704,17416,2017,9,7,113.7,-23.12,"corrected",15.5986585582539,113.559556786704,-23.174515235457,77.0263366699219
"Rhincodon typus",-21.9,113.93,17419,2017,9,10,113.93,-21.9,"original",0,NA,NA,402.422149658203
"Rhincodon typus",-21.89,113.92,17419,2017,9,10,113.92,-21.89,"original",0,NA,NA,402.422149658203
"Rhincodon typus",-21.9,113.93,17413,2017,9,4,113.93,-21.9,"original",0,NA,NA,402.422149658203
"Rhincodon typus",-23.174515235457,113.559556786704,17416,2017,9,7,113.69,-23.12,"corrected",14.6597258053448,113.559556786704,-23.174515235457,77.0263366699219
"Rhincodon typus",-21.9,113.93,17433,2017,9,24,113.93,-21.9,"original",0,NA,NA,402.422149658203
"Rhincodon typus",-21.89,113.92,17432,2017,9,23,113.92,-21.89,"original",0,NA,NA,402.422149658203
"Rhincodon typus",-21.88,113.91,17437,2017,9,28,113.91,-21.88,"original",0,NA,NA,402.422149658203
"Rhincodon typus",-21.89,113.92,17411,2017,9,2,113.92,-21.89,"original",0,NA,NA,402.422149658203
"Rhincodon typus",-22.6,113.61,17439,2017,9,30,113.61,-22.6,"original",0,NA,NA,164.364624023438
"Rhincodon typus",-21.88,113.91,17436,2017,9,27,113.91,-21.88,"original",0,NA,NA,402.422149658203
"Rhincodon typus",-21.9,113.93,17437,2017,9,28,113.93,-21.9,"original",0,NA,NA,402.422149658203
"Rhincodon typus",-21.9,113.93,17412,2017,9,3,113.93,-21.9,"original",0,NA,NA,402.422149658203
"Rhincodon typus",-21.9,113.93,17416,2017,9,7,113.93,-21.9,"original",0,NA,NA,402.422149658203
"Rhincodon typus",-21.89,113.92,17413,2017,9,4,113.92,-21.89,"original",0,NA,NA,402.422149658203
"Rhincodon typus",-21.89,113.92,17433,2017,9,24,113.92,-21.89,"original",0,NA,NA,402.422149658203
"Rhincodon typus",-23.174515235457,113.559556786704,17416,2017,9,7,113.71,-23.13,"corrected",16.1760001868536,113.559556786704,-23.174515235457,77.0263366699219
"Rhincodon typus",-21.9,113.93,17418,2017,9,9,113.93,-21.9,"original",0,NA,NA,402.422149658203
"Rhincodon typus",-21.89,113.92,17418,2017,9,9,113.92,-21.89,"original",0,NA,NA,402.422149658203
"Rhincodon typus",-21.89,113.92,17439,2017,9,30,113.92,-21.89,"original",0,NA,NA,402.422149658203
"Rhincodon typus",-21.9,113.93,17411,2017,9,2,113.93,-21.9,"original",0,NA,NA,402.422149658203
"Rhincodon typus",-23.174515235457,113.559556786704,17416,2017,9,7,113.72,-23.13,"corrected",17.1541934688524,113.559556786704,-23.174515235457,77.0263366699219
"Rhincodon typus",-22.6,113.61,17436,2017,9,27,113.61,-22.6,"original",0,NA,NA,164.364624023438
"Rhincodon typus",-22.59,113.61,17436,2017,9,27,113.61,-22.59,"original",0,NA,NA,164.364624023438
"Rhincodon typus",-11.5,137.5,17436,2017,9,27,137.5,-11.5,"original",0,NA,NA,56.8841705322266
"Rhincodon typus",-15.5,123.5,17415,2017,9,6,123.5,-15.5,"original",0,NA,NA,23.8339309692383
"Rhincodon typus",-22,113.9,17417,2017,9,8,113.9,-22,"original",0,NA,NA,402.422149658203
"Rhincodon typus",-17.025,106.00436,17412,2017,9,3,106.00436,-17.025,"original",0,NA,NA,5770.83837890625
"Rhincodon typus",-22,113.8,17427,2017,9,18,113.8,-22,"original",0,NA,NA,402.422149658203
"Rhincodon typus",-21.9279778393352,113.808864265928,17418,2017,9,9,114,-21.9,"corrected",19.9904721686494,113.808864265928,-21.9279778393352,402.422149658203
"Rhincodon typus",-21.9279778393352,113.808864265928,17430,2017,9,21,114,-22,"corrected",21.2920088625279,113.808864265928,-21.9279778393352,402.422149658203
"Rhincodon typus",-22,113.9,17428,2017,9,19,113.9,-22,"original",0,NA,NA,402.422149658203
"Rhincodon typus",-16.38611,105.87739,17422,2017,9,13,105.87739,-16.38611,"original",0,NA,NA,5962.01513671875
"Rhincodon typus",-22.4265927977839,113.559556786704,17423,2017,9,14,113.7,-22.5,"corrected",16.5837925746159,113.559556786704,-22.4265927977839,410.919006347656
"Rhincodon typus",-22.4265927977839,113.559556786704,17424,2017,9,15,113.7,-22.5,"corrected",16.5837925746159,113.559556786704,-22.4265927977839,410.919006347656
"Rhincodon typus",-21.6,114.3,17428,2017,9,19,114.3,-21.6,"original",0,NA,NA,47.9186668395996
"Rhincodon typus",-19.7013,115.71103,17429,2017,9,20,115.71103,-19.7013,"original",0,NA,NA,129.111267089844
"Rhincodon typus",-22.5,113.6,17432,2017,9,23,113.6,-22.5,"original",0,NA,NA,410.919006347656
"Rhincodon typus",-22,113.9,17425,2017,9,16,113.9,-22,"original",0,NA,NA,402.422149658203
"Rhincodon typus",-22,113.9,17434,2017,9,25,113.9,-22,"original",0,NA,NA,402.422149658203
"Rhincodon typus",-21.6738,112.5023,17426,2017,9,17,112.5023,-21.6738,"original",0,NA,NA,3827.71923828125
"Rhincodon typus",-22,113.9,17419,2017,9,10,113.9,-22,"original",0,NA,NA,402.422149658203
"Rhincodon typus",-22,113.9,17427,2017,9,18,113.9,-22,"original",0,NA,NA,402.422149658203
"Rhincodon typus",-16.9893,105.85751,17413,2017,9,4,105.85751,-16.9893,"original",0,NA,NA,5818.37646484375
"Rhincodon typus",-22.4265927977839,113.559556786704,17427,2017,9,18,113.7,-22.4,"corrected",14.7568732910328,113.559556786704,-22.4265927977839,410.919006347656
"Rhincodon typus",-16.58237,105.47261,17415,2017,9,6,105.47261,-16.58237,"original",0,NA,NA,5967.34375
"Rhincodon typus",-16.36932,115.40871,17414,2017,9,5,115.40871,-16.36932,"original",0,NA,NA,4480.84130859375
"Rhincodon typus",-19.19491,115.47658,17412,2017,9,3,115.47658,-19.19491,"original",0,NA,NA,758.101318359375
"Rhincodon typus",-14.969,111.59335,17438,2017,9,29,111.59335,-14.969,"original",0,NA,NA,5443.84814453125
"Rhincodon typus",-17.95602,104.1391,17426,2017,9,17,104.1391,-17.95602,"original",0,NA,NA,5764.396484375
"Rhincodon typus",-16.42412,114.00473,17421,2017,9,12,114.00473,-16.42412,"original",0,NA,NA,3393.001953125
"Rhincodon typus",-22.0005,113.8373,17428,2017,9,19,113.8373,-22.0005,"original",0,NA,NA,402.422149658203
"Rhincodon typus",-22,113.9,17422,2017,9,13,113.9,-22,"original",0,NA,NA,402.422149658203
"Rhincodon typus",-18.31439,111.63503,17425,2017,9,16,111.63503,-18.31439,"original",0,NA,NA,4559.89501953125
"Rhincodon typus",-19.56153,113.75347,17411,2017,9,2,113.75347,-19.56153,"original",0,NA,NA,1131.51440429688
"Rhincodon typus",-22.3,113.8,17426,2017,9,17,113.8,-22.3,"original",0,NA,NA,199.812454223633
"Rhincodon typus",-17.91765,112.00892,17423,2017,9,14,112.00892,-17.91765,"original",0,NA,NA,4884.49462890625
"Rhincodon typus",-22.2,113.8,17419,2017,9,10,113.8,-22.2,"original",0,NA,NA,199.812454223633
"Rhincodon typus",-22,113.9,17429,2017,9,20,113.9,-22,"original",0,NA,NA,402.422149658203
"Rhincodon typus",-22,113.9,17435,2017,9,26,113.9,-22,"original",0,NA,NA,402.422149658203
"Rhincodon typus",-19.70358,115.62038,17424,2017,9,15,115.62038,-19.70358,"original",0,NA,NA,191.654800415039
"Rhincodon typus",-22,113.8,17429,2017,9,20,113.8,-22,"original",0,NA,NA,402.422149658203
"Rhincodon typus",-22,113.9,17412,2017,9,3,113.9,-22,"original",0,NA,NA,402.422149658203
"Rhincodon typus",-22,113.9,17426,2017,9,17,113.9,-22,"original",0,NA,NA,402.422149658203
"Rhincodon typus",-21.6,114.4,17431,2017,9,22,114.4,-21.6,"original",0,NA,NA,47.9186668395996
"Rhincodon typus",-16.40584,113.99248,17421,2017,9,12,113.99248,-16.40584,"original",0,NA,NA,3393.001953125
"Rhincodon typus",-15.88732,111.73511,17435,2017,9,26,111.73511,-15.88732,"original",0,NA,NA,4794.17724609375
"Rhincodon typus",-22,113.9,17432,2017,9,23,113.9,-22,"original",0,NA,NA,402.422149658203
"Rhincodon typus",-21.9279778393352,113.808864265928,17434,2017,9,25,114,-21.9,"corrected",19.9904721686494,113.808864265928,-21.9279778393352,402.422149658203
"Rhincodon typus",-19.80208,113.54786,17420,2017,9,11,113.54786,-19.80208,"original",0,NA,NA,1015.8759765625
"Rhincodon typus",-19.70503,113.94748,17410,2017,9,1,113.94748,-19.70503,"original",0,NA,NA,1178.38330078125
"Rhincodon typus",-19.54384,104.3739,17436,2017,9,27,104.3739,-19.54384,"original",0,NA,NA,5511.03759765625
"Rhincodon typus",-18.19802,103.97196,17429,2017,9,20,103.97196,-18.19802,"original",0,NA,NA,5760.78759765625
"Rhincodon typus",-21.9279778393352,113.808864265928,17426,2017,9,17,114,-22,"corrected",21.2920088625279,113.808864265928,-21.9279778393352,402.422149658203
"Rhincodon typus",-22.71394,113.51998,17430,2017,9,21,113.51998,-22.71394,"original",0,NA,NA,164.364624023438
"Rhincodon typus",-16.42628,114.02103,17421,2017,9,12,114.02103,-16.42628,"original",0,NA,NA,3393.001953125
"Rhincodon typus",-16.45576,105.53983,17416,2017,9,7,105.53983,-16.45576,"original",0,NA,NA,5937.419921875
"Rhincodon typus",-22.11705,113.80625,17420,2017,9,11,113.80625,-22.11705,"original",0,NA,NA,199.812454223633
"Rhincodon typus",-22.1,113.8,17420,2017,9,11,113.8,-22.1,"original",0,NA,NA,199.812454223633
"Rhincodon typus",-19.70753,115.73318,17425,2017,9,16,115.73318,-19.70753,"original",0,NA,NA,129.111267089844
"Rhincodon typus",-16.34572,116.01245,17412,2017,9,3,116.01245,-16.34572,"original",0,NA,NA,4832.36474609375
"Rhincodon typus",-22.4265927977839,113.559556786704,17425,2017,9,16,113.7,-22.4,"corrected",14.7568732910328,113.559556786704,-22.4265927977839,410.919006347656
"Rhincodon typus",-19.85534,104.75833,17438,2017,9,29,104.75833,-19.85534,"original",0,NA,NA,5626.671875
"Rhincodon typus",-21.6,114.4,17432,2017,9,23,114.4,-21.6,"original",0,NA,NA,47.9186668395996
"Rhincodon typus",-19.6148,113.84006,17410,2017,9,1,113.84006,-19.6148,"original",0,NA,NA,1131.51440429688
"Rhincodon typus",-22,113.9,17437,2017,9,28,113.9,-22,"original",0,NA,NA,402.422149658203
"Rhincodon typus",-16.5781,113.765,17422,2017,9,13,113.765,-16.5781,"original",0,NA,NA,2890.5419921875
"Rhincodon typus",-18.29461,111.63221,17425,2017,9,16,111.63221,-18.29461,"original",0,NA,NA,4926.47900390625
"Rhincodon typus",-21.60708,112.76011,17431,2017,9,22,112.76011,-21.60708,"original",0,NA,NA,2625.099609375
"Rhincodon typus",-16.08735,115.77494,17413,2017,9,4,115.77494,-16.08735,"original",0,NA,NA,5653.03759765625
"Rhincodon typus",-22.6,113.6,17431,2017,9,22,113.6,-22.6,"original",0,NA,NA,164.364624023438
"Rhincodon typus",-18.35856,111.56494,17426,2017,9,17,111.56494,-18.35856,"original",0,NA,NA,4559.89501953125
"Rhincodon typus",-16.77035,115.06826,17416,2017,9,7,115.06826,-16.77035,"original",0,NA,NA,2190.39184570312
"Rhincodon typus",-15.66752,114.94701,17437,2017,9,28,114.94701,-15.66752,"original",0,NA,NA,5710.462890625
"Rhincodon typus",-22,113.9,17436,2017,9,27,113.9,-22,"original",0,NA,NA,402.422149658203
"Rhincodon typus",-21.94671,113.85388,17412,2017,9,3,113.85388,-21.94671,"original",0,NA,NA,402.422149658203
"Rhincodon typus",-16.56269,113.20362,17424,2017,9,15,113.20362,-16.56269,"original",0,NA,NA,2459.7783203125
"Rhincodon typus",-16.52326,114.15764,17421,2017,9,12,114.15764,-16.52326,"original",0,NA,NA,3393.001953125
"Rhincodon typus",-19.67041,115.74048,17428,2017,9,19,115.74048,-19.67041,"original",0,NA,NA,129.111267089844
"Rhincodon typus",-17.68584,112.49366,17430,2017,9,21,112.49366,-17.68584,"original",0,NA,NA,4465.7880859375
"Rhincodon typus",-16.39052,112.10176,17431,2017,9,22,112.10176,-16.39052,"original",0,NA,NA,4765.001953125
"Rhincodon typus",-22.06077,113.83391,17429,2017,9,20,113.83391,-22.06077,"original",0,NA,NA,199.812454223633
"Rhincodon typus",-16.24043,105.55808,17418,2017,9,9,105.55808,-16.24043,"original",0,NA,NA,5967.333984375
"Rhincodon typus",-22,113.9,17418,2017,9,9,113.9,-22,"original",0,NA,NA,402.422149658203
"Rhincodon typus",-21.9,113.9,17434,2017,9,25,113.9,-21.9,"original",0,NA,NA,402.422149658203
"Rhincodon typus",-19.90309,104.71441,17439,2017,9,30,104.71441,-19.90309,"original",0,NA,NA,5626.671875
"Rhincodon typus",-22,113.9,17430,2017,9,21,113.9,-22,"original",0,NA,NA,402.422149658203
"Rhincodon typus",-21.8146,111.51299,17423,2017,9,14,111.51299,-21.8146,"original",0,NA,NA,5046.92041015625
"Rhincodon typus",-22.4265927977839,113.559556786704,17423,2017,9,14,113.7,-22.4,"corrected",14.7568732910328,113.559556786704,-22.4265927977839,410.919006347656
"Rhincodon typus",-21.66342,113.82607,17411,2017,9,2,113.82607,-21.66342,"original",0,NA,NA,685.591003417969
"Rhincodon typus",-16.72669,114.5348,17419,2017,9,10,114.5348,-16.72669,"original",0,NA,NA,2743.00708007812
"Rhincodon typus",-16.91111,114.95539,17418,2017,9,9,114.95539,-16.91111,"original",0,NA,NA,1763.19812011719
"Rhincodon typus",-21.93562,113.8581,17410,2017,9,1,113.8581,-21.93562,"original",0,NA,NA,402.422149658203
"Rhincodon typus",-19.05509,104.12331,17435,2017,9,26,104.12331,-19.05509,"original",0,NA,NA,5608.736328125
"Rhincodon typus",-16.49425,112.39696,17427,2017,9,18,112.39696,-16.49425,"original",0,NA,NA,4402.89306640625
"Rhincodon typus",-21.39605,112.13011,17421,2017,9,12,112.13011,-21.39605,"original",0,NA,NA,3712.75366210938
"Rhincodon typus",-22,113.9,17421,2017,9,12,113.9,-22,"original",0,NA,NA,402.422149658203
"Rhincodon typus",-22,113.8,17421,2017,9,12,113.8,-22,"original",0,NA,NA,402.422149658203
"Rhincodon typus",-16.8518,114.97338,17417,2017,9,8,114.97338,-16.8518,"original",0,NA,NA,1763.19812011719
"Rhincodon typus",-16.41044,112.34791,17427,2017,9,18,112.34791,-16.41044,"original",0,NA,NA,4402.89306640625
"Rhincodon typus",-21.6154,112.74923,17431,2017,9,22,112.74923,-21.6154,"original",0,NA,NA,2625.099609375
"Rhincodon typus",-22.5,113.6,17424,2017,9,15,113.6,-22.5,"original",0,NA,NA,410.919006347656
"Rhincodon typus",-22.1,113.9,17419,2017,9,10,113.9,-22.1,"original",0,NA,NA,199.812454223633
"Rhincodon typus",-21.59802,114.21367,17421,2017,9,12,114.21367,-21.59802,"original",0,NA,NA,47.9186668395996
"Rhincodon typus",-21.57298,113.92977,17415,2017,9,6,113.92977,-21.57298,"original",0,NA,NA,685.591003417969
"Rhincodon typus",-15.34051,111.89993,17437,2017,9,28,111.89993,-15.34051,"original",0,NA,NA,4820.9326171875
"Rhincodon typus",-19.26965,115.17151,17414,2017,9,5,115.17151,-19.26965,"original",0,NA,NA,1501.19738769531
"Rhincodon typus",-17.13365,115.8781,17410,2017,9,1,115.8781,-17.13365,"original",0,NA,NA,3222.62255859375
"Rhincodon typus",-18.3603,111.5656,17426,2017,9,17,111.5656,-18.3603,"original",0,NA,NA,4559.89501953125
"Rhincodon typus",-19.33055,113.14599,17420,2017,9,11,113.14599,-19.33055,"original",0,NA,NA,1179.61804199219
"Rhincodon typus",-16.85156,114.97419,17417,2017,9,8,114.97419,-16.85156,"original",0,NA,NA,1763.19812011719
"Rhincodon typus",-21.6,114.3,17431,2017,9,22,114.3,-21.6,"original",0,NA,NA,47.9186668395996
"Rhincodon typus",-19.68256,115.7066,17425,2017,9,16,115.7066,-19.68256,"original",0,NA,NA,129.111267089844
"Rhincodon typus",-21.9,113.9,17430,2017,9,21,113.9,-21.9,"original",0,NA,NA,402.422149658203
"Rhincodon typus",-21.92433,113.84401,17413,2017,9,4,113.84401,-21.92433,"original",0,NA,NA,402.422149658203
"Rhincodon typus",-19.70828,115.60769,17423,2017,9,14,115.60769,-19.70828,"original",0,NA,NA,191.654800415039
"Rhincodon typus",-15.6993,115.86805,17438,2017,9,29,115.86805,-15.6993,"original",0,NA,NA,5701.50146484375
"Rhincodon typus",-19.10876,112.98799,17420,2017,9,11,112.98799,-19.10876,"original",0,NA,NA,1440.30163574219
"Rhincodon typus",-22.1772853185595,113.808864265928,17428,2017,9,19,113.8,-22.4,"corrected",24.6790413636136,113.808864265928,-22.1772853185595,199.812454223633
"Rhincodon typus",-22,113.9,17420,2017,9,11,113.9,-22,"original",0,NA,NA,402.422149658203
"Rhincodon typus",-19.69431,115.70988,17428,2017,9,19,115.70988,-19.69431,"original",0,NA,NA,129.111267089844
"Rhincodon typus",-21.7,114.3,17427,2017,9,18,114.3,-21.7,"original",0,NA,NA,47.9186668395996
"Rhincodon typus",-16.93118,105.7035,17412,2017,9,3,105.7035,-16.93118,"original",0,NA,NA,5870.09912109375
"Rhincodon typus",-16.48987,112.40234,17427,2017,9,18,112.40234,-16.48987,"original",0,NA,NA,4402.89306640625
"Rhincodon typus",-22,113.8,17428,2017,9,19,113.8,-22,"original",0,NA,NA,402.422149658203
"Rhincodon typus",-21.94953,113.861,17411,2017,9,2,113.861,-21.94953,"original",0,NA,NA,402.422149658203
"Rhincodon typus",-21.6,114.4,17423,2017,9,14,114.4,-21.6,"original",0,NA,NA,47.9186668395996
"Rhincodon typus",-19.63394,113.52864,17413,2017,9,4,113.52864,-19.63394,"original",0,NA,NA,1015.8759765625
"Rhincodon typus",-16.739,116.06523,17411,2017,9,2,116.06523,-16.739,"original",0,NA,NA,3885.45654296875
"Rhincodon typus",-16.5536,113.32982,17424,2017,9,15,113.32982,-16.5536,"original",0,NA,NA,2459.7783203125
"Rhincodon typus",-16.29319,112.3896,17428,2017,9,19,112.3896,-16.29319,"original",0,NA,NA,4127.23779296875
"Rhincodon typus",-19.67282,115.57053,17413,2017,9,4,115.57053,-19.67282,"original",0,NA,NA,191.654800415039
"Rhincodon typus",-21.9279778393352,113.808864265928,17426,2017,9,17,114,-21.9,"corrected",19.9904721686494,113.808864265928,-21.9279778393352,402.422149658203
"Rhincodon typus",-16.45574,114.00314,17421,2017,9,12,114.00314,-16.45574,"original",0,NA,NA,3393.001953125
"Rhincodon typus",-21.9139,113.81751,17412,2017,9,3,113.81751,-21.9139,"original",0,NA,NA,402.422149658203
"Rhincodon typus",-22.4265927977839,113.559556786704,17431,2017,9,22,113.7,-22.5,"corrected",16.5837925746159,113.559556786704,-22.4265927977839,410.919006347656
"Rhincodon typus",-15.32748,111.91865,17437,2017,9,28,111.91865,-15.32748,"original",0,NA,NA,4820.9326171875
"Rhincodon typus",-15.09065,111.67442,17438,2017,9,29,111.67442,-15.09065,"original",0,NA,NA,5360.79443359375
"Rhincodon typus",-16.55647,113.20893,17424,2017,9,15,113.20893,-16.55647,"original",0,NA,NA,2459.7783203125
"Rhincodon typus",-18.14308,111.79364,17424,2017,9,15,111.79364,-18.14308,"original",0,NA,NA,4894.42626953125
"Rhincodon typus",-21.66612,112.08469,17419,2017,9,10,112.08469,-21.66612,"original",0,NA,NA,4588.67578125
"Rhincodon typus",-16.37416,112.32204,17429,2017,9,20,112.32204,-16.37416,"original",0,NA,NA,4402.89306640625
"Rhincodon typus",-16.64058,114.48574,17420,2017,9,11,114.48574,-16.64058,"original",0,NA,NA,2743.00708007812
"Rhincodon typus",-21.92629,113.85712,17410,2017,9,1,113.85712,-21.92629,"original",0,NA,NA,402.422149658203
"Rhincodon typus",-19.32765,113.14594,17420,2017,9,11,113.14594,-19.32765,"original",0,NA,NA,1179.61804199219
"Rhincodon typus",-21.65668,112.08316,17419,2017,9,10,112.08316,-21.65668,"original",0,NA,NA,4588.67578125
"Rhincodon typus",-21.83892,113.67647,17410,2017,9,1,113.67647,-21.83892,"original",0,NA,NA,1179.9716796875
"Rhincodon typus",-21.7,114.4,17423,2017,9,14,114.4,-21.7,"original",0,NA,NA,47.9186668395996
"Rhincodon typus",-16.46448,115.29284,17415,2017,9,6,115.29284,-16.46448,"original",0,NA,NA,4480.84130859375
"Rhincodon typus",-15.28374,111.88723,17437,2017,9,28,111.88723,-15.28374,"original",0,NA,NA,4810.318359375
"Rhincodon typus",-19.23928,104.11989,17434,2017,9,25,104.11989,-19.23928,"original",0,NA,NA,5586.6240234375
"Rhincodon typus",-21.31008,114.64006,17420,2017,9,11,114.64006,-21.31008,"original",0,NA,NA,106.52774810791
"Rhincodon typus",-21.9,113.9,17431,2017,9,22,113.9,-21.9,"original",0,NA,NA,402.422149658203
"Rhincodon typus",-16.27383,105.61776,17420,2017,9,11,105.61776,-16.27383,"original",0,NA,NA,5967.333984375
"Rhincodon typus",-21.92995,113.82975,17411,2017,9,2,113.82975,-21.92995,"original",0,NA,NA,402.422149658203
"Rhincodon typus",-21.85208,109.48411,17427,2017,9,18,109.48411,-21.85208,"original",0,NA,NA,5056.18310546875
"Rhincodon typus",-22.04911,113.81659,17429,2017,9,20,113.81659,-22.04911,"original",0,NA,NA,402.422149658203
"Rhincodon typus",-22,113.9,17433,2017,9,24,113.9,-22,"original",0,NA,NA,402.422149658203
"Rhincodon typus",-15.31777,111.92819,17437,2017,9,28,111.92819,-15.31777,"original",0,NA,NA,4810.318359375
"Rhincodon typus",-16.27885,105.45609,17418,2017,9,9,105.45609,-16.27885,"original",0,NA,NA,5994.09716796875
"Rhincodon typus",-21.9978,113.84618,17428,2017,9,19,113.84618,-21.9978,"original",0,NA,NA,402.422149658203
"Rhincodon typus",-22.4,113.6,17425,2017,9,16,113.6,-22.4,"original",0,NA,NA,410.919006347656
"Rhincodon typus",-16.2967,105.59006,17420,2017,9,11,105.59006,-16.2967,"original",0,NA,NA,5967.333984375
"Rhincodon typus",-16.36477,114.01576,17421,2017,9,12,114.01576,-16.36477,"original",0,NA,NA,3393.001953125
"Rhincodon typus",-19.69554,115.72675,17425,2017,9,16,115.72675,-19.69554,"original",0,NA,NA,129.111267089844
"Rhincodon typus",-22.1,113.8,17434,2017,9,25,113.8,-22.1,"original",0,NA,NA,199.812454223633
"Rhincodon typus",-21.97958,111.81043,17418,2017,9,9,111.81043,-21.97958,"original",0,NA,NA,5015.052734375
"Rhincodon typus",-16.4118,111.68779,17433,2017,9,24,111.68779,-16.4118,"original",0,NA,NA,5041.85107421875
"Rhincodon typus",-16.93167,105.46533,17414,2017,9,5,105.46533,-16.93167,"original",0,NA,NA,5870.09912109375
"Rhincodon typus",-15.04541,111.65199,17438,2017,9,29,111.65199,-15.04541,"original",0,NA,NA,5443.84814453125
"Rhincodon typus",-19.69885,115.69256,17426,2017,9,17,115.69256,-19.69885,"original",0,NA,NA,129.111267089844
"Rhincodon typus",-16.99181,115.84141,17410,2017,9,1,115.84141,-16.99181,"original",0,NA,NA,3540.99194335938
"Rhincodon typus",-15.64415,111.83108,17435,2017,9,26,111.83108,-15.64415,"original",0,NA,NA,4785.87890625
"Rhincodon typus",-19.64278,115.66616,17416,2017,9,7,115.66616,-19.64278,"original",0,NA,NA,191.654800415039
"Rhincodon typus",-22.23416,113.35841,17438,2017,9,29,113.35841,-22.23416,"original",0,NA,NA,1362.18005371094
"Rhincodon typus",-16.54949,113.18769,17424,2017,9,15,113.18769,-16.54949,"original",0,NA,NA,2459.7783203125
"Rhincodon typus",-22,113.8,17436,2017,9,27,113.8,-22,"original",0,NA,NA,402.422149658203
"Rhincodon typus",-21.9279778393352,113.808864265928,17430,2017,9,21,114,-21.9,"corrected",19.9904721686494,113.808864265928,-21.9279778393352,402.422149658203
"Rhincodon typus",-21.95367,113.84682,17411,2017,9,2,113.84682,-21.95367,"original",0,NA,NA,402.422149658203
"Rhincodon typus",-16.78138,114.70068,17418,2017,9,9,114.70068,-16.78138,"original",0,NA,NA,2092.74047851562
"Rhincodon typus",-17.75335,107.68346,17410,2017,9,1,107.68346,-17.75335,"original",0,NA,NA,5399.00732421875
"Rhincodon typus",-16.47575,114.05925,17421,2017,9,12,114.05925,-16.47575,"original",0,NA,NA,3393.001953125
"Rhincodon typus",-21.81464,113.62507,17417,2017,9,8,113.62507,-21.81464,"original",0,NA,NA,1179.9716796875
"Rhincodon typus",-22.1,113.8,17423,2017,9,14,113.8,-22.1,"original",0,NA,NA,199.812454223633
"Rhincodon typus",-16.37186,116.02008,17412,2017,9,3,116.02008,-16.37186,"original",0,NA,NA,4832.36474609375
"Rhincodon typus",-17.55149,107.25943,17410,2017,9,1,107.25943,-17.55149,"original",0,NA,NA,5564.95263671875
"Rhincodon typus",-19.68105,115.6546,17420,2017,9,11,115.6546,-19.68105,"original",0,NA,NA,191.654800415039
"Rhincodon typus",-22,113.9,17424,2017,9,15,113.9,-22,"original",0,NA,NA,402.422149658203
"Rhincodon typus",-21.9279778393352,113.808864265928,17433,2017,9,24,114,-21.9,"corrected",19.9904721686494,113.808864265928,-21.9279778393352,402.422149658203
"Rhincodon typus",-21.9279778393352,113.808864265928,17418,2017,9,9,114,-22,"corrected",21.2920088625279,113.808864265928,-21.9279778393352,402.422149658203
"Rhincodon typus",-18.20027,103.96971,17429,2017,9,20,103.96971,-18.20027,"original",0,NA,NA,5760.78759765625
"Rhincodon typus",-22.05336,113.38016,17413,2017,9,4,113.38016,-22.05336,"original",0,NA,NA,1362.18005371094
"Rhincodon typus",-18.33206,111.73051,17428,2017,9,19,111.73051,-18.33206,"original",0,NA,NA,4614.2666015625
"Rhincodon typus",-20.5,116.5,17419,2017,9,10,116.5,-20.5,"original",0,NA,NA,25.6327514648438
"Rhincodon typus",-22.6,113.62,17452,2017,10,13,113.62,-22.6,"original",0,NA,NA,164.364624023438
"Rhincodon typus",-21.88,113.91,17451,2017,10,12,113.91,-21.88,"original",0,NA,NA,402.422149658203
"Rhincodon typus",-23.174515235457,113.559556786704,17455,2017,10,16,113.7,-23.12,"corrected",15.5986585582539,113.559556786704,-23.174515235457,77.0263366699219
"Rhincodon typus",-23.174515235457,113.559556786704,17456,2017,10,17,113.72,-23.13,"corrected",17.1541934688524,113.559556786704,-23.174515235457,77.0263366699219
"Rhincodon typus",-23.174515235457,113.559556786704,17456,2017,10,17,113.71,-23.13,"corrected",16.1760001868536,113.559556786704,-23.174515235457,77.0263366699219
"Rhincodon typus",-23.174515235457,113.559556786704,17455,2017,10,16,113.72,-23.13,"corrected",17.1541934688524,113.559556786704,-23.174515235457,77.0263366699219
"Rhincodon typus",-23.174515235457,113.559556786704,17455,2017,10,16,113.71,-23.13,"corrected",16.1760001868536,113.559556786704,-23.174515235457,77.0263366699219
"Rhincodon typus",-14.5,138.5,17450,2017,10,11,138.5,-14.5,"original",0,NA,NA,63.0738754272461
"Rhincodon typus",-15.5,138.5,17461,2017,10,22,138.5,-15.5,"original",0,NA,NA,52.989372253418
"Rhincodon typus",-13.5,138.5,17456,2017,10,17,138.5,-13.5,"original",0,NA,NA,71.1469116210938
"Rhincodon typus",-22.88099,113.64694,17455,2017,10,16,113.64694,-22.88099,"original",0,NA,NA,96.4634246826172
"Rhincodon typus",-22.9252077562327,113.559556786704,17447,2017,10,8,113.7,-22.9,"corrected",14.6757946926051,113.559556786704,-22.9252077562327,96.4634246826172
"Rhincodon typus",-22.6,113.6,17444,2017,10,5,113.6,-22.6,"original",0,NA,NA,164.364624023438
"Rhincodon typus",-15.81548,111.39312,17465,2017,10,26,111.39312,-15.81548,"original",0,NA,NA,5277.04345703125
"Rhincodon typus",-25.6,112.9,17457,2017,10,18,112.9,-25.6,"original",0,NA,NA,77.0546112060547
"Rhincodon typus",-16.04106,111.58812,17463,2017,10,24,111.58812,-16.04106,"original",0,NA,NA,5014.5234375
"Rhincodon typus",-15.82961,111.57937,17465,2017,10,26,111.57937,-15.82961,"original",0,NA,NA,5014.5234375
"Rhincodon typus",-25.6,113,17462,2017,10,23,113,-25.6,"original",0,NA,NA,18.7328910827637
"Rhincodon typus",-22.7,113.6,17457,2017,10,18,113.6,-22.7,"original",0,NA,NA,164.364624023438
"Rhincodon typus",-15.67342,111.30371,17461,2017,10,22,111.30371,-15.67342,"original",0,NA,NA,5277.04345703125
"Rhincodon typus",-22.6759002770083,113.559556786704,17464,2017,10,25,113.7,-22.8,"corrected",19.9244097789753,113.559556786704,-22.6759002770083,164.364624023438
"Rhincodon typus",-16.82718,98.8066,17468,2017,10,29,98.8066,-16.82718,"original",0,NA,NA,5233.451171875
"Rhincodon typus",-22.73696,113.53698,17457,2017,10,18,113.53698,-22.73696,"original",0,NA,NA,164.364624023438
"Rhincodon typus",-16.5012,98.50142,17465,2017,10,26,98.50142,-16.5012,"original",0,NA,NA,5647.9658203125
"Rhincodon typus",-22.9252077562327,113.559556786704,17443,2017,10,4,113.71204,-22.93118,"corrected",15.6551988273166,113.559556786704,-22.9252077562327,96.4634246826172
"Rhincodon typus",-22.8,113.6,17457,2017,10,18,113.6,-22.8,"original",0,NA,NA,164.364624023438
"Rhincodon typus",-22.6759002770083,113.559556786704,17465,2017,10,26,113.7,-22.8,"corrected",19.9244097789753,113.559556786704,-22.6759002770083,164.364624023438
"Rhincodon typus",-25.6,112.9,17464,2017,10,25,112.9,-25.6,"original",0,NA,NA,77.0546112060547
"Rhincodon typus",-25.6,112.9,17469,2017,10,30,112.9,-25.6,"original",0,NA,NA,77.0546112060547
"Rhincodon typus",-22.7,113.6,17443,2017,10,4,113.6,-22.7,"original",0,NA,NA,164.364624023438
"Rhincodon typus",-22.8,113.6,17465,2017,10,26,113.6,-22.8,"original",0,NA,NA,164.364624023438
"Rhincodon typus",-25.7,113,17465,2017,10,26,113,-25.7,"original",0,NA,NA,18.7328910827637
"Rhincodon typus",-15.61079,111.04934,17440,2017,10,1,111.04934,-15.61079,"original",0,NA,NA,5643.90087890625
"Rhincodon typus",-25.7,112.9,17456,2017,10,17,112.9,-25.7,"original",0,NA,NA,77.0546112060547
"Rhincodon typus",-25.6,112.9,17461,2017,10,22,112.9,-25.6,"original",0,NA,NA,77.0546112060547
"Rhincodon typus",-25.7,113,17455,2017,10,16,113,-25.7,"original",0,NA,NA,18.7328910827637
"Rhincodon typus",-22.6462,113.55077,17452,2017,10,13,113.55077,-22.6462,"original",0,NA,NA,164.364624023438
"Rhincodon typus",-19.62247,105.28744,17440,2017,10,1,105.28744,-19.62247,"original",0,NA,NA,5561.6103515625
"Rhincodon typus",-15.49731,112.30624,17447,2017,10,8,112.30624,-15.49731,"original",0,NA,NA,4323.36474609375
"Rhincodon typus",-15.53374,112.20339,17446,2017,10,7,112.20339,-15.53374,"original",0,NA,NA,4323.36474609375
"Rhincodon typus",-19.8529,105.20307,17440,2017,10,1,105.20307,-19.8529,"original",0,NA,NA,5540.63232421875
"Rhincodon typus",-22.0582,113.79212,17449,2017,10,10,113.79212,-22.0582,"original",0,NA,NA,199.812454223633
"Rhincodon typus",-22.6759002770083,113.559556786704,17445,2017,10,6,113.7,-22.8,"corrected",19.9244097789753,113.559556786704,-22.6759002770083,164.364624023438
"Rhincodon typus",-22.69174,113.53014,17453,2017,10,14,113.53014,-22.69174,"original",0,NA,NA,164.364624023438
"Rhincodon typus",-15.85066,111.45557,17465,2017,10,26,111.45557,-15.85066,"original",0,NA,NA,5014.5234375
"Rhincodon typus",-22.9252077562327,113.559556786704,17464,2017,10,25,113.8,-22.9,"corrected",24.8241479686729,113.559556786704,-22.9252077562327,96.4634246826172
"Rhincodon typus",-15.48824,112.19912,17446,2017,10,7,112.19912,-15.48824,"original",0,NA,NA,4323.36474609375
"Rhincodon typus",-16.46146,98.53534,17464,2017,10,25,98.53534,-16.46146,"original",0,NA,NA,5647.9658203125
"Rhincodon typus",-23.56317,112.82694,17461,2017,10,22,112.82694,-23.56317,"original",0,NA,NA,381.442260742188
"Rhincodon typus",-25.5,112.9,17459,2017,10,20,112.9,-25.5,"original",0,NA,NA,88.4447479248047
"Rhincodon typus",-22.69702,113.53406,17457,2017,10,18,113.53406,-22.69702,"original",0,NA,NA,164.364624023438
"Rhincodon typus",-16.43029,98.51312,17462,2017,10,23,98.51312,-16.43029,"original",0,NA,NA,5647.9658203125
"Rhincodon typus",-23.00127,113.54873,17453,2017,10,14,113.54873,-23.00127,"original",0,NA,NA,96.4634246826172
"Rhincodon typus",-22.9,113.6,17459,2017,10,20,113.6,-22.9,"original",0,NA,NA,96.4634246826172
"Rhincodon typus",-16.01206,111.61839,17463,2017,10,24,111.61839,-16.01206,"original",0,NA,NA,5014.5234375
"Rhincodon typus",-22.69015,113.56542,17450,2017,10,11,113.56542,-22.69015,"original",0,NA,NA,164.364624023438
"Rhincodon typus",-25.6,112.9,17467,2017,10,28,112.9,-25.6,"original",0,NA,NA,77.0546112060547
"Rhincodon typus",-22.78251,113.35529,17460,2017,10,21,113.35529,-22.78251,"original",0,NA,NA,732.497863769531
"Rhincodon typus",-22.9252077562327,113.559556786704,17443,2017,10,4,113.69124,-22.89333,"corrected",13.9631366514174,113.559556786704,-22.9252077562327,96.4634246826172
"Rhincodon typus",-22.6759002770083,113.559556786704,17458,2017,10,19,113.7,-22.8,"corrected",19.9244097789753,113.559556786704,-22.6759002770083,164.364624023438
"Rhincodon typus",-15.81623,111.77968,17466,2017,10,27,111.77968,-15.81623,"original",0,NA,NA,4785.87890625
"Rhincodon typus",-25.6,112.9,17454,2017,10,15,112.9,-25.6,"original",0,NA,NA,77.0546112060547
"Rhincodon typus",-16.48501,98.55726,17464,2017,10,25,98.55726,-16.48501,"original",0,NA,NA,5647.9658203125
"Rhincodon typus",-20.30835,115.32895,17470,2017,10,31,115.32895,-20.30835,"original",0,NA,NA,40.166316986084
"Rhincodon typus",-25.5,113,17458,2017,10,19,113,-25.5,"original",0,NA,NA,32.9635162353516
"Rhincodon typus",-22.74791,113.36262,17460,2017,10,21,113.36262,-22.74791,"original",0,NA,NA,732.497863769531
"Rhincodon typus",-16.1108,98.82891,17459,2017,10,20,98.82891,-16.1108,"original",0,NA,NA,5371.66845703125
"Rhincodon typus",-25.7,113,17466,2017,10,27,113,-25.7,"original",0,NA,NA,18.7328910827637
"Rhincodon typus",-15.84913,111.5523,17465,2017,10,26,111.5523,-15.84913,"original",0,NA,NA,5014.5234375
"Rhincodon typus",-22.98468,113.38403,17460,2017,10,21,113.38403,-22.98468,"original",0,NA,NA,422.541259765625
"Rhincodon typus",-22.7,113.6,17466,2017,10,27,113.6,-22.7,"original",0,NA,NA,164.364624023438
"Rhincodon typus",-25.6,112.9,17468,2017,10,29,112.9,-25.6,"original",0,NA,NA,77.0546112060547
"Rhincodon typus",-16.55268,98.73791,17465,2017,10,26,98.73791,-16.55268,"original",0,NA,NA,5358.74951171875
"Rhincodon typus",-15.59492,111.05734,17440,2017,10,1,111.05734,-15.59492,"original",0,NA,NA,5643.90087890625
"Rhincodon typus",-16.86132,98.7714,17469,2017,10,30,98.7714,-16.86132,"original",0,NA,NA,5233.451171875
"Rhincodon typus",-15.50588,112.47967,17449,2017,10,10,112.47967,-15.50588,"original",0,NA,NA,4871.9453125
"Rhincodon typus",-15.98168,111.59864,17463,2017,10,24,111.59864,-15.98168,"original",0,NA,NA,5014.5234375
"Rhincodon typus",-16.85997,98.76824,17469,2017,10,30,98.76824,-16.85997,"original",0,NA,NA,5233.451171875
"Rhincodon typus",-15.94598,111.39364,17463,2017,10,24,111.39364,-15.94598,"original",0,NA,NA,5186.79052734375
"Rhincodon typus",-16.05613,111.39307,17463,2017,10,24,111.39307,-16.05613,"original",0,NA,NA,5186.79052734375
"Rhincodon typus",-19.75629,117.57448,17455,2017,10,16,117.57448,-19.75629,"original",0,NA,NA,62.6733818054199
"Rhincodon typus",-22.70496,113.53766,17457,2017,10,18,113.53766,-22.70496,"original",0,NA,NA,164.364624023438
"Rhincodon typus",-15.8372,111.81937,17466,2017,10,27,111.81937,-15.8372,"original",0,NA,NA,4794.17724609375
"Rhincodon typus",-25.5,113,17459,2017,10,20,113,-25.5,"original",0,NA,NA,32.9635162353516
"Rhincodon typus",-15.72488,111.34561,17461,2017,10,22,111.34561,-15.72488,"original",0,NA,NA,5277.04345703125
"Rhincodon typus",-16.55948,98.73318,17465,2017,10,26,98.73318,-16.55948,"original",0,NA,NA,5358.74951171875
"Rhincodon typus",-22.69655,113.58076,17466,2017,10,27,113.58076,-22.69655,"original",0,NA,NA,164.364624023438
"Rhincodon typus",-22.81284,113.62645,17456,2017,10,17,113.62645,-22.81284,"original",0,NA,NA,96.4634246826172
"Rhincodon typus",-25.6,112.9,17460,2017,10,21,112.9,-25.6,"original",0,NA,NA,77.0546112060547
"Rhincodon typus",-16.8907,98.51067,17470,2017,10,31,98.51067,-16.8907,"original",0,NA,NA,5799.8994140625
"Rhincodon typus",-16.27642,111.71294,17457,2017,10,18,111.71294,-16.27642,"original",0,NA,NA,4835.1201171875
"Rhincodon typus",-16.33811,111.7304,17457,2017,10,18,111.7304,-16.33811,"original",0,NA,NA,4835.96240234375
"Rhincodon typus",-23.57801,112.85748,17460,2017,10,21,112.85748,-23.57801,"original",0,NA,NA,381.442260742188
"Rhincodon typus",-16.45154,98.46303,17463,2017,10,24,98.46303,-16.45154,"original",0,NA,NA,5770.9482421875
"Rhincodon typus",-19.27354,105.27988,17442,2017,10,3,105.27988,-19.27354,"original",0,NA,NA,5662.42236328125
"Rhincodon typus",-27.49522,112.46633,17452,2017,10,13,112.46633,-27.49522,"original",0,NA,NA,725.585205078125
"Rhincodon typus",-22.89165,113.67684,17454,2017,10,15,113.67684,-22.89165,"original",0,NA,NA,96.4634246826172
"Rhincodon typus",-15.68099,111.25324,17442,2017,10,3,111.25324,-15.68099,"original",0,NA,NA,5277.04345703125
"Rhincodon typus",-22.8,113.6,17466,2017,10,27,113.6,-22.8,"original",0,NA,NA,164.364624023438
"Rhincodon typus",-22.9252077562327,113.559556786704,17443,2017,10,4,113.7,-22.9,"corrected",14.6757946926051,113.559556786704,-22.9252077562327,96.4634246826172
"Rhincodon typus",-22.6759002770083,113.559556786704,17441,2017,10,2,113.8,-22.8,"corrected",28.2642048606651,113.559556786704,-22.6759002770083,164.364624023438
"Rhincodon typus",-21.06744,114.70236,17456,2017,10,17,114.70236,-21.06744,"original",0,NA,NA,107.364326477051
"Rhincodon typus",-16.65375,98.70848,17466,2017,10,27,98.70848,-16.65375,"original",0,NA,NA,5714.59619140625
"Rhincodon typus",-22.684,113.54864,17451,2017,10,12,113.54864,-22.684,"original",0,NA,NA,164.364624023438
"Rhincodon typus",-19.80707,105.20196,17440,2017,10,1,105.20196,-19.80707,"original",0,NA,NA,5699.3662109375
"Rhincodon typus",-22.7,113.6,17450,2017,10,11,113.6,-22.7,"original",0,NA,NA,164.364624023438
"Rhincodon typus",-15.92144,112.11011,17467,2017,10,28,112.11011,-15.92144,"original",0,NA,NA,4394.7099609375
"Rhincodon typus",-16.44062,98.49522,17462,2017,10,23,98.49522,-16.44062,"original",0,NA,NA,5647.9658203125
"Rhincodon typus",-16.32326,105.06135,17449,2017,10,10,105.06135,-16.32326,"original",0,NA,NA,5915.228515625
"Rhincodon typus",-22.82242,113.65665,17459,2017,10,20,113.65665,-22.82242,"original",0,NA,NA,96.4634246826172
"Rhincodon typus",-20.29715,113.73887,17460,2017,10,21,113.73887,-20.29715,"original",0,NA,NA,1139.63720703125
"Rhincodon typus",-23.07521,113.63361,17456,2017,10,17,113.63361,-23.07521,"original",0,NA,NA,77.0263366699219
"Rhincodon typus",-16.63792,98.68615,17467,2017,10,28,98.68615,-16.63792,"original",0,NA,NA,5714.59619140625
"Rhincodon typus",-20.30558,115.33347,17470,2017,10,31,115.33347,-20.30558,"original",0,NA,NA,63.266918182373
"Rhincodon typus",-16.68313,98.70996,17466,2017,10,27,98.70996,-16.68313,"original",0,NA,NA,5714.59619140625
"Rhincodon typus",-16.27008,111.71003,17457,2017,10,18,111.71003,-16.27008,"original",0,NA,NA,4835.1201171875
"Rhincodon typus",-22.88433,113.66781,17454,2017,10,15,113.66781,-22.88433,"original",0,NA,NA,96.4634246826172
"Rhincodon typus",-22.89799,113.67595,17454,2017,10,15,113.67595,-22.89799,"original",0,NA,NA,96.4634246826172
"Rhincodon typus",-16.82867,98.77059,17468,2017,10,29,98.77059,-16.82867,"original",0,NA,NA,5233.451171875
"Rhincodon typus",-22.6,113.6,17448,2017,10,9,113.6,-22.6,"original",0,NA,NA,164.364624023438
"Rhincodon typus",-22.2,113.8,17449,2017,10,10,113.8,-22.2,"original",0,NA,NA,199.812454223633
"Rhincodon typus",-22.73613,113.53549,17457,2017,10,18,113.53549,-22.73613,"original",0,NA,NA,164.364624023438
"Rhincodon typus",-19.82754,105.22747,17440,2017,10,1,105.22747,-19.82754,"original",0,NA,NA,5364.3310546875
"Rhincodon typus",-22.7,113.6,17448,2017,10,9,113.6,-22.7,"original",0,NA,NA,164.364624023438
"Rhincodon typus",-22.9252077562327,113.559556786704,17454,2017,10,15,113.7,-22.9,"corrected",14.6757946926051,113.559556786704,-22.9252077562327,96.4634246826172
"Rhincodon typus",-15.61508,111.0555,17440,2017,10,1,111.0555,-15.61508,"original",0,NA,NA,5643.90087890625
"Rhincodon typus",-15.49532,112.33348,17446,2017,10,7,112.33348,-15.49532,"original",0,NA,NA,4323.36474609375
"Rhincodon typus",-20.13845,115.56692,17457,2017,10,18,115.56692,-20.13845,"original",0,NA,NA,55.575740814209
"Rhincodon typus",-16.03587,111.45767,17463,2017,10,24,111.45767,-16.03587,"original",0,NA,NA,5014.5234375
"Rhincodon typus",-16.9827,98.83501,17470,2017,10,31,98.83501,-16.9827,"original",0,NA,NA,5233.451171875
"Rhincodon typus",-23.5767,112.82423,17461,2017,10,22,112.82423,-23.5767,"original",0,NA,NA,381.442260742188
"Rhincodon typus",-25.5,112.9,17458,2017,10,19,112.9,-25.5,"original",0,NA,NA,88.4447479248047
"Rhincodon typus",-16.81351,98.74816,17468,2017,10,29,98.74816,-16.81351,"original",0,NA,NA,5306.9072265625
"Rhincodon typus",-23.48534,112.67793,17462,2017,10,23,112.67793,-23.48534,"original",0,NA,NA,959.310607910156
"Rhincodon typus",-15.88372,111.03975,17464,2017,10,25,111.03975,-15.88372,"original",0,NA,NA,5587.67138671875
"Rhincodon typus",-16.48861,111.96774,17456,2017,10,17,111.96774,-16.48861,"original",0,NA,NA,4765.001953125
"Rhincodon typus",-22.9252077562327,113.559556786704,17455,2017,10,16,113.7,-22.9,"corrected",14.6757946926051,113.559556786704,-22.9252077562327,96.4634246826172
"Rhincodon typus",-22.69524,113.57904,17466,2017,10,27,113.57904,-22.69524,"original",0,NA,NA,164.364624023438
"Rhincodon typus",-22.7,113.6,17451,2017,10,12,113.6,-22.7,"original",0,NA,NA,164.364624023438
"Rhincodon typus",-16.43469,98.49323,17462,2017,10,23,98.49323,-16.43469,"original",0,NA,NA,5647.9658203125
"Rhincodon typus",-22.7,113.6,17452,2017,10,13,113.6,-22.7,"original",0,NA,NA,164.364624023438
"Rhincodon typus",-25.7,113,17463,2017,10,24,113,-25.7,"original",0,NA,NA,18.7328910827637
"Rhincodon typus",-22.8,113.6,17467,2017,10,28,113.6,-22.8,"original",0,NA,NA,164.364624023438
"Rhincodon typus",-16.4472,98.66774,17466,2017,10,27,98.66774,-16.4472,"original",0,NA,NA,5647.9658203125
"Rhincodon typus",-22.6759002770083,113.559556786704,17466,2017,10,27,113.7,-22.8,"corrected",19.9244097789753,113.559556786704,-22.6759002770083,164.364624023438
"Rhincodon typus",-15.94891,111.60542,17443,2017,10,4,111.60542,-15.94891,"original",0,NA,NA,5014.5234375
"Rhincodon typus",-22.9252077562327,113.559556786704,17443,2017,10,4,113.8,-23,"corrected",26.0115864357109,113.559556786704,-22.9252077562327,96.4634246826172
"Rhincodon typus",-15.71058,111.29947,17462,2017,10,23,111.29947,-15.71058,"original",0,NA,NA,5277.04345703125
"Rhincodon typus",-22.95415,112.36822,17444,2017,10,5,112.36822,-22.95415,"original",0,NA,NA,2182.60815429688
"Rhincodon typus",-15.8794,111.49437,17465,2017,10,26,111.49437,-15.8794,"original",0,NA,NA,5014.5234375
"Rhincodon typus",-25,113.1,17450,2017,10,11,113.1,-25,"original",0,NA,NA,51.7861557006836
"Rhincodon typus",-22.9252077562327,113.559556786704,17456,2017,10,17,113.7,-22.9,"corrected",14.6757946926051,113.559556786704,-22.9252077562327,96.4634246826172
"Rhincodon typus",-19.74914,117.55753,17455,2017,10,16,117.55753,-19.74914,"original",0,NA,NA,62.6733818054199
"Rhincodon typus",-22.91829,113.06606,17469,2017,10,30,113.06606,-22.91829,"original",0,NA,NA,807.899291992188
"Rhincodon typus",-15.47038,112.7179,17450,2017,10,11,112.7179,-15.47038,"original",0,NA,NA,5299.9482421875
"Rhincodon typus",-22.9252077562327,113.559556786704,17446,2017,10,7,113.7,-22.9,"corrected",14.6757946926051,113.559556786704,-22.9252077562327,96.4634246826172
"Rhincodon typus",-20.08845,116.58391,17459,2017,10,20,116.58391,-20.08845,"original",0,NA,NA,46.6979141235352
"Rhincodon typus",-22.92351,113.06643,17469,2017,10,30,113.06643,-22.92351,"original",0,NA,NA,807.899291992188
"Rhincodon typus",-25.6,113,17461,2017,10,22,113,-25.6,"original",0,NA,NA,18.7328910827637
"Rhincodon typus",-20.31461,115.31551,17470,2017,10,31,115.31551,-20.31461,"original",0,NA,NA,40.166316986084
"Rhincodon typus",-22.71471,113.36426,17460,2017,10,21,113.36426,-22.71471,"original",0,NA,NA,732.497863769531
"Rhincodon typus",-22.83576,113.52377,17456,2017,10,17,113.52377,-22.83576,"original",0,NA,NA,96.4634246826172
"Rhincodon typus",-22.9252077562327,113.559556786704,17442,2017,10,3,113.69936,-22.93554,"corrected",14.3858969200959,113.559556786704,-22.9252077562327,96.4634246826172
"Rhincodon typus",-16.53546,111.91416,17455,2017,10,16,111.91416,-16.53546,"original",0,NA,NA,4835.96240234375
"Rhincodon typus",-16.46607,98.53658,17464,2017,10,25,98.53658,-16.46607,"original",0,NA,NA,5647.9658203125
"Rhincodon typus",-19.65878,105.29333,17440,2017,10,1,105.29333,-19.65878,"original",0,NA,NA,5561.6103515625
"Rhincodon typus",-16.45386,98.52719,17463,2017,10,24,98.52719,-16.45386,"original",0,NA,NA,5647.9658203125
"Rhincodon typus",-25.6,112.9,17470,2017,10,31,112.9,-25.6,"original",0,NA,NA,77.0546112060547
"Rhincodon typus",-16.11198,98.90863,17459,2017,10,20,98.90863,-16.11198,"original",0,NA,NA,5371.66845703125
"Rhincodon typus",-15.50259,112.51857,17449,2017,10,10,112.51857,-15.50259,"original",0,NA,NA,4871.9453125
"Rhincodon typus",-20.36182,115.4141,17470,2017,10,31,115.4141,-20.36182,"original",0,NA,NA,40.166316986084
"Rhincodon typus",-16.46166,98.53499,17464,2017,10,25,98.53499,-16.46166,"original",0,NA,NA,5647.9658203125
"Rhincodon typus",-15.88905,111.5328,17465,2017,10,26,111.5328,-15.88905,"original",0,NA,NA,5014.5234375
"Rhincodon typus",-19.71128,118.5731,17453,2017,10,14,118.5731,-19.71128,"original",0,NA,NA,30.9735336303711
"Rhincodon typus",-13.5983,136.9466,17473,2017,11,3,136.9466,-13.5983,"original",0,NA,NA,26.3529739379883
"Rhincodon typus",-22.6,113.62,17473,2017,11,3,113.62,-22.6,"original",0,NA,NA,164.364624023438
"Rhincodon typus",-21.89,113.92,17476,2017,11,6,113.92,-21.89,"original",0,NA,NA,402.422149658203
"Rhincodon typus",-21.89,113.92,17481,2017,11,11,113.92,-21.89,"original",0,NA,NA,402.422149658203
"Rhincodon typus",-21.89,113.92,17474,2017,11,4,113.92,-21.89,"original",0,NA,NA,402.422149658203
"Rhincodon typus",-21.89,113.92,17480,2017,11,10,113.92,-21.89,"original",0,NA,NA,402.422149658203
"Rhincodon typus",-22.6,113.62,17484,2017,11,14,113.62,-22.6,"original",0,NA,NA,164.364624023438
"Rhincodon typus",-21.9,113.93,17480,2017,11,10,113.93,-21.9,"original",0,NA,NA,402.422149658203
"Rhincodon typus",-23.174515235457,113.559556786704,17486,2017,11,16,113.7,-23.12,"corrected",15.5986585582539,113.559556786704,-23.174515235457,77.0263366699219
"Rhincodon typus",-22.6,113.61,17484,2017,11,14,113.61,-22.6,"original",0,NA,NA,164.364624023438
"Rhincodon typus",-20.31323,115.31479,17471,2017,11,1,115.31479,-20.31323,"original",0,NA,NA,40.166316986084
"Rhincodon typus",-22,113.9,17489,2017,11,19,113.9,-22,"original",0,NA,NA,402.422149658203
"Rhincodon typus",-15.53788,111.04703,17476,2017,11,6,111.04703,-15.53788,"original",0,NA,NA,5609.31982421875
"Rhincodon typus",-16.99601,96.17936,17496,2017,11,26,96.17936,-16.99601,"original",0,NA,NA,5516.93115234375
"Rhincodon typus",-16.46308,94.86837,17497,2017,11,27,94.86837,-16.46308,"original",0,NA,NA,5551.86572265625
"Rhincodon typus",-17.14078,97.7385,17471,2017,11,1,97.7385,-17.14078,"original",0,NA,NA,5336.5537109375
"Rhincodon typus",-25.6,112.9,17477,2017,11,7,112.9,-25.6,"original",0,NA,NA,77.0546112060547
"Rhincodon typus",-22.11565,112.69092,17476,2017,11,6,112.69092,-22.11565,"original",0,NA,NA,2422.03369140625
"Rhincodon typus",-25.7,113,17487,2017,11,17,113,-25.7,"original",0,NA,NA,18.7328910827637
"Rhincodon typus",-25.5,112.9,17475,2017,11,5,112.9,-25.5,"original",0,NA,NA,88.4447479248047
"Rhincodon typus",-17.26796,96.21631,17496,2017,11,26,96.21631,-17.26796,"original",0,NA,NA,5589.44384765625
"Rhincodon typus",-25.6,112.9,17480,2017,11,10,112.9,-25.6,"original",0,NA,NA,77.0546112060547
"Rhincodon typus",-25.6,112.9,17481,2017,11,11,112.9,-25.6,"original",0,NA,NA,77.0546112060547
"Rhincodon typus",-15.71563,98.34334,17483,2017,11,13,98.34334,-15.71563,"original",0,NA,NA,5589.4931640625
"Rhincodon typus",-26.6,113.5,17499,2017,11,29,113.5,-26.6,"original",0,NA,NA,56.5111236572266
"Rhincodon typus",-25.6,112.9,17478,2017,11,8,112.9,-25.6,"original",0,NA,NA,77.0546112060547
"Rhincodon typus",-16.65668,96.16805,17496,2017,11,26,96.16805,-16.65668,"original",0,NA,NA,5448.21728515625
"Rhincodon typus",-15.44081,111.62024,17472,2017,11,2,111.62024,-15.44081,"original",0,NA,NA,5182.1513671875
"Rhincodon typus",-21.9,113.9,17484,2017,11,14,113.9,-21.9,"original",0,NA,NA,402.422149658203
"Rhincodon typus",-27.12471,110.48776,17481,2017,11,11,110.48776,-27.12471,"original",0,NA,NA,5162.9599609375
"Rhincodon typus",-15.45025,111.59552,17472,2017,11,2,111.59552,-15.45025,"original",0,NA,NA,5182.1513671875
"Rhincodon typus",-16.36544,96.02365,17494,2017,11,24,96.02365,-16.36544,"original",0,NA,NA,5577.3427734375
"Rhincodon typus",-22.1709,112.73803,17475,2017,11,5,112.73803,-22.1709,"original",0,NA,NA,2422.03369140625
"Rhincodon typus",-16.28653,98.49834,17478,2017,11,8,98.49834,-16.28653,"original",0,NA,NA,5558.09228515625
"Rhincodon typus",-22,113.9,17484,2017,11,14,113.9,-22,"original",0,NA,NA,402.422149658203
"Rhincodon typus",-25.5,113,17473,2017,11,3,113,-25.5,"original",0,NA,NA,32.9635162353516
"Rhincodon typus",-16.36491,95.97759,17494,2017,11,24,95.97759,-16.36491,"original",0,NA,NA,5774.18798828125
"Rhincodon typus",-25.6,112.9,17491,2017,11,21,112.9,-25.6,"original",0,NA,NA,77.0546112060547
"Rhincodon typus",-16.39861,98.42229,17477,2017,11,7,98.42229,-16.39861,"original",0,NA,NA,5770.9482421875
"Rhincodon typus",-25.5,112.9,17472,2017,11,2,112.9,-25.5,"original",0,NA,NA,88.4447479248047
"Rhincodon typus",-27.86846,110.45871,17485,2017,11,15,110.45871,-27.86846,"original",0,NA,NA,5426.3623046875
"Rhincodon typus",-16.90739,98.44037,17473,2017,11,3,98.44037,-16.90739,"original",0,NA,NA,5751.14111328125
"Rhincodon typus",-16.68875,95.18848,17497,2017,11,27,95.18848,-16.68875,"original",0,NA,NA,6162.89794921875
"Rhincodon typus",-25.6,113,17483,2017,11,13,113,-25.6,"original",0,NA,NA,18.7328910827637
"Rhincodon typus",-16.43453,98.40514,17477,2017,11,7,98.40514,-16.43453,"original",0,NA,NA,5770.9482421875
"Rhincodon typus",-22.86534,112.5749,17471,2017,11,1,112.5749,-22.86534,"original",0,NA,NA,1353.79052734375
"Rhincodon typus",-29.86597,113.5067,17494,2017,11,24,113.5067,-29.86597,"original",0,NA,NA,3632.30859375
"Rhincodon typus",-25.5,112.9,17473,2017,11,3,112.9,-25.5,"original",0,NA,NA,88.4447479248047
"Rhincodon typus",-21.8,114.2,17483,2017,11,13,114.2,-21.8,"original",0,NA,NA,47.9186668395996
"Rhincodon typus",-25.6,112.9,17483,2017,11,13,112.9,-25.6,"original",0,NA,NA,77.0546112060547
"Rhincodon typus",-27.96829,110.58545,17486,2017,11,16,110.58545,-27.96829,"original",0,NA,NA,5426.3623046875
"Rhincodon typus",-22.1,113.9,17485,2017,11,15,113.9,-22.1,"original",0,NA,NA,199.812454223633
"Rhincodon typus",-16.71289,96.16691,17496,2017,11,26,96.16691,-16.71289,"original",0,NA,NA,5448.21728515625
"Rhincodon typus",-15.54119,98.26695,17484,2017,11,14,98.26695,-15.54119,"original",0,NA,NA,5389.18017578125
"Rhincodon typus",-22.62582,112.46389,17473,2017,11,3,112.46389,-22.62582,"original",0,NA,NA,2147.73266601562
"Rhincodon typus",-27.11055,110.54699,17481,2017,11,11,110.54699,-27.11055,"original",0,NA,NA,5162.9599609375
"Rhincodon typus",-22.66382,112.42978,17473,2017,11,3,112.42978,-22.66382,"original",0,NA,NA,3217.7333984375
"Rhincodon typus",-26.73363,113.55415,17499,2017,11,29,113.55415,-26.73363,"original",0,NA,NA,56.5111236572266
"Rhincodon typus",-25.7,113,17485,2017,11,15,113,-25.7,"original",0,NA,NA,18.7328910827637
"Rhincodon typus",-25.5,113,17474,2017,11,4,113,-25.5,"original",0,NA,NA,32.9635162353516
"Rhincodon typus",-27.13124,110.47645,17481,2017,11,11,110.47645,-27.13124,"original",0,NA,NA,5162.9599609375
"Rhincodon typus",-15.54728,98.26532,17484,2017,11,14,98.26532,-15.54728,"original",0,NA,NA,5389.18017578125
"Rhincodon typus",-16.76985,98.37391,17475,2017,11,5,98.37391,-16.76985,"original",0,NA,NA,5718.97119140625
"Rhincodon typus",-15.74051,98.3652,17482,2017,11,12,98.3652,-15.74051,"original",0,NA,NA,5589.4931640625
"Rhincodon typus",-25.6,112.9,17493,2017,11,23,112.9,-25.6,"original",0,NA,NA,77.0546112060547
"Rhincodon typus",-22.70093,112.34816,17472,2017,11,2,112.34816,-22.70093,"original",0,NA,NA,3217.7333984375
"Rhincodon typus",-20.4,115.7,17481,2017,11,11,115.7,-20.4,"original",0,NA,NA,37.9225730895996
"Rhincodon typus",-22.1564,112.57463,17475,2017,11,5,112.57463,-22.1564,"original",0,NA,NA,3494.11401367188
"Rhincodon typus",-16.60249,98.35198,17476,2017,11,6,98.35198,-16.60249,"original",0,NA,NA,5718.97119140625
"Rhincodon typus",-27.57274,110.80289,17488,2017,11,18,110.80289,-27.57274,"original",0,NA,NA,5310.13232421875
"Rhincodon typus",-20.25195,115.39211,17482,2017,11,12,115.39211,-20.25195,"original",0,NA,NA,63.266918182373
"Rhincodon typus",-20.4,115.6,17480,2017,11,10,115.6,-20.4,"original",0,NA,NA,24.2829113006592
"Rhincodon typus",-21.95631,112.86479,17477,2017,11,7,112.86479,-21.95631,"original",0,NA,NA,2639.35693359375
"Rhincodon typus",-26.72209,113.50743,17499,2017,11,29,113.50743,-26.72209,"original",0,NA,NA,56.5111236572266
"Rhincodon typus",-16.70399,95.16348,17497,2017,11,27,95.16348,-16.70399,"original",0,NA,NA,6162.89794921875
"Rhincodon typus",-17.0313,97.62817,17471,2017,11,1,97.62817,-17.0313,"original",0,NA,NA,5363.37890625
"Rhincodon typus",-16.04805,96.19593,17491,2017,11,21,96.19593,-16.04805,"original",0,NA,NA,5627.35107421875
"Rhincodon typus",-25.7,113,17489,2017,11,19,113,-25.7,"original",0,NA,NA,18.7328910827637
"Rhincodon typus",-26.94049,110.81404,17482,2017,11,12,110.81404,-26.94049,"original",0,NA,NA,4053.00708007812
"Rhincodon typus",-22,113.8,17490,2017,11,20,113.8,-22,"original",0,NA,NA,402.422149658203
"Rhincodon typus",-25.5,113,17475,2017,11,5,113,-25.5,"original",0,NA,NA,32.9635162353516
"Rhincodon typus",-22,113.9,17485,2017,11,15,113.9,-22,"original",0,NA,NA,402.422149658203
"Rhincodon typus",-25.5,113,17484,2017,11,14,113,-25.5,"original",0,NA,NA,32.9635162353516
"Rhincodon typus",-22.61919,112.45858,17473,2017,11,3,112.45858,-22.61919,"original",0,NA,NA,2147.73266601562
"Rhincodon typus",-15.53727,111.04864,17476,2017,11,6,111.04864,-15.53727,"original",0,NA,NA,5609.31982421875
"Rhincodon typus",-15.5396,111.04326,17476,2017,11,6,111.04326,-15.5396,"original",0,NA,NA,5609.31982421875
"Rhincodon typus",-25.6,112.9,17492,2017,11,22,112.9,-25.6,"original",0,NA,NA,77.0546112060547
"Rhincodon typus",-16.50718,94.87571,17497,2017,11,27,94.87571,-16.50718,"original",0,NA,NA,5551.86572265625
"Rhincodon typus",-16.18603,95.96518,17493,2017,11,23,95.96518,-16.18603,"original",0,NA,NA,5868.10205078125
"Rhincodon typus",-22,113.9,17490,2017,11,20,113.9,-22,"original",0,NA,NA,402.422149658203
"Rhincodon typus",-15.34345,98.21228,17485,2017,11,15,98.21228,-15.34345,"original",0,NA,NA,5498.92822265625
"Rhincodon typus",-16.4005,98.42126,17477,2017,11,7,98.42126,-16.4005,"original",0,NA,NA,5770.9482421875
"Rhincodon typus",-16.15418,98.51674,17480,2017,11,10,98.51674,-16.15418,"original",0,NA,NA,5558.09228515625
"Rhincodon typus",-15.46052,111.58397,17472,2017,11,2,111.58397,-15.46052,"original",0,NA,NA,5182.1513671875
"Rhincodon typus",-16.09364,96.07737,17492,2017,11,22,96.07737,-16.09364,"original",0,NA,NA,5637.40380859375
"Rhincodon typus",-25.6,112.9,17479,2017,11,9,112.9,-25.6,"original",0,NA,NA,77.0546112060547
"Rhincodon typus",-22.70582,112.37429,17472,2017,11,2,112.37429,-22.70582,"original",0,NA,NA,3217.7333984375
"Rhincodon typus",-16.28334,98.44848,17478,2017,11,8,98.44848,-16.28334,"original",0,NA,NA,5728.22412109375
"Rhincodon typus",-22.71374,112.34531,17472,2017,11,2,112.34531,-22.71374,"original",0,NA,NA,3217.7333984375
"Rhincodon typus",-27.86608,110.48354,17485,2017,11,15,110.48354,-27.86608,"original",0,NA,NA,5426.3623046875
"Rhincodon typus",-25.86187,111.97921,17496,2017,11,26,111.97921,-25.86187,"original",0,NA,NA,565.321533203125
"Rhincodon typus",-16.62918,96.18735,17496,2017,11,26,96.18735,-16.62918,"original",0,NA,NA,5448.21728515625
"Rhincodon typus",-15.59649,98.45922,17482,2017,11,12,98.45922,-15.59649,"original",0,NA,NA,5589.4931640625
"Rhincodon typus",-22.33624,112.58102,17474,2017,11,4,112.58102,-22.33624,"original",0,NA,NA,3055.7109375
"Rhincodon typus",-16.26623,94.56709,17499,2017,11,29,94.56709,-16.26623,"original",0,NA,NA,4796.18505859375
"Rhincodon typus",-15.96768,96.25525,17488,2017,11,18,96.25525,-15.96768,"original",0,NA,NA,5263.2314453125
"Rhincodon typus",-16.16347,94.01019,17500,2017,11,30,94.01019,-16.16347,"original",0,NA,NA,5473.77783203125
"Rhincodon typus",-20.32542,115.30142,17471,2017,11,1,115.30142,-20.32542,"original",0,NA,NA,40.166316986084
"Rhincodon typus",-22.17728,112.73724,17475,2017,11,5,112.73724,-22.17728,"original",0,NA,NA,2422.03369140625
"Rhincodon typus",-16.27422,98.46206,17478,2017,11,8,98.46206,-16.27422,"original",0,NA,NA,5728.22412109375
"Rhincodon typus",-26.6,113.6,17499,2017,11,29,113.6,-26.6,"original",0,NA,NA,56.5111236572266
"Rhincodon typus",-21.40878,113.03044,17478,2017,11,8,113.03044,-21.40878,"original",0,NA,NA,1509.30908203125
"Rhincodon typus",-29.68244,113.77755,17496,2017,11,26,113.77755,-29.68244,"original",0,NA,NA,1436.1376953125
"Rhincodon typus",-15.71094,98.34254,17483,2017,11,13,98.34254,-15.71094,"original",0,NA,NA,5589.4931640625
"Rhincodon typus",-17.1662,97.92712,17472,2017,11,2,97.92712,-17.1662,"original",0,NA,NA,5336.5537109375
"Rhincodon typus",-25.7,112.9,17486,2017,11,16,112.9,-25.7,"original",0,NA,NA,77.0546112060547
"Rhincodon typus",-15.95536,96.31867,17488,2017,11,18,96.31867,-15.95536,"original",0,NA,NA,5263.2314453125
"Rhincodon typus",-16.5226,94.89105,17497,2017,11,27,94.89105,-16.5226,"original",0,NA,NA,5551.86572265625
"Rhincodon typus",-16.48251,94.87758,17497,2017,11,27,94.87758,-16.48251,"original",0,NA,NA,5551.86572265625
"Rhincodon typus",-17.0057,95.27067,17497,2017,11,27,95.27067,-17.0057,"original",0,NA,NA,5862.1376953125
"Rhincodon typus",-16.2476,95.90034,17493,2017,11,23,95.90034,-16.2476,"original",0,NA,NA,5868.10205078125
"Rhincodon typus",-25.7,113,17490,2017,11,20,113,-25.7,"original",0,NA,NA,18.7328910827637
"Rhincodon typus",-22.18098,112.73579,17475,2017,11,5,112.73579,-22.18098,"original",0,NA,NA,2422.03369140625
"Rhincodon typus",-15.55532,98.28266,17484,2017,11,14,98.28266,-15.55532,"original",0,NA,NA,5389.18017578125
"Rhincodon typus",-16.3808,98.45604,17476,2017,11,6,98.45604,-16.3808,"original",0,NA,NA,5770.9482421875
"Rhincodon typus",-22.56007,112.45549,17473,2017,11,3,112.45549,-22.56007,"original",0,NA,NA,2147.73266601562
"Rhincodon typus",-22.82041,112.69778,17471,2017,11,1,112.69778,-22.82041,"original",0,NA,NA,1065.1875
"Rhincodon typus",-25.6,113,17492,2017,11,22,113,-25.6,"original",0,NA,NA,18.7328910827637
"Rhincodon typus",-27.12431,110.48769,17481,2017,11,11,110.48769,-27.12431,"original",0,NA,NA,5162.9599609375
"Rhincodon typus",10.4819944598339,124.030470914127,17483,2017,11,13,123.82084,10.48136,"corrected",22.9492510578329,124.030470914127,10.4819944598339,380.863006591797
"Rhincodon typus",-21.9,113.93,17515,2017,12,15,113.93,-21.9,"original",0,NA,NA,402.422149658203
"Rhincodon typus",-32.5,114.5,17518,2017,12,18,114.5,-32.5,"original",0,NA,NA,1051.9462890625
"Rhincodon typus",-29.5,113.5,17506,2017,12,6,113.5,-29.5,"original",0,NA,NA,1996.13452148438
"Rhincodon typus",-32.5,112.5,17524,2017,12,24,112.5,-32.5,"original",0,NA,NA,4678.42333984375
"Rhincodon typus",-32.5,113.5,17522,2017,12,22,113.5,-32.5,"original",0,NA,NA,4444.9794921875
"Rhincodon typus",-26,113.2,17515,2017,12,15,113.2,-26,"original",0,NA,NA,10.4922046661377
"Rhincodon typus",-30.28705,112.68954,17516,2017,12,16,112.68954,-30.28705,"original",0,NA,NA,5005.58837890625
"Rhincodon typus",-20.35529,115.37321,17501,2017,12,1,115.37321,-20.35529,"original",0,NA,NA,40.166316986084
"Rhincodon typus",-30.43749,113.56895,17519,2017,12,19,113.56895,-30.43749,"original",0,NA,NA,4785.68359375
"Rhincodon typus",-26.1662049861496,113.060941828255,17518,2017,12,18,113.1,-26,"corrected",18.823793148299,113.060941828255,-26.1662049861496,86.9871978759766
"Rhincodon typus",-29.64098,112.8971,17508,2017,12,8,112.8971,-29.64098,"original",0,NA,NA,4733.373046875
"Rhincodon typus",-31.12117,114.39592,17527,2017,12,27,114.39592,-31.12117,"original",0,NA,NA,3893.09814453125
"Rhincodon typus",-29.39751,111.76103,17506,2017,12,6,111.76103,-29.39751,"original",0,NA,NA,5375.98486328125
"Rhincodon typus",-20.49728,95.37199,17522,2017,12,22,95.37199,-20.49728,"original",0,NA,NA,5300.17138671875
"Rhincodon typus",-31.09199,113.69879,17522,2017,12,22,113.69879,-31.09199,"original",0,NA,NA,4751.49169921875
"Rhincodon typus",-20.33791,96.44651,17525,2017,12,25,96.44651,-20.33791,"original",0,NA,NA,5321.16650390625
"Rhincodon typus",-26.2,113.2,17522,2017,12,22,113.2,-26.2,"original",0,NA,NA,16.0627059936523
"Rhincodon typus",-26.2,113.2,17513,2017,12,13,113.2,-26.2,"original",0,NA,NA,16.0627059936523
"Rhincodon typus",-25.5,113,17531,2017,12,31,113,-25.5,"original",0,NA,NA,32.9635162353516
"Rhincodon typus",-20.31076,96.80123,17525,2017,12,25,96.80123,-20.31076,"original",0,NA,NA,5399.68603515625
"Rhincodon typus",-29.73451,112.69819,17511,2017,12,11,112.69819,-29.73451,"original",0,NA,NA,4733.373046875
"Rhincodon typus",-29.42776,112.62028,17507,2017,12,7,112.62028,-29.42776,"original",0,NA,NA,5048.03857421875
"Rhincodon typus",-30.05204,112.73464,17517,2017,12,17,112.73464,-30.05204,"original",0,NA,NA,4896.67724609375
"Rhincodon typus",-30.69983,113.67991,17520,2017,12,20,113.67991,-30.69983,"original",0,NA,NA,4858.61669921875
"Rhincodon typus",-29.46815,111.72685,17505,2017,12,5,111.72685,-29.46815,"original",0,NA,NA,5375.98486328125
"Rhincodon typus",-29.61805,112.90493,17508,2017,12,8,112.90493,-29.61805,"original",0,NA,NA,4733.373046875
"Rhincodon typus",-29.67003,112.25848,17513,2017,12,13,112.25848,-29.67003,"original",0,NA,NA,5431.08056640625
"Rhincodon typus",-22.37147,112.82332,17513,2017,12,13,112.82332,-22.37147,"original",0,NA,NA,1981.11938476562
"Rhincodon typus",-20.30593,97.05628,17517,2017,12,17,97.05628,-20.30593,"original",0,NA,NA,5703.39013671875
"Rhincodon typus",-26.2,113.1,17523,2017,12,23,113.1,-26.2,"original",0,NA,NA,86.9871978759766
"Rhincodon typus",-30.83158,113.73688,17521,2017,12,21,113.73688,-30.83158,"original",0,NA,NA,4733.103515625
"Rhincodon typus",-26.1,113.2,17514,2017,12,14,113.2,-26.1,"original",0,NA,NA,16.0627059936523
"Rhincodon typus",-29.74427,112.2451,17512,2017,12,12,112.2451,-29.74427,"original",0,NA,NA,5431.08056640625
"Rhincodon typus",-30.28322,112.71374,17516,2017,12,16,112.71374,-30.28322,"original",0,NA,NA,5005.58837890625
"Rhincodon typus",-20.31318,96.80116,17525,2017,12,25,96.80116,-20.31318,"original",0,NA,NA,5399.68603515625
"Rhincodon typus",-16.21319,94.09689,17501,2017,12,1,94.09689,-16.21319,"original",0,NA,NA,5473.77783203125
"Rhincodon typus",-25.6,112.9,17527,2017,12,27,112.9,-25.6,"original",0,NA,NA,77.0546112060547
"Rhincodon typus",-20.34041,96.43576,17524,2017,12,24,96.43576,-20.34041,"original",0,NA,NA,5321.16650390625
"Rhincodon typus",-26,113.2,17519,2017,12,19,113.2,-26,"original",0,NA,NA,10.4922046661377
"Rhincodon typus",-30.82316,113.74709,17521,2017,12,21,113.74709,-30.82316,"original",0,NA,NA,4733.103515625
"Rhincodon typus",-29.44529,112.62842,17507,2017,12,7,112.62842,-29.44529,"original",0,NA,NA,5048.03857421875
"Rhincodon typus",-26.1,113.2,17517,2017,12,17,113.2,-26.1,"original",0,NA,NA,16.0627059936523
"Rhincodon typus",-17.5,118.5,17386,2017,8,8,118.5,-17.5,"original",0,NA,NA,856.496704101562
"Rhincodon typus",-17.5,115.5,17376,2017,7,29,115.5,-17.5,"original",0,NA,NA,3041.7568359375
"Rhincodon typus",-14.66481,145.66343,16805,2016,1,5,145.66343,-14.66481,"original",0,NA,NA,1009.67590332031
"Rhincodon typus",-22.7,113.6,16830,2016,1,30,113.6,-22.7,"original",0,NA,NA,164.364624023438
"Rhincodon typus",-22.7,113.6,16831,2016,1,31,113.6,-22.7,"original",0,NA,NA,164.364624023438
"Rhincodon typus",-22.6759002770083,113.559556786704,16821,2016,1,21,113.7,-22.8,"corrected",19.9244097789753,113.559556786704,-22.6759002770083,164.364624023438
"Rhincodon typus",-22.6759002770083,113.559556786704,16827,2016,1,27,113.7,-22.8,"corrected",19.9244097789753,113.559556786704,-22.6759002770083,164.364624023438
"Rhincodon typus",-22.6759002770083,113.559556786704,16822,2016,1,22,113.7,-22.8,"corrected",19.9244097789753,113.559556786704,-22.6759002770083,164.364624023438
"Rhincodon typus",-22.7,113.6,16829,2016,1,29,113.6,-22.7,"original",0,NA,NA,164.364624023438
"Rhincodon typus",-21.81889,112.79861,16807,2016,1,7,112.79861,-21.81889,"original",0,NA,NA,2639.35693359375
"Rhincodon typus",-21.81889,112.83361,16808,2016,1,8,112.83361,-21.81889,"original",0,NA,NA,2639.35693359375
"Rhincodon typus",-22.7,113.6,16821,2016,1,21,113.6,-22.7,"original",0,NA,NA,164.364624023438
"Rhincodon typus",-21.8025,112.93972,16809,2016,1,9,112.93972,-21.8025,"original",0,NA,NA,1635.82177734375
"Rhincodon typus",-21.77306,112.92222,16809,2016,1,9,112.92222,-21.77306,"original",0,NA,NA,2625.099609375
"Rhincodon typus",-22.6759002770083,113.559556786704,16828,2016,1,28,113.7,-22.8,"corrected",19.9244097789753,113.559556786704,-22.6759002770083,164.364624023438
"Rhincodon typus",9.36036,123.41071,16828,2016,1,28,123.41071,9.36036,"original",0,NA,NA,566.537414550781
"Rhincodon typus",9.39108,123.43054,16828,2016,1,28,123.43054,9.39108,"original",0,NA,NA,566.537414550781
"Rhincodon typus",8.98614958448759,123.531855955679,16828,2016,1,28,123.46065,9.21361,"corrected",26.3471826499112,123.531855955679,8.98614958448759,646.246704101562
"Rhincodon typus",9.48476454293634,123.531855955679,16828,2016,1,28,123.53432,9.31533,"corrected",18.7420757287725,123.531855955679,9.48476454293634,566.537414550781
"Rhincodon typus",9.36988,123.52188,16828,2016,1,28,123.52188,9.36988,"original",0,NA,NA,566.537414550781
"Rhincodon typus",12.4885,123.903,16853,2016,2,22,123.903,12.4885,"original",0,NA,NA,122.119064331055
"Rhincodon typus",12.6824,123.592,16852,2016,2,21,123.592,12.6824,"original",0,NA,NA,427.616180419922
"Rhincodon typus",12.4885,123.903,16854,2016,2,23,123.903,12.4885,"original",0,NA,NA,122.119064331055
"Rhincodon typus",9.40427,123.53742,16833,2016,2,2,123.53742,9.40427,"original",0,NA,NA,566.537414550781
"Rhincodon typus",-23.174515235457,113.559556786704,16839,2016,2,8,113.73,-23.13,"corrected",18.1374521368589,113.559556786704,-23.174515235457,77.0263366699219
"Rhincodon typus",-22.6,113.62,16839,2016,2,8,113.62,-22.6,"original",0,NA,NA,164.364624023438
"Rhincodon typus",9.50831,123.24098,16842,2016,2,11,123.24098,9.50831,"original",0,NA,NA,238.074722290039
"Rhincodon typus",-3.21077,134.94755,16848,2016,2,17,134.94755,-3.21077,"original",0,NA,NA,71.0225524902344
"Rhincodon typus",-3.20598,134.94667,16848,2016,2,17,134.94667,-3.20598,"original",0,NA,NA,71.0225524902344
"Rhincodon typus",-3.1918,134.90815,16852,2016,2,21,134.90815,-3.1918,"original",0,NA,NA,71.0225524902344
"Rhincodon typus",-3.19,134.9,16853,2016,2,22,134.9,-3.19,"original",0,NA,NA,71.0225524902344
"Rhincodon typus",-22.9252077562327,113.559556786704,16842,2016,2,11,113.6875,-22.89806,"corrected",13.4654940032354,113.559556786704,-22.9252077562327,96.4634246826172
"Rhincodon typus",-22.9252077562327,113.559556786704,16843,2016,2,12,113.7,-22.9,"corrected",14.6757946926051,113.559556786704,-22.9252077562327,96.4634246826172
"Rhincodon typus",-22.9252077562327,113.559556786704,16838,2016,2,7,113.7,-22.9,"corrected",14.6757946926051,113.559556786704,-22.9252077562327,96.4634246826172
"Rhincodon typus",-22.8,113.6,16834,2016,2,3,113.6,-22.8,"original",0,NA,NA,164.364624023438
"Rhincodon typus",-22.6759002770083,113.559556786704,16833,2016,2,2,113.7,-22.8,"corrected",19.9244097789753,113.559556786704,-22.6759002770083,164.364624023438
"Rhincodon typus",-22.9252077562327,113.559556786704,16845,2016,2,14,113.7,-22.9,"corrected",14.6757946926051,113.559556786704,-22.9252077562327,96.4634246826172
"Rhincodon typus",-22.6759002770083,113.559556786704,16837,2016,2,6,113.7,-22.8,"corrected",19.9244097789753,113.559556786704,-22.6759002770083,164.364624023438
"Rhincodon typus",10.04129,115.60127,16890,2016,3,30,115.60127,10.04129,"original",0,NA,NA,1122.21606445312
"Rhincodon typus",-21.89,113.92,16879,2016,3,19,113.92,-21.89,"original",0,NA,NA,402.422149658203
"Rhincodon typus",-21.88,113.91,16881,2016,3,21,113.91,-21.88,"original",0,NA,NA,402.422149658203
"Rhincodon typus",-22.6,113.62,16882,2016,3,22,113.62,-22.6,"original",0,NA,NA,164.364624023438
"Rhincodon typus",-21.9,113.93,16879,2016,3,19,113.93,-21.9,"original",0,NA,NA,402.422149658203
"Rhincodon typus",-21.89,113.92,16881,2016,3,21,113.92,-21.89,"original",0,NA,NA,402.422149658203
"Rhincodon typus",-21.88,113.91,16891,2016,3,31,113.91,-21.88,"original",0,NA,NA,402.422149658203
"Rhincodon typus",-21.88,113.91,16889,2016,3,29,113.91,-21.88,"original",0,NA,NA,402.422149658203
"Rhincodon typus",-21.9,113.93,16881,2016,3,21,113.93,-21.9,"original",0,NA,NA,402.422149658203
"Rhincodon typus",-22.59,113.61,16883,2016,3,23,113.61,-22.59,"original",0,NA,NA,164.364624023438
"Rhincodon typus",-22.6,113.61,16882,2016,3,22,113.61,-22.6,"original",0,NA,NA,164.364624023438
"Rhincodon typus",-22.6,113.61,16883,2016,3,23,113.61,-22.6,"original",0,NA,NA,164.364624023438
"Rhincodon typus",-22.59,113.61,16882,2016,3,22,113.61,-22.59,"original",0,NA,NA,164.364624023438
"Rhincodon typus",-22.9252077562327,113.559556786704,16861,2016,3,1,113.7,-22.9,"corrected",14.6757946926051,113.559556786704,-22.9252077562327,96.4634246826172
"Rhincodon typus",-21.9279778393352,113.808864265928,16895,2016,4,4,113.9653,-21.84651,"corrected",18.513109541498,113.808864265928,-21.9279778393352,402.422149658203
"Rhincodon typus",-22.59,113.61,16895,2016,4,4,113.61,-22.59,"original",0,NA,NA,164.364624023438
"Rhincodon typus",-22.6,113.61,16895,2016,4,4,113.61,-22.6,"original",0,NA,NA,164.364624023438
"Rhincodon typus",-21.9,113.93,16892,2016,4,1,113.93,-21.9,"original",0,NA,NA,402.422149658203
"Rhincodon typus",9.45912,123.38208,16917,2016,4,26,123.38208,9.45912,"original",0,NA,NA,238.074722290039
"Rhincodon typus",10.29986,123.9711,16912,2016,4,21,123.9711,10.29986,"original",0,NA,NA,113.194976806641
"Rhincodon typus",14.4709141274239,120.789473684211,16893,2016,4,2,120.98198,14.5688,"corrected",23.4061178931625,120.789473684211,14.4709141274239,20.2556381225586
"Rhincodon typus",-21.60889,114.30417,16921,2016,4,30,114.30417,-21.60889,"original",0,NA,NA,47.9186668395996
"Rhincodon typus",-21.9,113.9,16919,2016,4,28,113.9,-21.9,"original",0,NA,NA,402.422149658203
"Rhincodon typus",-22.8,113.6,16895,2016,4,4,113.6,-22.8,"original",0,NA,NA,164.364624023438
"Rhincodon typus",-22.9252077562327,113.559556786704,16900,2016,4,9,113.8,-22.9,"corrected",24.8241479686729,113.559556786704,-22.9252077562327,96.4634246826172
"Rhincodon typus",-21.72278,114.04667,16920,2016,4,29,114.04667,-21.72278,"original",0,NA,NA,165.018997192383
"Rhincodon typus",-22.86028,113.64528,16897,2016,4,6,113.64528,-22.86028,"original",0,NA,NA,96.4634246826172
"Rhincodon typus",-21.73944,114.04361,16920,2016,4,29,114.04361,-21.73944,"original",0,NA,NA,165.018997192383
"Rhincodon typus",-22.6759002770083,113.559556786704,16894,2016,4,3,113.7,-22.8,"corrected",19.9244097789753,113.559556786704,-22.6759002770083,164.364624023438
"Rhincodon typus",-22.8,113.6,16894,2016,4,3,113.6,-22.8,"original",0,NA,NA,164.364624023438
"Rhincodon typus",-21.59972,114.31028,16921,2016,4,30,114.31028,-21.59972,"original",0,NA,NA,47.9186668395996
"Rhincodon typus",10.4831,99.4186,16927,2016,5,6,99.4186,10.4831,"original",0,NA,NA,19.7812576293945
"Rhincodon typus",2.64919,104.00334,16935,2016,5,14,104.00334,2.64919,"original",0,NA,NA,24.4927177429199
"Rhincodon typus",9.46658,123.48732,16944,2016,5,23,123.48732,9.46658,"original",0,NA,NA,566.537414550781
"Rhincodon typus",12.82653,123.44516,16924,2016,5,3,123.44516,12.82653,"original",0,NA,NA,427.616180419922
"Rhincodon typus",12.7257617728532,123.531855955679,16924,2016,5,3,123.57652,12.94562,"corrected",24.8012671160496,123.531855955679,12.7257617728532,427.616180419922
"Rhincodon typus",12.9750692520776,123.282548476454,16924,2016,5,3,123.45457,12.92095,"corrected",19.6023200686644,123.282548476454,12.9750692520776,185.093612670898
"Rhincodon typus",12.9750692520776,123.282548476454,16923,2016,5,2,123.4292,12.94172,"corrected",16.3342231209512,123.282548476454,12.9750692520776,185.093612670898
"Rhincodon typus",12.7257617728532,123.531855955679,16923,2016,5,2,123.53846,12.8942,"corrected",18.6479211643487,123.531855955679,12.7257617728532,427.616180419922
"Rhincodon typus",12.7257617728532,123.531855955679,16924,2016,5,3,123.49064,12.85082,"corrected",14.5407773640384,123.531855955679,12.7257617728532,427.616180419922
"Rhincodon typus",12.9750692520776,123.282548476454,16924,2016,5,3,123.53072,12.97378,"corrected",26.9259580532187,123.282548476454,12.9750692520776,185.093612670898
"Rhincodon typus",12.9750692520776,123.282548476454,16924,2016,5,3,123.41185,12.93407,"corrected",14.7447641794998,123.282548476454,12.9750692520776,185.093612670898
"Rhincodon typus",9.54588,123.46015,16944,2016,5,23,123.46015,9.54588,"original",0,NA,NA,566.537414550781
"Rhincodon typus",-3.26217,135.03197,16951,2016,5,30,135.03197,-3.26217,"original",0,NA,NA,71.0225524902344
"Rhincodon typus",-3.22991689750688,135.498614958449,16944,2016,5,23,135.9,-3.3,"corrected",45.278064202918,135.498614958449,-3.22991689750688,215.819458007812
"Rhincodon typus",-19.73833,117.89472,16949,2016,5,28,117.89472,-19.73833,"original",0,NA,NA,57.6652183532715
"Rhincodon typus",-21.62222,114.06167,16922,2016,5,1,114.06167,-21.62222,"original",0,NA,NA,165.018997192383
"Rhincodon typus",-21.61778,114.1525,16922,2016,5,1,114.1525,-21.61778,"original",0,NA,NA,165.018997192383
"Rhincodon typus",-21.61556,114.31444,16924,2016,5,3,114.31444,-21.61556,"original",0,NA,NA,47.9186668395996
"Rhincodon typus",-19.74444,117.90278,16949,2016,5,28,117.90278,-19.74444,"original",0,NA,NA,57.6652183532715
"Rhincodon typus",-21.59833,114.23,16923,2016,5,2,114.23,-21.59833,"original",0,NA,NA,47.9186668395996
"Rhincodon typus",-19.98778,118.185,16951,2016,5,30,118.185,-19.98778,"original",0,NA,NA,24.8269729614258
"Rhincodon typus",-19.865,118.06278,16950,2016,5,29,118.06278,-19.865,"original",0,NA,NA,35.1838073730469
"Rhincodon typus",-21.64583,114.14972,16922,2016,5,1,114.14972,-21.64583,"original",0,NA,NA,165.018997192383
"Rhincodon typus",-19.72361,117.98583,16950,2016,5,29,117.98583,-19.72361,"original",0,NA,NA,49.6387825012207
"Rhincodon typus",-19.91222,118.10583,16951,2016,5,30,118.10583,-19.91222,"original",0,NA,NA,35.1838073730469
"Rhincodon typus",-19.69083,117.99444,16948,2016,5,27,117.99444,-19.69083,"original",0,NA,NA,49.6387825012207
"Rhincodon typus",-19.80639,118.03861,16950,2016,5,29,118.03861,-19.80639,"original",0,NA,NA,49.6387825012207
"Rhincodon typus",-21.6,114.3,16927,2016,5,6,114.3,-21.6,"original",0,NA,NA,47.9186668395996
"Rhincodon typus",-19.71306,118.05167,16948,2016,5,27,118.05167,-19.71306,"original",0,NA,NA,49.6387825012207
"Rhincodon typus",-19.66972,118.11639,16949,2016,5,28,118.11639,-19.66972,"original",0,NA,NA,49.6387825012207
"Rhincodon typus",-20.15944,115.43694,16935,2016,5,14,115.43694,-20.15944,"original",0,NA,NA,55.575740814209
"Rhincodon typus",-19.89556,118.09528,16951,2016,5,30,118.09528,-19.89556,"original",0,NA,NA,35.1838073730469
"Rhincodon typus",-21.63528,114.14194,16922,2016,5,1,114.14194,-21.63528,"original",0,NA,NA,165.018997192383
"Rhincodon typus",-19.86472,118.06056,16950,2016,5,29,118.06056,-19.86472,"original",0,NA,NA,35.1838073730469
"Rhincodon typus",9.45397,123.27021,16966,2016,6,14,123.27021,9.45397,"original",0,NA,NA,238.074722290039
"Rhincodon typus",-21.9279778393352,113.808864265928,16954,2016,6,2,113.97,-21.84,"corrected",19.292828284408,113.808864265928,-21.9279778393352,402.422149658203
"Rhincodon typus",-21.95,113.89,16955,2016,6,3,113.89,-21.95,"original",0,NA,NA,402.422149658203
"Rhincodon typus",-21.88,113.91,16954,2016,6,2,113.91,-21.88,"original",0,NA,NA,402.422149658203
"Rhincodon typus",-21.89,113.92,16972,2016,6,20,113.92,-21.89,"original",0,NA,NA,402.422149658203
"Rhincodon typus",-21.88,113.91,16956,2016,6,4,113.91,-21.88,"original",0,NA,NA,402.422149658203
"Rhincodon typus",-22.6,113.62,16957,2016,6,5,113.62,-22.6,"original",0,NA,NA,164.364624023438
"Rhincodon typus",-21.88,113.91,16955,2016,6,3,113.91,-21.88,"original",0,NA,NA,402.422149658203
"Rhincodon typus",-21.89,113.92,16958,2016,6,6,113.92,-21.89,"original",0,NA,NA,402.422149658203
"Rhincodon typus",-21.95,113.9,16955,2016,6,3,113.9,-21.95,"original",0,NA,NA,402.422149658203
"Rhincodon typus",-21.9279778393352,113.808864265928,16954,2016,6,2,113.96,-21.85,"corrected",17.8464838208128,113.808864265928,-21.9279778393352,402.422149658203
"Rhincodon typus",-21.89,113.91,16955,2016,6,3,113.91,-21.89,"original",0,NA,NA,402.422149658203
"Rhincodon typus",-21.89,113.92,16955,2016,6,3,113.92,-21.89,"original",0,NA,NA,402.422149658203
"Rhincodon typus",-21.9,113.93,16972,2016,6,20,113.93,-21.9,"original",0,NA,NA,402.422149658203
"Rhincodon typus",-21.9,113.93,16980,2016,6,28,113.93,-21.9,"original",0,NA,NA,402.422149658203
"Rhincodon typus",-21.9,113.93,16965,2016,6,13,113.93,-21.9,"original",0,NA,NA,402.422149658203
"Rhincodon typus",-21.9,113.93,16955,2016,6,3,113.93,-21.9,"original",0,NA,NA,402.422149658203
"Rhincodon typus",-21.89,113.92,16960,2016,6,8,113.92,-21.89,"original",0,NA,NA,402.422149658203
"Rhincodon typus",-21.89,113.92,16957,2016,6,5,113.92,-21.89,"original",0,NA,NA,402.422149658203
"Rhincodon typus",-22.38926,166.1845,16962,2016,6,10,166.1845,-22.38926,"original",0,NA,NA,1546.33227539062
"Rhincodon typus",-20.5,112.5,16961,2016,6,9,112.5,-20.5,"original",0,NA,NA,979.7275390625
"Rhincodon typus",-19.825,115.58444,16980,2016,6,28,115.58444,-19.825,"original",0,NA,NA,72.8585739135742
"Rhincodon typus",-20.33833,115.41861,16963,2016,6,11,115.41861,-20.33833,"original",0,NA,NA,40.166316986084
"Rhincodon typus",-20.1125,117.15167,16957,2016,6,5,117.15167,-20.1125,"original",0,NA,NA,39.0475730895996
"Rhincodon typus",-20.3,115.5,16961,2016,6,9,115.5,-20.3,"original",0,NA,NA,55.575740814209
"Rhincodon typus",-19.84861,115.68278,16981,2016,6,29,115.68278,-19.84861,"original",0,NA,NA,73.6350173950195
"Rhincodon typus",-19.825,115.65028,16981,2016,6,29,115.65028,-19.825,"original",0,NA,NA,72.8585739135742
"Rhincodon typus",-19.84611,115.59861,16980,2016,6,28,115.59861,-19.84611,"original",0,NA,NA,72.8585739135742
"Rhincodon typus",-20.3,115.6,16961,2016,6,9,115.6,-20.3,"original",0,NA,NA,55.575740814209
"Rhincodon typus",-20.11778,117.05583,16955,2016,6,3,117.05583,-20.11778,"original",0,NA,NA,39.0475730895996
"Rhincodon typus",-20.3,115.4,16962,2016,6,10,115.4,-20.3,"original",0,NA,NA,63.266918182373
"Rhincodon typus",-20.34972,115.33028,16963,2016,6,11,115.33028,-20.34972,"original",0,NA,NA,40.166316986084
"Rhincodon typus",-19.60972,115.63111,16982,2016,6,30,115.63111,-19.60972,"original",0,NA,NA,191.654800415039
"Rhincodon typus",-19.61083,115.64167,16982,2016,6,30,115.64167,-19.61083,"original",0,NA,NA,191.654800415039
"Rhincodon typus",-20.10778,117.12639,16956,2016,6,4,117.12639,-20.10778,"original",0,NA,NA,39.0475730895996
"Rhincodon typus",-20.10889,117.12389,16956,2016,6,4,117.12389,-20.10889,"original",0,NA,NA,39.0475730895996
"Rhincodon typus",-20.4,115.8,16978,2016,6,26,115.8,-20.4,"original",0,NA,NA,37.9225730895996
"Rhincodon typus",-19.82667,115.59167,16980,2016,6,28,115.59167,-19.82667,"original",0,NA,NA,72.8585739135742
"Rhincodon typus",-19.60833,115.61917,16982,2016,6,30,115.61917,-19.60833,"original",0,NA,NA,191.654800415039
"Rhincodon typus",-20.4,115.6,16961,2016,6,9,115.6,-20.4,"original",0,NA,NA,24.2829113006592
"Rhincodon typus",-20.30306,115.88583,16977,2016,6,25,115.88583,-20.30306,"original",0,NA,NA,56.708625793457
"Rhincodon typus",-19.50611,115.7125,16982,2016,6,30,115.7125,-19.50611,"original",0,NA,NA,247.218154907227
"Rhincodon typus",-20.4,115.7,16976,2016,6,24,115.7,-20.4,"original",0,NA,NA,37.9225730895996
"Rhincodon typus",-20.4,115.7,16960,2016,6,8,115.7,-20.4,"original",0,NA,NA,37.9225730895996
"Rhincodon typus",-20.10417,117.13917,16956,2016,6,4,117.13917,-20.10417,"original",0,NA,NA,39.0475730895996
"Rhincodon typus",-19.6075,115.62889,16982,2016,6,30,115.62889,-19.6075,"original",0,NA,NA,191.654800415039
"Rhincodon typus",-20.3,115.5,16962,2016,6,10,115.5,-20.3,"original",0,NA,NA,55.575740814209
"Rhincodon typus",-20.4,115.7,16961,2016,6,9,115.7,-20.4,"original",0,NA,NA,37.9225730895996
"Rhincodon typus",-19.86194,115.63111,16981,2016,6,29,115.63111,-19.86194,"original",0,NA,NA,72.8585739135742
"Rhincodon typus",-20.13944,117.1575,16957,2016,6,5,117.1575,-20.13944,"original",0,NA,NA,39.0475730895996
"Rhincodon typus",-20.13111,117.15667,16957,2016,6,5,117.15667,-20.13111,"original",0,NA,NA,39.0475730895996
"Rhincodon typus",-20.32222,115.62167,16962,2016,6,10,115.62167,-20.32222,"original",0,NA,NA,24.2829113006592
"Rhincodon typus",-19.83917,115.58139,16980,2016,6,28,115.58139,-19.83917,"original",0,NA,NA,72.8585739135742
"Rhincodon typus",-19.82694,115.66,16981,2016,6,29,115.66,-19.82694,"original",0,NA,NA,72.8585739135742
"Rhincodon typus",-19.78528,115.42194,16969,2016,6,17,115.42194,-19.78528,"original",0,NA,NA,651.908813476562
"Rhincodon typus",-20.13389,117.1675,16957,2016,6,5,117.1675,-20.13389,"original",0,NA,NA,39.0475730895996
"Rhincodon typus",-20.30333,115.89028,16977,2016,6,25,115.89028,-20.30333,"original",0,NA,NA,56.708625793457
"Rhincodon typus",-20.33972,115.40667,16963,2016,6,11,115.40667,-20.33972,"original",0,NA,NA,40.166316986084
"Rhincodon typus",-20.33611,115.39583,16963,2016,6,11,115.39583,-20.33611,"original",0,NA,NA,40.166316986084
"Rhincodon typus",-19.82694,115.68222,16981,2016,6,29,115.68222,-19.82694,"original",0,NA,NA,73.6350173950195
"Rhincodon typus",-20.11694,117.095,16955,2016,6,3,117.095,-20.11694,"original",0,NA,NA,39.0475730895996
"Rhincodon typus",-20.08861,117.12139,16956,2016,6,4,117.12139,-20.08861,"original",0,NA,NA,39.0475730895996
"Rhincodon typus",-20.13806,117.15333,16957,2016,6,5,117.15333,-20.13806,"original",0,NA,NA,39.0475730895996
"Rhincodon typus",-20.12167,117.05667,16955,2016,6,3,117.05667,-20.12167,"original",0,NA,NA,39.0475730895996
"Rhincodon typus",-19.78306,115.43556,16969,2016,6,17,115.43556,-19.78306,"original",0,NA,NA,191.654800415039
"Rhincodon typus",-20.09083,117.06278,16955,2016,6,3,117.06278,-20.09083,"original",0,NA,NA,39.0475730895996
"Rhincodon typus",-19.60944,115.62806,16982,2016,6,30,115.62806,-19.60944,"original",0,NA,NA,191.654800415039
"Rhincodon typus",10.14252,125.08256,16996,2016,7,14,125.08256,10.14252,"original",0,NA,NA,165.158309936523
"Rhincodon typus",9.53722,123.52805,16993,2016,7,11,123.52805,9.53722,"original",0,NA,NA,566.537414550781
"Rhincodon typus",-21.9,113.93,16985,2016,7,3,113.93,-21.9,"original",0,NA,NA,402.422149658203
"Rhincodon typus",-21.89,113.92,16985,2016,7,3,113.92,-21.89,"original",0,NA,NA,402.422149658203
"Rhincodon typus",-21.9,113.93,17009,2016,7,27,113.93,-21.9,"original",0,NA,NA,402.422149658203
"Rhincodon typus",-21.9,113.93,17013,2016,7,31,113.93,-21.9,"original",0,NA,NA,402.422149658203
"Rhincodon typus",-22.07609,113.7458,16994,2016,7,12,113.7458,-22.07609,"original",0,NA,NA,199.812454223633
"Rhincodon typus",9.48925,123.32579,17008,2016,7,26,123.32579,9.48925,"original",0,NA,NA,238.074722290039
"Rhincodon typus",9.40822,123.36544,17008,2016,7,26,123.36544,9.40822,"original",0,NA,NA,238.074722290039
"Rhincodon typus",-21.83625,113.82279,17002,2016,7,20,113.82279,-21.83625,"original",0,NA,NA,402.422149658203
"Rhincodon typus",-17.5,119.5,16992,2016,7,10,119.5,-17.5,"original",0,NA,NA,323.748413085938
"Rhincodon typus",-14.5,118.5,17012,2016,7,30,118.5,-14.5,"original",0,NA,NA,5637.46435546875
"Rhincodon typus",-17.5,120.5,16996,2016,7,14,120.5,-17.5,"original",0,NA,NA,167.475952148438
"Rhincodon typus",-20.13611,115.50417,17006,2016,7,24,115.50417,-20.13611,"original",0,NA,NA,55.575740814209
"Rhincodon typus",-19.76917,115.25194,16983,2016,7,1,115.25194,-19.76917,"original",0,NA,NA,651.908813476562
"Rhincodon typus",-20.22083,114.88167,16988,2016,7,6,114.88167,-20.22083,"original",0,NA,NA,808.614624023438
"Rhincodon typus",-19.95889,115.05139,16984,2016,7,2,115.05139,-19.95889,"original",0,NA,NA,674.35546875
"Rhincodon typus",-20.30861,114.9825,17013,2016,7,31,114.9825,-20.30861,"original",0,NA,NA,93.6981201171875
"Rhincodon typus",-20.20583,114.89778,16988,2016,7,6,114.89778,-20.20583,"original",0,NA,NA,808.614624023438
"Rhincodon typus",-19.95667,115.02944,16984,2016,7,2,115.02944,-19.95667,"original",0,NA,NA,674.35546875
"Rhincodon typus",-20.05028,114.94417,16987,2016,7,5,114.94417,-20.05028,"original",0,NA,NA,674.35546875
"Rhincodon typus",-20.11861,115.08111,16992,2016,7,10,115.08111,-20.11861,"original",0,NA,NA,240.609649658203
"Rhincodon typus",-20.03194,115.07639,16992,2016,7,10,115.07639,-20.03194,"original",0,NA,NA,674.35546875
"Rhincodon typus",-19.90028,115.13889,16984,2016,7,2,115.13889,-19.90028,"original",0,NA,NA,674.35546875
"Rhincodon typus",-19.99611,114.9825,16985,2016,7,3,114.9825,-19.99611,"original",0,NA,NA,674.35546875
"Rhincodon typus",-20.14944,114.96778,16986,2016,7,4,114.96778,-20.14944,"original",0,NA,NA,240.609649658203
"Rhincodon typus",-19.96,115.02389,16984,2016,7,2,115.02389,-19.96,"original",0,NA,NA,674.35546875
"Rhincodon typus",-20.12056,114.96333,16986,2016,7,4,114.96333,-20.12056,"original",0,NA,NA,240.609649658203
"Rhincodon typus",-20.15833,114.91583,16985,2016,7,3,114.91583,-20.15833,"original",0,NA,NA,808.614624023438
"Rhincodon typus",-19.79278,115.35833,17000,2016,7,18,115.35833,-19.79278,"original",0,NA,NA,651.908813476562
"Rhincodon typus",-19.99,114.97833,16985,2016,7,3,114.97833,-19.99,"original",0,NA,NA,674.35546875
"Rhincodon typus",-20.08556,115.13583,17007,2016,7,25,115.13583,-20.08556,"original",0,NA,NA,240.609649658203
"Rhincodon typus",-20.20861,115.06028,16999,2016,7,17,115.06028,-20.20861,"original",0,NA,NA,240.609649658203
"Rhincodon typus",-19.69056,115.47056,17001,2016,7,19,115.47056,-19.69056,"original",0,NA,NA,191.654800415039
"Rhincodon typus",-19.83722,115.18944,16984,2016,7,2,115.18944,-19.83722,"original",0,NA,NA,183.113204956055
"Rhincodon typus",-19.96361,115.12778,16993,2016,7,11,115.12778,-19.96361,"original",0,NA,NA,674.35546875
"Rhincodon typus",-20.04667,114.93583,16987,2016,7,5,114.93583,-20.04667,"original",0,NA,NA,674.35546875
"Rhincodon typus",-20.02139,114.92472,16986,2016,7,4,114.92472,-20.02139,"original",0,NA,NA,1213.89025878906
"Rhincodon typus",-20.05694,114.94917,16995,2016,7,13,114.94917,-20.05694,"original",0,NA,NA,674.35546875
"Rhincodon typus",-20.07417,114.90611,16995,2016,7,13,114.90611,-20.07417,"original",0,NA,NA,808.614624023438
"Rhincodon typus",-19.96944,115.01694,16985,2016,7,3,115.01694,-19.96944,"original",0,NA,NA,674.35546875
"Rhincodon typus",-20.0575,115.37889,17006,2016,7,24,115.37889,-20.0575,"original",0,NA,NA,183.113204956055
"Rhincodon typus",-20.15222,114.93083,16985,2016,7,3,114.93083,-20.15222,"original",0,NA,NA,240.609649658203
"Rhincodon typus",-20.00028,114.93111,16986,2016,7,4,114.93111,-20.00028,"original",0,NA,NA,674.35546875
"Rhincodon typus",-20.12389,115.06861,16991,2016,7,9,115.06861,-20.12389,"original",0,NA,NA,240.609649658203
"Rhincodon typus",-20.06806,114.86028,16995,2016,7,13,114.86028,-20.06806,"original",0,NA,NA,808.614624023438
"Rhincodon typus",-19.805,115.21083,16983,2016,7,1,115.21083,-19.805,"original",0,NA,NA,651.908813476562
"Rhincodon typus",-20.02361,114.99806,16985,2016,7,3,114.99806,-20.02361,"original",0,NA,NA,674.35546875
"Rhincodon typus",-19.86361,115.14806,16984,2016,7,2,115.14806,-19.86361,"original",0,NA,NA,674.35546875
"Rhincodon typus",-20.22111,114.90333,16987,2016,7,5,114.90333,-20.22111,"original",0,NA,NA,808.614624023438
"Rhincodon typus",-19.81028,115.20222,16983,2016,7,1,115.20222,-19.81028,"original",0,NA,NA,183.113204956055
"Rhincodon typus",-20.02222,115.24028,16994,2016,7,12,115.24028,-20.02222,"original",0,NA,NA,183.113204956055
"Rhincodon typus",-19.98222,115.13417,16993,2016,7,11,115.13417,-19.98222,"original",0,NA,NA,674.35546875
"Rhincodon typus",-20.11917,114.96194,16985,2016,7,3,114.96194,-20.11917,"original",0,NA,NA,240.609649658203
"Rhincodon typus",-19.725,115.40556,17001,2016,7,19,115.40556,-19.725,"original",0,NA,NA,651.908813476562
"Rhincodon typus",-20.20861,115.00694,16991,2016,7,9,115.00694,-20.20861,"original",0,NA,NA,240.609649658203
"Rhincodon typus",-20.21667,114.89,16988,2016,7,6,114.89,-20.21667,"original",0,NA,NA,808.614624023438
"Rhincodon typus",-20.30694,114.98139,17013,2016,7,31,114.98139,-20.30694,"original",0,NA,NA,240.609649658203
"Rhincodon typus",-19.69028,115.46972,17001,2016,7,19,115.46972,-19.69028,"original",0,NA,NA,191.654800415039
"Rhincodon typus",-20.14722,114.96528,16985,2016,7,3,114.96528,-20.14722,"original",0,NA,NA,240.609649658203
"Rhincodon typus",-20.30694,114.96556,17013,2016,7,31,114.96556,-20.30694,"original",0,NA,NA,240.609649658203
"Rhincodon typus",-19.79333,115.22472,16983,2016,7,1,115.22472,-19.79333,"original",0,NA,NA,651.908813476562
"Rhincodon typus",-20.31861,114.97028,17013,2016,7,31,114.97028,-20.31861,"original",0,NA,NA,93.6981201171875
"Rhincodon typus",-20.14833,114.885,16990,2016,7,8,114.885,-20.14833,"original",0,NA,NA,808.614624023438
"Rhincodon typus",-20.315,114.98556,17013,2016,7,31,114.98556,-20.315,"original",0,NA,NA,93.6981201171875
"Rhincodon typus",-19.51167,115.62556,16983,2016,7,1,115.62556,-19.51167,"original",0,NA,NA,472.790313720703
"Rhincodon typus",-20.14278,114.94,16985,2016,7,3,114.94,-20.14278,"original",0,NA,NA,240.609649658203
"Rhincodon typus",-20.09806,115.06333,16992,2016,7,10,115.06333,-20.09806,"original",0,NA,NA,240.609649658203
"Rhincodon typus",-19.78694,115.35611,17000,2016,7,18,115.35611,-19.78694,"original",0,NA,NA,651.908813476562
"Rhincodon typus",-19.94528,115.01639,16984,2016,7,2,115.01639,-19.94528,"original",0,NA,NA,674.35546875
"Rhincodon typus",-20.015,115.00833,16985,2016,7,3,115.00833,-20.015,"original",0,NA,NA,674.35546875
"Rhincodon typus",-20.14722,114.88694,16990,2016,7,8,114.88694,-20.14722,"original",0,NA,NA,808.614624023438
"Rhincodon typus",-20.01694,115.24028,16994,2016,7,12,115.24028,-20.01694,"original",0,NA,NA,183.113204956055
"Rhincodon typus",-19.81083,115.245,16983,2016,7,1,115.245,-19.81083,"original",0,NA,NA,183.113204956055
"Rhincodon typus",-19.78972,115.23833,16983,2016,7,1,115.23833,-19.78972,"original",0,NA,NA,651.908813476562
"Rhincodon typus",-20.14889,115.17639,17008,2016,7,26,115.17639,-20.14889,"original",0,NA,NA,240.609649658203
"Rhincodon typus",-19.85639,115.17056,16984,2016,7,2,115.17056,-19.85639,"original",0,NA,NA,674.35546875
"Rhincodon typus",-20.21361,115.05278,16991,2016,7,9,115.05278,-20.21361,"original",0,NA,NA,240.609649658203
"Rhincodon typus",-20.22361,115.13139,16995,2016,7,13,115.13139,-20.22361,"original",0,NA,NA,240.609649658203
"Rhincodon typus",-20.00333,114.93444,16986,2016,7,4,114.93444,-20.00333,"original",0,NA,NA,674.35546875
"Rhincodon typus",-19.94583,115.01583,16984,2016,7,2,115.01583,-19.94583,"original",0,NA,NA,674.35546875
"Rhincodon typus",-20.11417,115.0825,16992,2016,7,10,115.0825,-20.11417,"original",0,NA,NA,240.609649658203
"Rhincodon typus",-20.12306,114.96444,16986,2016,7,4,114.96444,-20.12306,"original",0,NA,NA,240.609649658203
"Rhincodon typus",-20.02972,114.9275,16987,2016,7,5,114.9275,-20.02972,"original",0,NA,NA,1213.89025878906
"Rhincodon typus",-20.03056,114.94111,16986,2016,7,4,114.94111,-20.03056,"original",0,NA,NA,674.35546875
"Rhincodon typus",-20.31611,114.9625,17013,2016,7,31,114.9625,-20.31611,"original",0,NA,NA,93.6981201171875
"Rhincodon typus",-20.10722,115.10028,17007,2016,7,25,115.10028,-20.10722,"original",0,NA,NA,240.609649658203
"Rhincodon typus",-19.51417,115.59611,16983,2016,7,1,115.59611,-19.51417,"original",0,NA,NA,472.790313720703
"Rhincodon typus",-20.10667,114.96,16985,2016,7,3,114.96,-20.10667,"original",0,NA,NA,240.609649658203
"Rhincodon typus",-20.12639,114.96417,16986,2016,7,4,114.96417,-20.12639,"original",0,NA,NA,240.609649658203
"Rhincodon typus",-19.97222,115.0625,16984,2016,7,2,115.0625,-19.97222,"original",0,NA,NA,674.35546875
"Rhincodon typus",-20.14139,115.91333,17008,2016,7,26,115.91333,-20.14139,"original",0,NA,NA,56.708625793457
"Rhincodon typus",-20.02583,115.00583,16985,2016,7,3,115.00583,-20.02583,"original",0,NA,NA,674.35546875
"Rhincodon typus",-20.04528,114.93306,16987,2016,7,5,114.93306,-20.04528,"original",0,NA,NA,674.35546875
"Rhincodon typus",-20.13889,114.93306,16985,2016,7,3,114.93306,-20.13889,"original",0,NA,NA,240.609649658203
"Rhincodon typus",-20.01222,114.93194,16986,2016,7,4,114.93194,-20.01222,"original",0,NA,NA,674.35546875
"Rhincodon typus",-19.8875,115.14,16984,2016,7,2,115.14,-19.8875,"original",0,NA,NA,674.35546875
"Rhincodon typus",-19.75306,115.2625,16983,2016,7,1,115.2625,-19.75306,"original",0,NA,NA,651.908813476562
"Rhincodon typus",-19.75361,115.31833,17000,2016,7,18,115.31833,-19.75361,"original",0,NA,NA,651.908813476562
"Rhincodon typus",-20.21611,115.02472,16991,2016,7,9,115.02472,-20.21611,"original",0,NA,NA,240.609649658203
"Rhincodon typus",-20.20389,115.05306,16999,2016,7,17,115.05306,-20.20389,"original",0,NA,NA,240.609649658203
"Rhincodon typus",-19.75611,115.28861,17000,2016,7,18,115.28861,-19.75611,"original",0,NA,NA,651.908813476562
"Rhincodon typus",-20.06056,114.86,16995,2016,7,13,114.86,-20.06056,"original",0,NA,NA,808.614624023438
"Rhincodon typus",-20.11139,115.05722,16991,2016,7,9,115.05722,-20.11139,"original",0,NA,NA,240.609649658203
"Rhincodon typus",-19.97111,115.04111,16984,2016,7,2,115.04111,-19.97111,"original",0,NA,NA,674.35546875
"Rhincodon typus",-20.20639,115.0375,16999,2016,7,17,115.0375,-20.20639,"original",0,NA,NA,240.609649658203
"Rhincodon typus",-19.97694,115.11861,16993,2016,7,11,115.11861,-19.97694,"original",0,NA,NA,674.35546875
"Rhincodon typus",-20.29972,114.95944,17013,2016,7,31,114.95944,-20.29972,"original",0,NA,NA,240.609649658203
"Rhincodon typus",-20.28083,115.02056,16996,2016,7,14,115.02056,-20.28083,"original",0,NA,NA,240.609649658203
"Rhincodon typus",-19.9825,115.10472,16993,2016,7,11,115.10472,-19.9825,"original",0,NA,NA,674.35546875
"Rhincodon typus",-20.18,115.005,16991,2016,7,9,115.005,-20.18,"original",0,NA,NA,240.609649658203
"Rhincodon typus",-20.20556,115.06056,16999,2016,7,17,115.06056,-20.20556,"original",0,NA,NA,240.609649658203
"Rhincodon typus",-19.96861,115.05806,16984,2016,7,2,115.05806,-19.96861,"original",0,NA,NA,674.35546875
"Rhincodon typus",-20.15639,114.97,16986,2016,7,4,114.97,-20.15639,"original",0,NA,NA,240.609649658203
"Rhincodon typus",-20.01167,115.1025,16992,2016,7,10,115.1025,-20.01167,"original",0,NA,NA,674.35546875
"Rhincodon typus",-20.21444,115.03611,16991,2016,7,9,115.03611,-20.21444,"original",0,NA,NA,240.609649658203
"Rhincodon typus",-19.9975,114.99472,16985,2016,7,3,114.99472,-19.9975,"original",0,NA,NA,674.35546875
"Rhincodon typus",-20.04278,115.20444,16994,2016,7,12,115.20444,-20.04278,"original",0,NA,NA,183.113204956055
"Rhincodon typus",-2.16994,134.65448,17022,2016,8,9,134.65448,-2.16994,"original",0,NA,NA,124.047737121582
"Rhincodon typus",-2.10704,134.66743,17022,2016,8,9,134.66743,-2.10704,"original",0,NA,NA,143.265029907227
"Rhincodon typus",-2.05627,134.63616,17024,2016,8,11,134.63616,-2.05627,"original",0,NA,NA,143.265029907227
"Rhincodon typus",-12.21577,130.86674,17014,2016,8,1,130.86674,-12.21577,"original",0,NA,NA,16.2588787078857
"Rhincodon typus",-22.6,113.61,17021,2016,8,8,113.61,-22.6,"original",0,NA,NA,164.364624023438
"Rhincodon typus",-21.9,113.93,17022,2016,8,9,113.93,-21.9,"original",0,NA,NA,402.422149658203
"Rhincodon typus",-21.88,113.91,17015,2016,8,2,113.91,-21.88,"original",0,NA,NA,402.422149658203
"Rhincodon typus",-21.9,113.93,17017,2016,8,4,113.93,-21.9,"original",0,NA,NA,402.422149658203
"Rhincodon typus",-22.6,113.62,17021,2016,8,8,113.62,-22.6,"original",0,NA,NA,164.364624023438
"Rhincodon typus",-16.5,114.5,17027,2016,8,14,114.5,-16.5,"original",0,NA,NA,3948.78100585938
"Rhincodon typus",-17.5,114.5,17024,2016,8,11,114.5,-17.5,"original",0,NA,NA,2598.13745117188
"Rhincodon typus",-11.5,122.5,17043,2016,8,30,122.5,-11.5,"original",0,NA,NA,1827.71667480469
"Rhincodon typus",-21.72667,113.91889,17022,2016,8,9,113.91889,-21.72667,"original",0,NA,NA,685.591003417969
"Rhincodon typus",-19.21444,116.24639,17023,2016,8,10,116.24639,-19.21444,"original",0,NA,NA,239.758285522461
"Rhincodon typus",-21.9,113.9,17021,2016,8,8,113.9,-21.9,"original",0,NA,NA,402.422149658203
"Rhincodon typus",-21.60806,114.26583,17028,2016,8,15,114.26583,-21.60806,"original",0,NA,NA,47.9186668395996
"Rhincodon typus",-21.65806,113.85306,17022,2016,8,9,113.85306,-21.65806,"original",0,NA,NA,685.591003417969
"Rhincodon typus",-22,113.9,17021,2016,8,8,113.9,-22,"original",0,NA,NA,402.422149658203
"Rhincodon typus",-22.74806,113.56917,17037,2016,8,24,113.56917,-22.74806,"original",0,NA,NA,164.364624023438
"Rhincodon typus",-20.5825,115.31444,17035,2016,8,22,115.31444,-20.5825,"original",0,NA,NA,37.159854888916
"Rhincodon typus",-22.7,113.6,17035,2016,8,22,113.6,-22.7,"original",0,NA,NA,164.364624023438
"Rhincodon typus",-19.85528,115.15472,17036,2016,8,23,115.15472,-19.85528,"original",0,NA,NA,674.35546875
"Rhincodon typus",-19.8375,115.15028,17036,2016,8,23,115.15028,-19.8375,"original",0,NA,NA,674.35546875
"Rhincodon typus",-22,113.8,17021,2016,8,8,113.8,-22,"original",0,NA,NA,402.422149658203
"Rhincodon typus",-19.10167,116.24917,17024,2016,8,11,116.24917,-19.10167,"original",0,NA,NA,239.758285522461
"Rhincodon typus",-21.57722,114.14833,17025,2016,8,12,114.14833,-21.57722,"original",0,NA,NA,165.018997192383
"Rhincodon typus",-19.35444,116.66222,17042,2016,8,29,116.66222,-19.35444,"original",0,NA,NA,110.10767364502
"Rhincodon typus",-19.76167,115.08722,17036,2016,8,23,115.08722,-19.76167,"original",0,NA,NA,1157.18420410156
"Rhincodon typus",-21.45306,114.08444,17023,2016,8,10,114.08444,-21.45306,"original",0,NA,NA,408.564483642578
"Rhincodon typus",-20.42722,115.14972,17035,2016,8,22,115.14972,-20.42722,"original",0,NA,NA,93.6981201171875
"Rhincodon typus",-19.11028,116.24083,17024,2016,8,11,116.24083,-19.11028,"original",0,NA,NA,239.758285522461
"Rhincodon typus",-22,113.9,17022,2016,8,9,113.9,-22,"original",0,NA,NA,402.422149658203
"Rhincodon typus",-20.79472,115.17278,17034,2016,8,21,115.17278,-20.79472,"original",0,NA,NA,84.5248107910156
"Rhincodon typus",-22.1,113.8,17020,2016,8,7,113.8,-22.1,"original",0,NA,NA,199.812454223633
"Rhincodon typus",-19.35944,116.63,17041,2016,8,28,116.63,-19.35944,"original",0,NA,NA,110.10767364502
"Rhincodon typus",-22,113.9,17020,2016,8,7,113.9,-22,"original",0,NA,NA,402.422149658203
"Rhincodon typus",-19.20833,116.24528,17023,2016,8,10,116.24528,-19.20833,"original",0,NA,NA,239.758285522461
"Rhincodon typus",-21.81083,113.89833,17022,2016,8,9,113.89833,-21.81083,"original",0,NA,NA,402.422149658203
"Rhincodon typus",-21.8925,113.84806,17021,2016,8,8,113.84806,-21.8925,"original",0,NA,NA,402.422149658203
"Rhincodon typus",-19.37472,116.64611,17041,2016,8,28,116.64611,-19.37472,"original",0,NA,NA,110.10767364502
"Rhincodon typus",-21.65167,114.05667,17023,2016,8,10,114.05667,-21.65167,"original",0,NA,NA,165.018997192383
"Rhincodon typus",-21.6075,114.31306,17025,2016,8,12,114.31306,-21.6075,"original",0,NA,NA,47.9186668395996
"Rhincodon typus",-19.31806,116.75639,17040,2016,8,27,116.75639,-19.31806,"original",0,NA,NA,96.9508438110352
"Rhincodon typus",-22.1,113.9,17019,2016,8,6,113.9,-22.1,"original",0,NA,NA,199.812454223633
"Rhincodon typus",-21.62194,114.22194,17030,2016,8,17,114.22194,-21.62194,"original",0,NA,NA,47.9186668395996
"Rhincodon typus",-19.86194,115.20083,17037,2016,8,24,115.20083,-19.86194,"original",0,NA,NA,183.113204956055
"Rhincodon typus",-19.72972,115.08361,17036,2016,8,23,115.08361,-19.72972,"original",0,NA,NA,1157.18420410156
"Rhincodon typus",-19.66056,115.09333,17036,2016,8,23,115.09333,-19.66056,"original",0,NA,NA,1157.18420410156
"Rhincodon typus",-20.6203,114.8517,17015,2016,8,2,114.8517,-20.6203,"original",0,NA,NA,256.295989990234
"Rhincodon typus",-21.51417,114.13472,17026,2016,8,13,114.13472,-21.51417,"original",0,NA,NA,408.564483642578
"Rhincodon typus",-21.60611,114.13917,17025,2016,8,12,114.13917,-21.60611,"original",0,NA,NA,165.018997192383
"Rhincodon typus",-19.36306,116.69556,17041,2016,8,28,116.69556,-19.36306,"original",0,NA,NA,96.9508438110352
"Rhincodon typus",-19.86167,115.16417,17036,2016,8,23,115.16417,-19.86167,"original",0,NA,NA,674.35546875
"Rhincodon typus",-20.2908,114.8122,17014,2016,8,1,114.8122,-20.2908,"original",0,NA,NA,808.614624023438
"Rhincodon typus",-19.37778,116.70528,17040,2016,8,27,116.70528,-19.37778,"original",0,NA,NA,96.9508438110352
"Rhincodon typus",-19.86389,115.235,17037,2016,8,24,115.235,-19.86389,"original",0,NA,NA,183.113204956055
"Rhincodon typus",-22,113.9,17040,2016,8,27,113.9,-22,"original",0,NA,NA,402.422149658203
"Rhincodon typus",-20.44861,115.25472,17035,2016,8,22,115.25472,-20.44861,"original",0,NA,NA,40.166316986084
"Rhincodon typus",-22.1,113.9,17042,2016,8,29,113.9,-22.1,"original",0,NA,NA,199.812454223633
"Rhincodon typus",-19.71472,115.07611,17036,2016,8,23,115.07611,-19.71472,"original",0,NA,NA,1157.18420410156
"Rhincodon typus",-19.11806,116.23,17025,2016,8,12,116.23,-19.11806,"original",0,NA,NA,239.758285522461
"Rhincodon typus",-21.57722,113.84583,17022,2016,8,9,113.84583,-21.57722,"original",0,NA,NA,685.591003417969
"Rhincodon typus",-20.2964,114.9681,17014,2016,8,1,114.9681,-20.2964,"original",0,NA,NA,240.609649658203
"Rhincodon typus",-21.57389,114.17722,17031,2016,8,18,114.17722,-21.57389,"original",0,NA,NA,165.018997192383
"Rhincodon typus",-21.67556,114.06444,17023,2016,8,10,114.06444,-21.67556,"original",0,NA,NA,165.018997192383
"Rhincodon typus",-21.61083,114.14333,17025,2016,8,12,114.14333,-21.61083,"original",0,NA,NA,165.018997192383
"Rhincodon typus",-19.36833,116.63972,17041,2016,8,28,116.63972,-19.36833,"original",0,NA,NA,110.10767364502
"Rhincodon typus",-21.60444,114.29694,17025,2016,8,12,114.29694,-21.60444,"original",0,NA,NA,47.9186668395996
"Rhincodon typus",-19.12167,116.33,17044,2016,8,31,116.33,-19.12167,"original",0,NA,NA,239.758285522461
"Rhincodon typus",-21.55556,114.29083,17026,2016,8,13,114.29083,-21.55556,"original",0,NA,NA,47.9186668395996
"Rhincodon typus",-19.35083,116.65028,17042,2016,8,29,116.65028,-19.35083,"original",0,NA,NA,110.10767364502
"Rhincodon typus",-19.35972,116.67639,17041,2016,8,28,116.67639,-19.35972,"original",0,NA,NA,96.9508438110352
"Rhincodon typus",-19.35194,116.6575,17042,2016,8,29,116.6575,-19.35194,"original",0,NA,NA,110.10767364502
"Rhincodon typus",-21.565,114.15056,17025,2016,8,12,114.15056,-21.565,"original",0,NA,NA,165.018997192383
"Rhincodon typus",-19.86639,115.32583,17038,2016,8,25,115.32583,-19.86639,"original",0,NA,NA,183.113204956055
"Rhincodon typus",-22.03972,113.83167,17021,2016,8,8,113.83167,-22.03972,"original",0,NA,NA,402.422149658203
"Rhincodon typus",-22,113.9,17018,2016,8,5,113.9,-22,"original",0,NA,NA,402.422149658203
"Rhincodon typus",-19.70389,115.08528,17036,2016,8,23,115.08528,-19.70389,"original",0,NA,NA,1157.18420410156
"Rhincodon typus",-19.89389,115.37667,17038,2016,8,25,115.37667,-19.89389,"original",0,NA,NA,183.113204956055
"Rhincodon typus",-19.21778,116.25306,17023,2016,8,10,116.25306,-19.21778,"original",0,NA,NA,239.758285522461
"Rhincodon typus",-19.92444,115.20556,17037,2016,8,24,115.20556,-19.92444,"original",0,NA,NA,183.113204956055
"Rhincodon typus",-19.11444,116.18722,17025,2016,8,12,116.18722,-19.11444,"original",0,NA,NA,239.758285522461
"Rhincodon typus",-20.39222,115.1275,17035,2016,8,22,115.1275,-20.39222,"original",0,NA,NA,93.6981201171875
"Rhincodon typus",-20.43222,115.26222,17035,2016,8,22,115.26222,-20.43222,"original",0,NA,NA,40.166316986084
"Rhincodon typus",-21.67333,114.08278,17023,2016,8,10,114.08278,-21.67333,"original",0,NA,NA,165.018997192383
"Rhincodon typus",-22.8,113.6,17038,2016,8,25,113.6,-22.8,"original",0,NA,NA,164.364624023438
"Rhincodon typus",-22.10028,113.81778,17021,2016,8,8,113.81778,-22.10028,"original",0,NA,NA,199.812454223633
"Rhincodon typus",-21.79,113.92583,17022,2016,8,9,113.92583,-21.79,"original",0,NA,NA,685.591003417969
"Rhincodon typus",-20.39306,115.16861,17035,2016,8,22,115.16861,-20.39306,"original",0,NA,NA,93.6981201171875
"Rhincodon typus",-20.14861,115.14694,17040,2016,8,27,115.14694,-20.14861,"original",0,NA,NA,240.609649658203
"Rhincodon typus",-21.78,113.89472,17022,2016,8,9,113.89472,-21.78,"original",0,NA,NA,685.591003417969
"Rhincodon typus",-19.8425,115.08028,17037,2016,8,24,115.08028,-19.8425,"original",0,NA,NA,674.35546875
"Rhincodon typus",-21.91889,113.84611,17021,2016,8,8,113.84611,-21.91889,"original",0,NA,NA,402.422149658203
"Rhincodon typus",-21.60389,114.31139,17025,2016,8,12,114.31139,-21.60389,"original",0,NA,NA,47.9186668395996
"Rhincodon typus",-20.04639,115.44972,17039,2016,8,26,115.44972,-20.04639,"original",0,NA,NA,72.8585739135742
"Rhincodon typus",-19.78083,115.87528,17037,2016,8,24,115.87528,-19.78083,"original",0,NA,NA,129.111267089844
"Rhincodon typus",-21.77111,113.91972,17022,2016,8,9,113.91972,-21.77111,"original",0,NA,NA,685.591003417969
"Rhincodon typus",-21.67056,114.07333,17023,2016,8,10,114.07333,-21.67056,"original",0,NA,NA,165.018997192383
"Rhincodon typus",-21.63861,114.15639,17026,2016,8,13,114.15639,-21.63861,"original",0,NA,NA,165.018997192383
"Rhincodon typus",-22.1,113.8,17019,2016,8,6,113.8,-22.1,"original",0,NA,NA,199.812454223633
"Rhincodon typus",-20.51806,115.26722,17035,2016,8,22,115.26722,-20.51806,"original",0,NA,NA,40.166316986084
"Rhincodon typus",-19.38639,115.98944,17039,2016,8,26,115.98944,-19.38639,"original",0,NA,NA,162.084335327148
"Rhincodon typus",-19.11111,116.24056,17024,2016,8,11,116.24056,-19.11111,"original",0,NA,NA,239.758285522461
"Rhincodon typus",-22.70889,113.47833,17037,2016,8,24,113.47833,-22.70889,"original",0,NA,NA,164.364624023438
"Rhincodon typus",-21.61306,114.14111,17025,2016,8,12,114.14111,-21.61306,"original",0,NA,NA,165.018997192383
"Rhincodon typus",-19.22028,115.92167,17040,2016,8,27,115.92167,-19.22028,"original",0,NA,NA,393.412231445312
"Rhincodon typus",-21.63389,114.13889,17025,2016,8,12,114.13889,-21.63389,"original",0,NA,NA,165.018997192383
"Rhincodon typus",-19.685,115.11972,17036,2016,8,23,115.11972,-19.685,"original",0,NA,NA,1157.18420410156
"Rhincodon typus",-21.60667,114.16861,17025,2016,8,12,114.16861,-21.60667,"original",0,NA,NA,165.018997192383
"Rhincodon typus",-20.29083,114.81222,17014,2016,8,1,114.81222,-20.29083,"original",0,NA,NA,808.614624023438
"Rhincodon typus",-21.85833,113.90444,17021,2016,8,8,113.90444,-21.85833,"original",0,NA,NA,402.422149658203
"Rhincodon typus",-19.87306,115.27944,17037,2016,8,24,115.27944,-19.87306,"original",0,NA,NA,183.113204956055
"Rhincodon typus",-21.58,114.15583,17025,2016,8,12,114.15583,-21.58,"original",0,NA,NA,165.018997192383
"Rhincodon typus",-21.49167,114.12056,17024,2016,8,11,114.12056,-21.49167,"original",0,NA,NA,408.564483642578
"Rhincodon typus",-22.6,113.63,17060,2016,9,16,113.63,-22.6,"original",0,NA,NA,164.364624023438
"Rhincodon typus",-21.9,113.93,17062,2016,9,18,113.93,-21.9,"original",0,NA,NA,402.422149658203
"Rhincodon typus",-21.89,113.92,17062,2016,9,18,113.92,-21.89,"original",0,NA,NA,402.422149658203
"Rhincodon typus",-21.9,113.93,17048,2016,9,4,113.93,-21.9,"original",0,NA,NA,402.422149658203
"Rhincodon typus",-21.89,113.92,17048,2016,9,4,113.92,-21.89,"original",0,NA,NA,402.422149658203
"Rhincodon typus",-21.88,113.91,17058,2016,9,14,113.91,-21.88,"original",0,NA,NA,402.422149658203
"Rhincodon typus",-21.9,113.93,17054,2016,9,10,113.93,-21.9,"original",0,NA,NA,402.422149658203
"Rhincodon typus",-21.9,113.93,17060,2016,9,16,113.93,-21.9,"original",0,NA,NA,402.422149658203
"Rhincodon typus",9.04787,123.25525,17067,2016,9,23,123.25525,9.04787,"original",0,NA,NA,427.518188476562
"Rhincodon typus",-12.5,119.5,17070,2016,9,26,119.5,-12.5,"original",0,NA,NA,4522.99755859375
"Rhincodon typus",-19.5,117.5,17050,2016,9,6,117.5,-19.5,"original",0,NA,NA,80.7971954345703
"Rhincodon typus",-10.5,121.5,17063,2016,9,19,121.5,-10.5,"original",0,NA,NA,764.720581054688
"Rhincodon typus",-11.5,120.5,17047,2016,9,3,120.5,-11.5,"original",0,NA,NA,2883.99438476562
"Rhincodon typus",-19.50472,116.48639,17057,2016,9,13,116.48639,-19.50472,"original",0,NA,NA,110.10767364502
"Rhincodon typus",-22.2,113.8,17054,2016,9,10,113.8,-22.2,"original",0,NA,NA,199.812454223633
"Rhincodon typus",-22.2,113.9,17053,2016,9,9,113.9,-22.2,"original",0,NA,NA,199.812454223633
"Rhincodon typus",-22,113.9,17050,2016,9,6,113.9,-22,"original",0,NA,NA,402.422149658203
"Rhincodon typus",-20.27111,115.13139,17066,2016,9,22,115.13139,-20.27111,"original",0,NA,NA,240.609649658203
"Rhincodon typus",-21.52528,113.39917,17052,2016,9,8,113.39917,-21.52528,"original",0,NA,NA,1280.27905273438
"Rhincodon typus",-21.57361,113.305,17056,2016,9,12,113.305,-21.57361,"original",0,NA,NA,1424.81591796875
"Rhincodon typus",-22.1,113.8,17055,2016,9,11,113.8,-22.1,"original",0,NA,NA,199.812454223633
"Rhincodon typus",-21.8,114,17049,2016,9,5,114,-21.8,"original",0,NA,NA,165.018997192383
"Rhincodon typus",-20.5475,115.00806,17065,2016,9,21,115.00806,-20.5475,"original",0,NA,NA,93.6981201171875
"Rhincodon typus",-20.17083,115.69417,17047,2016,9,3,115.69417,-20.17083,"original",0,NA,NA,56.708625793457
"Rhincodon typus",-20.28528,115.23306,17065,2016,9,21,115.23306,-20.28528,"original",0,NA,NA,63.266918182373
"Rhincodon typus",-21.30333,113.75806,17049,2016,9,5,113.75806,-21.30333,"original",0,NA,NA,952.897888183594
"Rhincodon typus",-22.1,113.8,17052,2016,9,8,113.8,-22.1,"original",0,NA,NA,199.812454223633
"Rhincodon typus",-21.30389,113.64833,17050,2016,9,6,113.64833,-21.30389,"original",0,NA,NA,1192.73046875
"Rhincodon typus",-22.2,113.8,17053,2016,9,9,113.8,-22.2,"original",0,NA,NA,199.812454223633
"Rhincodon typus",-19.72417,116.26278,17061,2016,9,17,116.26278,-19.72417,"original",0,NA,NA,75.776008605957
"Rhincodon typus",-21.12056,114.78917,17045,2016,9,1,114.78917,-21.12056,"original",0,NA,NA,107.364326477051
"Rhincodon typus",-19.98861,115.52471,17071,2016,9,27,115.52471,-19.98861,"original",0,NA,NA,72.8585739135742
"Rhincodon typus",-21.49,113.22778,17055,2016,9,11,113.22778,-21.49,"original",0,NA,NA,1280.27905273438
"Rhincodon typus",-21.5675,113.29972,17056,2016,9,12,113.29972,-21.5675,"original",0,NA,NA,1424.81591796875
"Rhincodon typus",-22,113.9,17056,2016,9,12,113.9,-22,"original",0,NA,NA,402.422149658203
"Rhincodon typus",-19.84556,116.15444,17061,2016,9,17,116.15444,-19.84556,"original",0,NA,NA,67.1006622314453
"Rhincodon typus",-21.59472,113.30361,17054,2016,9,10,113.30361,-21.59472,"original",0,NA,NA,1424.81591796875
"Rhincodon typus",-21.56917,113.28667,17054,2016,9,10,113.28667,-21.56917,"original",0,NA,NA,1424.81591796875
"Rhincodon typus",-20.02387,115.44668,17070,2016,9,26,115.44668,-20.02387,"original",0,NA,NA,72.8585739135742
"Rhincodon typus",-21.41694,113.0725,17056,2016,9,12,113.0725,-21.41694,"original",0,NA,NA,1509.30908203125
"Rhincodon typus",-21.51194,113.22861,17055,2016,9,11,113.22861,-21.51194,"original",0,NA,NA,1280.27905273438
"Rhincodon typus",-20.39611,114.98167,17067,2016,9,23,114.98167,-20.39611,"original",0,NA,NA,93.6981201171875
"Rhincodon typus",-21.06833,114.77556,17045,2016,9,1,114.77556,-21.06833,"original",0,NA,NA,107.364326477051
"Rhincodon typus",-21.8,114.1,17058,2016,9,14,114.1,-21.8,"original",0,NA,NA,165.018997192383
"Rhincodon typus",-21.69972,114.08028,17045,2016,9,1,114.08028,-21.69972,"original",0,NA,NA,165.018997192383
"Rhincodon typus",-19.97194,115.795,17061,2016,9,17,115.795,-19.97194,"original",0,NA,NA,73.6350173950195
"Rhincodon typus",-21.9,113.9,17049,2016,9,5,113.9,-21.9,"original",0,NA,NA,402.422149658203
"Rhincodon typus",-22.1,113.9,17051,2016,9,7,113.9,-22.1,"original",0,NA,NA,199.812454223633
"Rhincodon typus",-22.1,113.8,17054,2016,9,10,113.8,-22.1,"original",0,NA,NA,199.812454223633
"Rhincodon typus",-21.57944,113.27722,17054,2016,9,10,113.27722,-21.57944,"original",0,NA,NA,1424.81591796875
"Rhincodon typus",-20.1675,115.09278,17068,2016,9,24,115.09278,-20.1675,"original",0,NA,NA,240.609649658203
"Rhincodon typus",-19.52083,116.50694,17058,2016,9,14,116.50694,-19.52083,"original",0,NA,NA,110.10767364502
"Rhincodon typus",-21.79139,113.97611,17049,2016,9,5,113.97611,-21.79139,"original",0,NA,NA,165.018997192383
"Rhincodon typus",-21.51361,113.40667,17052,2016,9,8,113.40667,-21.51361,"original",0,NA,NA,1280.27905273438
"Rhincodon typus",-21.48944,113.22278,17055,2016,9,11,113.22278,-21.48944,"original",0,NA,NA,1280.27905273438
"Rhincodon typus",-21.57611,114.295,17061,2016,9,17,114.295,-21.57611,"original",0,NA,NA,47.9186668395996
"Rhincodon typus",-21.53583,114.04917,17047,2016,9,3,114.04917,-21.53583,"original",0,NA,NA,408.564483642578
"Rhincodon typus",-21.55111,114.04806,17047,2016,9,3,114.04806,-21.55111,"original",0,NA,NA,408.564483642578
"Rhincodon typus",-21.79028,113.97639,17049,2016,9,5,113.97639,-21.79028,"original",0,NA,NA,165.018997192383
"Rhincodon typus",-20.17694,115.245,17069,2016,9,25,115.245,-20.17694,"original",0,NA,NA,63.266918182373
"Rhincodon typus",-21.30778,113.75222,17049,2016,9,5,113.75222,-21.30778,"original",0,NA,NA,840.638427734375
"Rhincodon typus",-20.29139,114.98861,17068,2016,9,24,114.98861,-20.29139,"original",0,NA,NA,240.609649658203
"Rhincodon typus",-21.57306,113.30611,17056,2016,9,12,113.30611,-21.57306,"original",0,NA,NA,1424.81591796875
"Rhincodon typus",-21.59472,113.31833,17054,2016,9,10,113.31833,-21.59472,"original",0,NA,NA,1424.81591796875
"Rhincodon typus",-21.59833,113.32222,17054,2016,9,10,113.32222,-21.59833,"original",0,NA,NA,1424.81591796875
"Rhincodon typus",-21.29972,113.66333,17050,2016,9,6,113.66333,-21.29972,"original",0,NA,NA,1192.73046875
"Rhincodon typus",-21.27111,113.66556,17049,2016,9,5,113.66556,-21.27111,"original",0,NA,NA,1192.73046875
"Rhincodon typus",-19.77222,115.56583,17051,2016,9,7,115.56583,-19.77222,"original",0,NA,NA,191.654800415039
"Rhincodon typus",-21.56778,113.2825,17054,2016,9,10,113.2825,-21.56778,"original",0,NA,NA,1424.81591796875
"Rhincodon typus",-22.1,113.9,17055,2016,9,11,113.9,-22.1,"original",0,NA,NA,199.812454223633
"Rhincodon typus",-20.23222,115.29139,17065,2016,9,21,115.29139,-20.23222,"original",0,NA,NA,63.266918182373
"Rhincodon typus",-20.2475,115.18222,17065,2016,9,21,115.18222,-20.2475,"original",0,NA,NA,63.266918182373
"Rhincodon typus",-21.295,113.66583,17050,2016,9,6,113.66583,-21.295,"original",0,NA,NA,1192.73046875
"Rhincodon typus",-20.25111,115.14333,17066,2016,9,22,115.14333,-20.25111,"original",0,NA,NA,240.609649658203
"Rhincodon typus",-22.1,113.8,17051,2016,9,7,113.8,-22.1,"original",0,NA,NA,199.812454223633
"Rhincodon typus",-21.51278,113.40583,17052,2016,9,8,113.40583,-21.51278,"original",0,NA,NA,1280.27905273438
"Rhincodon typus",-19.94278,115.89417,17061,2016,9,17,115.89417,-19.94278,"original",0,NA,NA,73.6350173950195
"Rhincodon typus",-20.00807,115.49108,17071,2016,9,27,115.49108,-20.00807,"original",0,NA,NA,72.8585739135742
"Rhincodon typus",-21.84194,113.92667,17050,2016,9,6,113.92667,-21.84194,"original",0,NA,NA,402.422149658203
"Rhincodon typus",-21.3075,113.75222,17049,2016,9,5,113.75222,-21.3075,"original",0,NA,NA,840.638427734375
"Rhincodon typus",-21.66778,114.08111,17045,2016,9,1,114.08111,-21.66778,"original",0,NA,NA,165.018997192383
"Rhincodon typus",-21.9279778393352,113.808864265928,17049,2016,9,5,114,-21.9,"corrected",19.9904721686494,113.808864265928,-21.9279778393352,402.422149658203
"Rhincodon typus",-21.54528,113.2575,17054,2016,9,10,113.2575,-21.54528,"original",0,NA,NA,1280.27905273438
"Rhincodon typus",-22,113.9,17074,2016,9,30,113.9,-22,"original",0,NA,NA,402.422149658203
"Rhincodon typus",-21.92594,113.84411,17074,2016,9,30,113.84411,-21.92594,"original",0,NA,NA,402.422149658203
"Rhincodon typus",-21.48444,113.22778,17055,2016,9,11,113.22778,-21.48444,"original",0,NA,NA,1280.27905273438
"Rhincodon typus",-19.85694,116.14472,17061,2016,9,17,116.14472,-19.85694,"original",0,NA,NA,67.1006622314453
"Rhincodon typus",-19.49306,116.48417,17057,2016,9,13,116.48417,-19.49306,"original",0,NA,NA,110.10767364502
"Rhincodon typus",-21.84194,113.92389,17050,2016,9,6,113.92389,-21.84194,"original",0,NA,NA,402.422149658203
"Rhincodon typus",-20.27139,115.2675,17065,2016,9,21,115.2675,-20.27139,"original",0,NA,NA,63.266918182373
"Rhincodon typus",-20.07139,115.45083,17046,2016,9,2,115.45083,-20.07139,"original",0,NA,NA,55.575740814209
"Rhincodon typus",-20.04583,115.39417,17070,2016,9,26,115.39417,-20.04583,"original",0,NA,NA,183.113204956055
"Rhincodon typus",-22,113.9,17053,2016,9,9,113.9,-22,"original",0,NA,NA,402.422149658203
"Rhincodon typus",-21.30833,113.6575,17050,2016,9,6,113.6575,-21.30833,"original",0,NA,NA,1128.33862304688
"Rhincodon typus",-20.26417,115.24722,17065,2016,9,21,115.24722,-20.26417,"original",0,NA,NA,63.266918182373
"Rhincodon typus",-20.04216,115.42099,17070,2016,9,26,115.42099,-20.04216,"original",0,NA,NA,183.113204956055
"Rhincodon typus",-19.79917,115.31972,17051,2016,9,7,115.31972,-19.79917,"original",0,NA,NA,651.908813476562
"Rhincodon typus",-20.2225,115.67389,17062,2016,9,18,115.67389,-20.2225,"original",0,NA,NA,55.575740814209
"Rhincodon typus",-21.51861,113.27861,17055,2016,9,11,113.27861,-21.51861,"original",0,NA,NA,1280.27905273438
"Rhincodon typus",-22.3,113.8,17053,2016,9,9,113.8,-22.3,"original",0,NA,NA,199.812454223633
"Rhincodon typus",-21.555,113.27861,17054,2016,9,10,113.27861,-21.555,"original",0,NA,NA,1424.81591796875
"Rhincodon typus",-21.30028,113.73444,17049,2016,9,5,113.73444,-21.30028,"original",0,NA,NA,952.897888183594
"Rhincodon typus",1.66563,118.26954,17082,2016,10,8,118.26954,1.66563,"original",0,NA,NA,38.2720336914062
"Rhincodon typus",-15.04693,145.74326,17096,2016,10,22,145.74326,-15.04693,"original",0,NA,NA,625.093994140625
"Rhincodon typus",-13.61667,136.9,17105,2016,10,31,136.9,-13.61667,"original",0,NA,NA,26.3529739379883
"Rhincodon typus",-21.89,113.92,17081,2016,10,7,113.92,-21.89,"original",0,NA,NA,402.422149658203
"Rhincodon typus",-22.6,113.61,17088,2016,10,14,113.61,-22.6,"original",0,NA,NA,164.364624023438
"Rhincodon typus",-22.6,113.61,17104,2016,10,30,113.61,-22.6,"original",0,NA,NA,164.364624023438
"Rhincodon typus",-22.6,113.62,17103,2016,10,29,113.62,-22.6,"original",0,NA,NA,164.364624023438
"Rhincodon typus",-22.6,113.61,17082,2016,10,8,113.61,-22.6,"original",0,NA,NA,164.364624023438
"Rhincodon typus",-22.59,113.61,17088,2016,10,14,113.61,-22.59,"original",0,NA,NA,164.364624023438
"Rhincodon typus",-22.59,113.61,17102,2016,10,28,113.61,-22.59,"original",0,NA,NA,164.364624023438
"Rhincodon typus",-21.88,113.91,17085,2016,10,11,113.91,-21.88,"original",0,NA,NA,402.422149658203
"Rhincodon typus",-22.6,113.61,17102,2016,10,28,113.61,-22.6,"original",0,NA,NA,164.364624023438
"Rhincodon typus",-22.6,113.62,17093,2016,10,19,113.62,-22.6,"original",0,NA,NA,164.364624023438
"Rhincodon typus",-21.9,113.93,17086,2016,10,12,113.93,-21.9,"original",0,NA,NA,402.422149658203
"Rhincodon typus",-21.9,113.93,17105,2016,10,31,113.93,-21.9,"original",0,NA,NA,402.422149658203
"Rhincodon typus",-3.21223,134.92218,17099,2016,10,25,134.92218,-3.21223,"original",0,NA,NA,71.0225524902344
"Rhincodon typus",-3.20158,134.90308,17100,2016,10,26,134.90308,-3.20158,"original",0,NA,NA,71.0225524902344
"Rhincodon typus",-16.5,119.5,17100,2016,10,26,119.5,-16.5,"original",0,NA,NA,881.482421875
"Rhincodon typus",-16.5,120.5,17097,2016,10,23,120.5,-16.5,"original",0,NA,NA,385.312561035156
"Rhincodon typus",-20.59944,114.91806,17084,2016,10,10,114.91806,-20.59944,"original",0,NA,NA,256.295989990234
"Rhincodon typus",-20.315,115.18694,17083,2016,10,9,115.18694,-20.315,"original",0,NA,NA,40.166316986084
"Rhincodon typus",-22.4265927977839,113.559556786704,17092,2016,10,18,113.7,-22.4,"corrected",14.7568732910328,113.559556786704,-22.4265927977839,410.919006347656
"Rhincodon typus",-22.6759002770083,113.559556786704,17099,2016,10,25,113.7,-22.8,"corrected",19.9244097789753,113.559556786704,-22.6759002770083,164.364624023438
"Rhincodon typus",-20.44861,114.90944,17082,2016,10,8,114.90944,-20.44861,"original",0,NA,NA,395.741760253906
"Rhincodon typus",-22.7,113.6,17101,2016,10,27,113.6,-22.7,"original",0,NA,NA,164.364624023438
"Rhincodon typus",-22.6759002770083,113.559556786704,17098,2016,10,24,113.7,-22.8,"corrected",19.9244097789753,113.559556786704,-22.6759002770083,164.364624023438
"Rhincodon typus",-22.7,113.6,17102,2016,10,28,113.6,-22.7,"original",0,NA,NA,164.364624023438
"Rhincodon typus",-21.22944,114.73694,17086,2016,10,12,114.73694,-21.22944,"original",0,NA,NA,107.364326477051
"Rhincodon typus",-22.9252077562327,113.559556786704,17100,2016,10,26,113.7,-22.9,"corrected",14.6757946926051,113.559556786704,-22.9252077562327,96.4634246826172
"Rhincodon typus",-22.1,113.8,17095,2016,10,21,113.8,-22.1,"original",0,NA,NA,199.812454223633
"Rhincodon typus",-21.23639,114.65889,17086,2016,10,12,114.65889,-21.23639,"original",0,NA,NA,199.300994873047
"Rhincodon typus",-20.22472,114.98722,17081,2016,10,7,114.98722,-20.22472,"original",0,NA,NA,240.609649658203
"Rhincodon typus",-22.4265927977839,113.559556786704,17092,2016,10,18,113.7,-22.5,"corrected",16.5837925746159,113.559556786704,-22.4265927977839,410.919006347656
"Rhincodon typus",-20.24722,115.19806,17078,2016,10,4,115.19806,-20.24722,"original",0,NA,NA,63.266918182373
"Rhincodon typus",-22.67611,113.51333,17100,2016,10,26,113.51333,-22.67611,"original",0,NA,NA,164.364624023438
"Rhincodon typus",-22.1772853185595,113.808864265928,17091,2016,10,17,113.8,-22.4,"corrected",24.6790413636136,113.808864265928,-22.1772853185595,199.812454223633
"Rhincodon typus",-20.25194,115.23417,17096,2016,10,22,115.23417,-20.25194,"original",0,NA,NA,63.266918182373
"Rhincodon typus",-20.21194,115.28056,17079,2016,10,5,115.28056,-20.21194,"original",0,NA,NA,63.266918182373
"Rhincodon typus",-22.72583,113.59167,17101,2016,10,27,113.59167,-22.72583,"original",0,NA,NA,164.364624023438
"Rhincodon typus",-22.1,113.8,17094,2016,10,20,113.8,-22.1,"original",0,NA,NA,199.812454223633
"Rhincodon typus",-22.8,113.6,17099,2016,10,25,113.6,-22.8,"original",0,NA,NA,164.364624023438
"Rhincodon typus",-20.22528,115.20361,17079,2016,10,5,115.20361,-20.22528,"original",0,NA,NA,63.266918182373
"Rhincodon typus",-22.6,113.6,17105,2016,10,31,113.6,-22.6,"original",0,NA,NA,164.364624023438
"Rhincodon typus",-22.2,113.8,17096,2016,10,22,113.8,-22.2,"original",0,NA,NA,199.812454223633
"Rhincodon typus",-22.1,113.9,17094,2016,10,20,113.9,-22.1,"original",0,NA,NA,199.812454223633
"Rhincodon typus",-20.24833,115.25083,17096,2016,10,22,115.25083,-20.24833,"original",0,NA,NA,63.266918182373
"Rhincodon typus",-22.2,113.8,17101,2016,10,27,113.8,-22.2,"original",0,NA,NA,199.812454223633
"Rhincodon typus",-20.18778,115.16639,17080,2016,10,6,115.16639,-20.18778,"original",0,NA,NA,240.609649658203
"Rhincodon typus",-22.8,113.6,17100,2016,10,26,113.6,-22.8,"original",0,NA,NA,164.364624023438
"Rhincodon typus",-22.72972,113.58639,17102,2016,10,28,113.58639,-22.72972,"original",0,NA,NA,164.364624023438
"Rhincodon typus",-20.18111,115.22917,17080,2016,10,6,115.22917,-20.18111,"original",0,NA,NA,63.266918182373
"Rhincodon typus",-20.21167,115.28194,17079,2016,10,5,115.28194,-20.21167,"original",0,NA,NA,63.266918182373
"Rhincodon typus",-20.53083,114.82222,17082,2016,10,8,114.82222,-20.53083,"original",0,NA,NA,395.741760253906
"Rhincodon typus",-20.26139,115.23472,17096,2016,10,22,115.23472,-20.26139,"original",0,NA,NA,63.266918182373
"Rhincodon typus",-20.18667,115.30944,17103,2016,10,29,115.30944,-20.18667,"original",0,NA,NA,63.266918182373
"Rhincodon typus",-22,113.9,17075,2016,10,1,113.9,-22,"original",0,NA,NA,402.422149658203
"Rhincodon typus",-20.15778,115.21194,17080,2016,10,6,115.21194,-20.15778,"original",0,NA,NA,63.266918182373
"Rhincodon typus",-22.69556,113.56222,17102,2016,10,28,113.56222,-22.69556,"original",0,NA,NA,164.364624023438
"Rhincodon typus",-22.5,113.6,17093,2016,10,19,113.6,-22.5,"original",0,NA,NA,410.919006347656
"Rhincodon typus",-20.30694,115.18444,17083,2016,10,9,115.18444,-20.30694,"original",0,NA,NA,63.266918182373
"Rhincodon typus",-20.29972,115.16778,17082,2016,10,8,115.16778,-20.29972,"original",0,NA,NA,240.609649658203
"Rhincodon typus",9.58375,123.3727,17125,2016,11,20,123.3727,9.58375,"original",0,NA,NA,238.074722290039
"Rhincodon typus",-21.9,113.93,17127,2016,11,22,113.93,-21.9,"original",0,NA,NA,402.422149658203
"Rhincodon typus",-21.9,113.93,17117,2016,11,12,113.93,-21.9,"original",0,NA,NA,402.422149658203
"Rhincodon typus",-21.89,113.92,17121,2016,11,16,113.92,-21.89,"original",0,NA,NA,402.422149658203
"Rhincodon typus",-22.59,113.61,17121,2016,11,16,113.61,-22.59,"original",0,NA,NA,164.364624023438
"Rhincodon typus",-22.6,113.63,17130,2016,11,25,113.63,-22.6,"original",0,NA,NA,164.364624023438
"Rhincodon typus",-22.6,113.61,17120,2016,11,15,113.61,-22.6,"original",0,NA,NA,164.364624023438
"Rhincodon typus",-21.89,113.92,17117,2016,11,12,113.92,-21.89,"original",0,NA,NA,402.422149658203
"Rhincodon typus",-21.9,113.93,17128,2016,11,23,113.93,-21.9,"original",0,NA,NA,402.422149658203
"Rhincodon typus",-22.6,113.61,17118,2016,11,13,113.61,-22.6,"original",0,NA,NA,164.364624023438
"Rhincodon typus",-21.89,113.92,17119,2016,11,14,113.92,-21.89,"original",0,NA,NA,402.422149658203
"Rhincodon typus",-23.174515235457,113.559556786704,17131,2016,11,26,113.7,-23.12,"corrected",15.5986585582539,113.559556786704,-23.174515235457,77.0263366699219
"Rhincodon typus",-21.89,113.92,17111,2016,11,6,113.92,-21.89,"original",0,NA,NA,402.422149658203
"Rhincodon typus",-23.174515235457,113.559556786704,17131,2016,11,26,113.69,-23.12,"corrected",14.6597258053448,113.559556786704,-23.174515235457,77.0263366699219
"Rhincodon typus",-21.9,113.93,17119,2016,11,14,113.93,-21.9,"original",0,NA,NA,402.422149658203
"Rhincodon typus",-22.6,113.62,17119,2016,11,14,113.62,-22.6,"original",0,NA,NA,164.364624023438
"Rhincodon typus",-3.2,134.9,17107,2016,11,2,134.9,-3.2,"original",0,NA,NA,71.0225524902344
"Rhincodon typus",9.51404,123.2463,17125,2016,11,20,123.2463,9.51404,"original",0,NA,NA,238.074722290039
"Rhincodon typus",-21.91806,113.84778,17111,2016,11,6,113.84778,-21.91806,"original",0,NA,NA,402.422149658203
"Rhincodon typus",-22.45944,112.80333,17110,2016,11,5,112.80333,-22.45944,"original",0,NA,NA,1981.11938476562
"Rhincodon typus",-22.6759002770083,113.559556786704,17119,2016,11,14,113.7,-22.8,"corrected",19.9244097789753,113.559556786704,-22.6759002770083,164.364624023438
"Rhincodon typus",-21.83889,113.90083,17113,2016,11,8,113.90083,-21.83889,"original",0,NA,NA,402.422149658203
"Rhincodon typus",-22.5,113.6,17106,2016,11,1,113.6,-22.5,"original",0,NA,NA,410.919006347656
"Rhincodon typus",9.56724,123.3055,17143,2016,12,8,123.3055,9.56724,"original",0,NA,NA,238.074722290039
"Rhincodon typus",-21.9,113.93,17137,2016,12,2,113.93,-21.9,"original",0,NA,NA,402.422149658203
"Rhincodon typus",-23.174515235457,113.559556786704,17143,2016,12,8,113.72,-23.13,"corrected",17.1541934688524,113.559556786704,-23.174515235457,77.0263366699219
"Rhincodon typus",-23.174515235457,113.559556786704,17143,2016,12,8,113.71,-23.13,"corrected",16.1760001868536,113.559556786704,-23.174515235457,77.0263366699219
"Rhincodon typus",-22.6,113.62,17140,2016,12,5,113.62,-22.6,"original",0,NA,NA,164.364624023438
"Rhincodon typus",-22.6,113.61,17140,2016,12,5,113.61,-22.6,"original",0,NA,NA,164.364624023438
"Rhincodon typus",-3.69793,133.87442,17144,2016,12,9,133.87442,-3.69793,"original",0,NA,NA,21.2782878875732
"Rhincodon typus",-19.5,110.5,17154,2016,12,19,110.5,-19.5,"original",0,NA,NA,3956.84521484375
"Rhincodon typus",-18.5,119.5,16991,2016,7,9,119.5,-18.5,"original",0,NA,NA,118.279899597168
"Rhincodon typus",-11.5,121.5,17044,2016,8,31,121.5,-11.5,"original",0,NA,NA,2190.22412109375
"Rhincodon typus",9.50363,123.416,16440,2015,1,5,123.416,9.50363,"original",0,NA,NA,566.537414550781
"Rhincodon typus",-21.76769,114.26548,16453,2015,1,18,114.26548,-21.76769,"original",0,NA,NA,47.9186668395996
"Rhincodon typus",9.00515,123.24948,16454,2015,1,19,123.24948,9.00515,"original",0,NA,NA,427.518188476562
"Rhincodon typus",9.08032,97.8182,16490,2015,2,24,97.8182,9.08032,"original",0,NA,NA,62.1852912902832
"Rhincodon typus",4.0434,112.44906,16477,2015,2,11,112.44906,4.0434,"original",0,NA,NA,55.3108177185059
"Rhincodon typus",2.89068,104.06,16501,2015,3,7,104.06,2.89068,"original",0,NA,NA,33.9250526428223
"Rhincodon typus",9.50363,123.416,16524,2015,3,30,123.416,9.50363,"original",0,NA,NA,566.537414550781
"Rhincodon typus",10.15745,125.12005,16495,2015,3,1,125.12005,10.15745,"original",0,NA,NA,165.158309936523
"Rhincodon typus",9.49529,123.40081,16550,2015,4,25,123.40081,9.49529,"original",0,NA,NA,238.074722290039
"Rhincodon typus",-13.7634,129.7652,16553,2015,4,28,129.7652,-13.7634,"original",0,NA,NA,10.4214191436768
"Rhincodon typus",-21.96328,114.20114,16539,2015,4,14,114.20114,-21.96328,"original",0,NA,NA,14.8947296142578
"Rhincodon typus",9.50363,123.416,16584,2015,5,29,123.416,9.50363,"original",0,NA,NA,566.537414550781
"Rhincodon typus",10.1238,99.7926,16557,2015,5,2,99.7926,10.1238,"original",0,NA,NA,45.5035438537598
"Rhincodon typus",-22.69177,113.67348,16560,2015,5,5,113.67348,-22.69177,"original",0,NA,NA,164.364624023438
"Rhincodon typus",-21.9279778393352,113.808864265928,16587,2015,6,1,113.97,-21.84,"corrected",19.292828284408,113.808864265928,-21.9279778393352,402.422149658203
"Rhincodon typus",-22.05,113.88,16612,2015,6,26,113.88,-22.05,"original",0,NA,NA,402.422149658203
"Rhincodon typus",-22.17,113.85,16587,2015,6,1,113.85,-22.17,"original",0,NA,NA,199.812454223633
"Rhincodon typus",-21.9279778393352,113.808864265928,16587,2015,6,1,113.97,-21.85,"corrected",18.7575698756702,113.808864265928,-21.9279778393352,402.422149658203
"Rhincodon typus",-22.16,113.85,16587,2015,6,1,113.85,-22.16,"original",0,NA,NA,199.812454223633
"Rhincodon typus",-22.15,113.85,16587,2015,6,1,113.85,-22.15,"original",0,NA,NA,199.812454223633
"Rhincodon typus",-21.88,113.91,16604,2015,6,18,113.91,-21.88,"original",0,NA,NA,402.422149658203
"Rhincodon typus",-21.89,113.92,16606,2015,6,20,113.92,-21.89,"original",0,NA,NA,402.422149658203
"Rhincodon typus",-21.9279778393352,113.808864265928,16588,2015,6,2,113.98,-21.85,"corrected",19.6807468369157,113.808864265928,-21.9279778393352,402.422149658203
"Rhincodon typus",-21.9,113.93,16597,2015,6,11,113.93,-21.9,"original",0,NA,NA,402.422149658203
"Rhincodon typus",-21.9,113.93,16588,2015,6,2,113.93,-21.9,"original",0,NA,NA,402.422149658203
"Rhincodon typus",-21.9,113.93,16601,2015,6,15,113.93,-21.9,"original",0,NA,NA,402.422149658203
"Rhincodon typus",-3.21077,134.94755,16594,2015,6,8,134.94755,-3.21077,"original",0,NA,NA,71.0225524902344
"Rhincodon typus",-3.21033,134.96027,16596,2015,6,10,134.96027,-3.21033,"original",0,NA,NA,71.0225524902344
"Rhincodon typus",-3.21,134.9,16596,2015,6,10,134.9,-3.21,"original",0,NA,NA,71.0225524902344
"Rhincodon typus",-22.5,113.5,16613,2015,6,27,113.5,-22.5,"original",0,NA,NA,410.919006347656
"Rhincodon typus",9.50363,123.416,16645,2015,7,29,123.416,9.50363,"original",0,NA,NA,566.537414550781
"Rhincodon typus",9.55726,123.53719,16647,2015,7,31,123.53719,9.55726,"original",0,NA,NA,566.537414550781
"Rhincodon typus",-22.00029,113.06873,16622,2015,7,6,113.06873,-22.00029,"original",0,NA,NA,1840.76525878906
"Rhincodon typus",-21.9,113.93,16628,2015,7,12,113.93,-21.9,"original",0,NA,NA,402.422149658203
"Rhincodon typus",-22.01405,113.91747,16639,2015,7,23,113.91747,-22.01405,"original",0,NA,NA,402.422149658203
"Rhincodon typus",10.4819944598339,99.3490304709141,16636,2015,7,20,99.09103,10.55106,"corrected",29.2562068810574,99.3490304709141,10.4819944598339,19.7812576293945
"Rhincodon typus",-21.5,112.5,16619,2015,7,3,112.5,-21.5,"original",0,NA,NA,2775.94750976562
"Rhincodon typus",-12.5,107.5,16638,2015,7,22,107.5,-12.5,"original",0,NA,NA,4925.03515625
"Rhincodon typus",-19.5,111.5,16622,2015,7,6,111.5,-19.5,"original",0,NA,NA,2652.1923828125
"Rhincodon typus",-15.5,109.5,16630,2015,7,14,109.5,-15.5,"original",0,NA,NA,5542.36767578125
"Rhincodon typus",-20.5,112.5,16621,2015,7,5,112.5,-20.5,"original",0,NA,NA,979.7275390625
"Rhincodon typus",-12.5,108.5,16636,2015,7,20,108.5,-12.5,"original",0,NA,NA,4802.53515625
"Rhincodon typus",-20.5,115.5,16619,2015,7,3,115.5,-20.5,"original",0,NA,NA,24.2829113006592
"Rhincodon typus",-17.5,109.5,16627,2015,7,11,109.5,-17.5,"original",0,NA,NA,5499.08447265625
"Rhincodon typus",-21.4293628808864,115.304709141274,16625,2015,7,9,115.5,-21.5,"corrected",21.6994687755509,115.304709141274,-21.4293628808864,9.43358516693115
"Rhincodon typus",-16.5,109.5,16628,2015,7,12,109.5,-16.5,"original",0,NA,NA,5560.81298828125
"Rhincodon typus",-11.5,105.5,16641,2015,7,25,105.5,-11.5,"original",0,NA,NA,4796.3037109375
"Rhincodon typus",-14.5,109.5,16632,2015,7,16,109.5,-14.5,"original",0,NA,NA,5611.1640625
"Rhincodon typus",-18.5,111.5,16625,2015,7,9,111.5,-18.5,"original",0,NA,NA,4559.89501953125
"Rhincodon typus",-13.5,109.5,16635,2015,7,19,109.5,-13.5,"original",0,NA,NA,4762.89013671875
"Rhincodon typus",-19.5,112.5,16623,2015,7,7,112.5,-19.5,"original",0,NA,NA,1530.29187011719
"Rhincodon typus",-21.9279778393352,113.808864265928,16641,2015,7,25,114,-21.9,"corrected",19.9904721686494,113.808864265928,-21.9279778393352,402.422149658203
"Rhincodon typus",-22,113.9,16643,2015,7,27,113.9,-22,"original",0,NA,NA,402.422149658203
"Rhincodon typus",-22.1,113.9,16635,2015,7,19,113.9,-22.1,"original",0,NA,NA,199.812454223633
"Rhincodon typus",-22,113.9,16644,2015,7,28,113.9,-22,"original",0,NA,NA,402.422149658203
"Rhincodon typus",-22,113.9,16635,2015,7,19,113.9,-22,"original",0,NA,NA,402.422149658203
"Rhincodon typus",-22,113.9,16639,2015,7,23,113.9,-22,"original",0,NA,NA,402.422149658203
"Rhincodon typus",-22,113.8,16639,2015,7,23,113.8,-22,"original",0,NA,NA,402.422149658203
"Rhincodon typus",-22,113.8,16644,2015,7,28,113.8,-22,"original",0,NA,NA,402.422149658203
"Rhincodon typus",-22,113.9,16638,2015,7,22,113.9,-22,"original",0,NA,NA,402.422149658203
"Rhincodon typus",-17.67778,115.55694,16647,2015,7,31,115.55694,-17.67778,"original",0,NA,NA,2167.90087890625
"Rhincodon typus",-22,113.8,16634,2015,7,18,113.8,-22,"original",0,NA,NA,402.422149658203
"Rhincodon typus",-22,113.9,16645,2015,7,29,113.9,-22,"original",0,NA,NA,402.422149658203
"Rhincodon typus",-22,113.8,16640,2015,7,24,113.8,-22,"original",0,NA,NA,402.422149658203
"Rhincodon typus",-22.1,113.8,16646,2015,7,30,113.8,-22.1,"original",0,NA,NA,199.812454223633
"Rhincodon typus",-22,113.9,16634,2015,7,18,113.9,-22,"original",0,NA,NA,402.422149658203
"Rhincodon typus",-22,113.9,16637,2015,7,21,113.9,-22,"original",0,NA,NA,402.422149658203
"Rhincodon typus",-21.78444,113.99361,16641,2015,7,25,113.99361,-21.78444,"original",0,NA,NA,165.018997192383
"Rhincodon typus",-21.8,114,16641,2015,7,25,114,-21.8,"original",0,NA,NA,165.018997192383
"Rhincodon typus",-22.05528,113.82278,16635,2015,7,19,113.82278,-22.05528,"original",0,NA,NA,199.812454223633
"Rhincodon typus",-22.1,113.9,16645,2015,7,29,113.9,-22.1,"original",0,NA,NA,199.812454223633
"Rhincodon typus",-22.2,113.8,16637,2015,7,21,113.8,-22.2,"original",0,NA,NA,199.812454223633
"Rhincodon typus",-21.8,114,16642,2015,7,26,114,-21.8,"original",0,NA,NA,165.018997192383
"Rhincodon typus",-22.12861,113.73917,16636,2015,7,20,113.73917,-22.12861,"original",0,NA,NA,199.812454223633
"Rhincodon typus",-21.9,113.9,16639,2015,7,23,113.9,-21.9,"original",0,NA,NA,402.422149658203
"Rhincodon typus",-22.06972,113.82778,16645,2015,7,29,113.82778,-22.06972,"original",0,NA,NA,199.812454223633
"Rhincodon typus",-22,113.9,16640,2015,7,24,113.9,-22,"original",0,NA,NA,402.422149658203
"Rhincodon typus",-21.9,113.9,16641,2015,7,25,113.9,-21.9,"original",0,NA,NA,402.422149658203
"Rhincodon typus",-21.8,114.1,16647,2015,7,31,114.1,-21.8,"original",0,NA,NA,165.018997192383
"Rhincodon typus",-22.1,113.8,16638,2015,7,22,113.8,-22.1,"original",0,NA,NA,199.812454223633
"Rhincodon typus",-21.6,114.4,16647,2015,7,31,114.4,-21.6,"original",0,NA,NA,47.9186668395996
"Rhincodon typus",-17.66083,115.55444,16647,2015,7,31,115.55444,-17.66083,"original",0,NA,NA,2167.90087890625
"Rhincodon typus",-22.1,113.8,16635,2015,7,19,113.8,-22.1,"original",0,NA,NA,199.812454223633
"Rhincodon typus",-22.1,113.8,16636,2015,7,20,113.8,-22.1,"original",0,NA,NA,199.812454223633
"Rhincodon typus",-22.1,113.8,16645,2015,7,29,113.8,-22.1,"original",0,NA,NA,199.812454223633
"Rhincodon typus",-22,113.8,16645,2015,7,29,113.8,-22,"original",0,NA,NA,402.422149658203
"Rhincodon typus",-21.9,113.9,16647,2015,7,31,113.9,-21.9,"original",0,NA,NA,402.422149658203
"Rhincodon typus",-17.67778,115.56083,16647,2015,7,31,115.56083,-17.67778,"original",0,NA,NA,2167.90087890625
"Rhincodon typus",-21.78667,114.005,16641,2015,7,25,114.005,-21.78667,"original",0,NA,NA,165.018997192383
"Rhincodon typus",9.93165,123.375,16676,2015,8,29,123.375,9.93165,"original",0,NA,NA,321.359436035156
"Rhincodon typus",9.50363,123.416,16678,2015,8,31,123.416,9.50363,"original",0,NA,NA,566.537414550781
"Rhincodon typus",-9.5,104.5,16649,2015,8,2,104.5,-9.5,"original",0,NA,NA,5185.03515625
"Rhincodon typus",-21.4,114.9,16651,2015,8,4,114.9,-21.4,"original",0,NA,NA,47.464786529541
"Rhincodon typus",-19.44306,116.92444,16661,2015,8,14,116.92444,-19.44306,"original",0,NA,NA,96.9508438110352
"Rhincodon typus",-21.90139,113.86611,16656,2015,8,9,113.86611,-21.90139,"original",0,NA,NA,402.422149658203
"Rhincodon typus",-21.74278,113.97611,16656,2015,8,9,113.97611,-21.74278,"original",0,NA,NA,165.018997192383
"Rhincodon typus",-19.60667,116.88361,16656,2015,8,9,116.88361,-19.60667,"original",0,NA,NA,61.2395553588867
"Rhincodon typus",-21.53722,114.20722,16656,2015,8,9,114.20722,-21.53722,"original",0,NA,NA,179.526351928711
"Rhincodon typus",-19.57056,117.41222,16657,2015,8,10,117.41222,-19.57056,"original",0,NA,NA,67.7271728515625
"Rhincodon typus",-20.15667,112.38139,16657,2015,8,10,112.38139,-20.15667,"original",0,NA,NA,1149.72973632812
"Rhincodon typus",-15.09083,115.29472,16668,2015,8,21,115.29472,-15.09083,"original",0,NA,NA,5696.87548828125
"Rhincodon typus",-12.55139,114.20528,16674,2015,8,27,114.20528,-12.55139,"original",0,NA,NA,4776.09716796875
"Rhincodon typus",-14.15222,115.60667,16669,2015,8,22,115.60667,-14.15222,"original",0,NA,NA,5694.17578125
"Rhincodon typus",-13.95111,121.81806,16671,2015,8,24,121.81806,-13.95111,"original",0,NA,NA,622.20947265625
"Rhincodon typus",-20.92806,114.35194,16657,2015,8,10,114.35194,-20.92806,"original",0,NA,NA,566.340026855469
"Rhincodon typus",-22,113.8,16648,2015,8,1,113.8,-22,"original",0,NA,NA,402.422149658203
"Rhincodon typus",-20.93194,114.34111,16657,2015,8,10,114.34111,-20.93194,"original",0,NA,NA,566.340026855469
"Rhincodon typus",-19.65056,115.86389,16671,2015,8,24,115.86389,-19.65056,"original",0,NA,NA,129.111267089844
"Rhincodon typus",-14.6525,114.22528,16652,2015,8,5,114.22528,-14.6525,"original",0,NA,NA,4159.97314453125
"Rhincodon typus",-19.67139,116.00889,16668,2015,8,21,116.00889,-19.67139,"original",0,NA,NA,97.5161437988281
"Rhincodon typus",-19.46417,116.96,16661,2015,8,14,116.96,-19.46417,"original",0,NA,NA,98.2734222412109
"Rhincodon typus",-19.59694,115.82167,16672,2015,8,25,115.82167,-19.59694,"original",0,NA,NA,129.111267089844
"Rhincodon typus",-16.3925,115.70417,16666,2015,8,19,115.70417,-16.3925,"original",0,NA,NA,5287.05712890625
"Rhincodon typus",-8.56278,112.03194,16677,2015,8,30,112.03194,-8.56278,"original",0,NA,NA,293.977661132812
"Rhincodon typus",-10.45167,112.46056,16673,2015,8,26,112.46056,-10.45167,"original",0,NA,NA,3965.83837890625
"Rhincodon typus",-19.55833,115.81278,16673,2015,8,26,115.81278,-19.55833,"original",0,NA,NA,247.218154907227
"Rhincodon typus",-16.03389,111.77639,16666,2015,8,19,111.77639,-16.03389,"original",0,NA,NA,4794.17724609375
"Rhincodon typus",-14.80194,115.38917,16668,2015,8,21,115.38917,-14.80194,"original",0,NA,NA,5671.5283203125
"Rhincodon typus",-19.69333,116.08028,16667,2015,8,20,116.08028,-19.69333,"original",0,NA,NA,97.5161437988281
"Rhincodon typus",-17.57833,118.36417,16658,2015,8,11,118.36417,-17.57833,"original",0,NA,NA,927.302307128906
"Rhincodon typus",-19.55889,117.01,16657,2015,8,10,117.01,-19.55889,"original",0,NA,NA,98.2734222412109
"Rhincodon typus",-19.28778,116.74194,16659,2015,8,12,116.74194,-19.28778,"original",0,NA,NA,184.240081787109
"Rhincodon typus",-21.88222,113.87,16656,2015,8,9,113.87,-21.88222,"original",0,NA,NA,402.422149658203
"Rhincodon typus",-14.12083,115.61389,16669,2015,8,22,115.61389,-14.12083,"original",0,NA,NA,5694.17578125
"Rhincodon typus",-19.73194,116.09806,16667,2015,8,20,116.09806,-19.73194,"original",0,NA,NA,97.5161437988281
"Rhincodon typus",-19.52833,116.69528,16671,2015,8,24,116.69528,-19.52833,"original",0,NA,NA,96.9508438110352
"Rhincodon typus",-19.68639,116.11444,16666,2015,8,19,116.11444,-19.68639,"original",0,NA,NA,97.5161437988281
"Rhincodon typus",-16.15056,115.66444,16669,2015,8,22,115.66444,-16.15056,"original",0,NA,NA,5698.05712890625
"Rhincodon typus",-15.94083,116.53694,16673,2015,8,26,116.53694,-15.94083,"original",0,NA,NA,5452.505859375
"Rhincodon typus",-19.52333,116.70333,16667,2015,8,20,116.70333,-19.52333,"original",0,NA,NA,96.9508438110352
"Rhincodon typus",-19.60917,115.99167,16655,2015,8,8,115.99167,-19.60917,"original",0,NA,NA,97.5161437988281
"Rhincodon typus",-19.77417,116.04917,16678,2015,8,31,116.04917,-19.77417,"original",0,NA,NA,97.5161437988281
"Rhincodon typus",-19.37667,117.38444,16658,2015,8,11,117.38444,-19.37667,"original",0,NA,NA,94.6437072753906
"Rhincodon typus",-12.36444,114.15472,16675,2015,8,28,114.15472,-12.36444,"original",0,NA,NA,4922.34521484375
"Rhincodon typus",-12.23722,113.96778,16676,2015,8,29,113.96778,-12.23722,"original",0,NA,NA,4673.939453125
"Rhincodon typus",-19.68167,115.73556,16653,2015,8,6,115.73556,-19.68167,"original",0,NA,NA,129.111267089844
"Rhincodon typus",-16.60361,112.50778,16673,2015,8,26,112.50778,-16.60361,"original",0,NA,NA,4232.6416015625
"Rhincodon typus",-12.97861,114.59861,16671,2015,8,24,114.59861,-12.97861,"original",0,NA,NA,5355.873046875
"Rhincodon typus",-12.49361,114.07917,16674,2015,8,27,114.07917,-12.49361,"original",0,NA,NA,4922.34521484375
"Rhincodon typus",-21.32722,114.84556,16648,2015,8,1,114.84556,-21.32722,"original",0,NA,NA,47.464786529541
"Rhincodon typus",-20.81472,114.3525,16657,2015,8,10,114.3525,-20.81472,"original",0,NA,NA,566.340026855469
"Rhincodon typus",-20.41306,114.49806,16658,2015,8,11,114.49806,-20.41306,"original",0,NA,NA,899.819152832031
"Rhincodon typus",-12.67139,114.24278,16673,2015,8,26,114.24278,-12.67139,"original",0,NA,NA,5377.7578125
"Rhincodon typus",-12.94611,114.4925,16672,2015,8,25,114.4925,-12.94611,"original",0,NA,NA,5355.873046875
"Rhincodon typus",-17.58722,114.71111,16659,2015,8,12,114.71111,-17.58722,"original",0,NA,NA,2316.142578125
"Rhincodon typus",-14.42972,115.55194,16669,2015,8,22,115.55194,-14.42972,"original",0,NA,NA,5731.32080078125
"Rhincodon typus",-16.27694,115.70583,16667,2015,8,20,115.70583,-16.27694,"original",0,NA,NA,5653.03759765625
"Rhincodon typus",-19.66528,115.87389,16671,2015,8,24,115.87389,-19.66528,"original",0,NA,NA,129.111267089844
"Rhincodon typus",-13.98139,121.85583,16668,2015,8,21,121.85583,-13.98139,"original",0,NA,NA,622.20947265625
"Rhincodon typus",-20.57333,114.38778,16658,2015,8,11,114.38778,-20.57333,"original",0,NA,NA,889.862182617188
"Rhincodon typus",-19.36806,116.20917,16655,2015,8,8,116.20917,-19.36806,"original",0,NA,NA,126.740203857422
"Rhincodon typus",-21.2075,114.85361,16649,2015,8,2,114.85361,-21.2075,"original",0,NA,NA,107.364326477051
"Rhincodon typus",-19.53694,116.47667,16678,2015,8,31,116.47667,-19.53694,"original",0,NA,NA,110.10767364502
"Rhincodon typus",-20.97972,115.08583,16649,2015,8,2,115.08583,-20.97972,"original",0,NA,NA,75.572151184082
"Rhincodon typus",-16.16722,112.18917,16665,2015,8,18,112.18917,-16.16722,"original",0,NA,NA,4127.23779296875
"Rhincodon typus",-20.41694,114.47722,16658,2015,8,11,114.47722,-20.41694,"original",0,NA,NA,899.819152832031
"Rhincodon typus",-19.40889,117.35806,16658,2015,8,11,117.35806,-19.40889,"original",0,NA,NA,94.6437072753906
"Rhincodon typus",-17.33528,115.75556,16660,2015,8,13,115.75556,-17.33528,"original",0,NA,NA,2842.90454101562
"Rhincodon typus",-19.09556,115.09639,16655,2015,8,8,115.09639,-19.09556,"original",0,NA,NA,1501.19738769531
"Rhincodon typus",-16.05472,116.03389,16671,2015,8,24,116.03389,-16.05472,"original",0,NA,NA,5530.74267578125
"Rhincodon typus",-19.5475,116.46722,16678,2015,8,31,116.46722,-19.5475,"original",0,NA,NA,110.10767364502
"Rhincodon typus",-20.63,114.37861,16658,2015,8,11,114.37861,-20.63,"original",0,NA,NA,889.862182617188
"Rhincodon typus",-21.37167,114.23139,16657,2015,8,10,114.23139,-21.37167,"original",0,NA,NA,179.526351928711
"Rhincodon typus",-19.76611,112.30472,16657,2015,8,10,112.30472,-19.76611,"original",0,NA,NA,1557.72827148438
"Rhincodon typus",-20.97028,114.33722,16657,2015,8,10,114.33722,-20.97028,"original",0,NA,NA,566.340026855469
"Rhincodon typus",-19.56556,116.72472,16664,2015,8,17,116.72472,-19.56556,"original",0,NA,NA,61.2395553588867
"Rhincodon typus",-15.30111,115.05194,16667,2015,8,20,115.05194,-15.30111,"original",0,NA,NA,5687.42822265625
"Rhincodon typus",-19.62472,115.95111,16671,2015,8,24,115.95111,-19.62472,"original",0,NA,NA,97.5161437988281
"Rhincodon typus",-19.77611,115.90528,16664,2015,8,17,115.90528,-19.77611,"original",0,NA,NA,129.111267089844
"Rhincodon typus",-16.04583,111.79167,16666,2015,8,19,111.79167,-16.04583,"original",0,NA,NA,4794.17724609375
"Rhincodon typus",-14.26472,115.61056,16669,2015,8,22,115.61056,-14.26472,"original",0,NA,NA,5694.17578125
"Rhincodon typus",-22.1,113.9,16655,2015,8,8,113.9,-22.1,"original",0,NA,NA,199.812454223633
"Rhincodon typus",-22.1,113.8,16655,2015,8,8,113.8,-22.1,"original",0,NA,NA,199.812454223633
"Rhincodon typus",-21.62472,114.18944,16656,2015,8,9,114.18944,-21.62472,"original",0,NA,NA,47.9186668395996
"Rhincodon typus",-21.36889,114.61694,16652,2015,8,5,114.61694,-21.36889,"original",0,NA,NA,106.52774810791
"Rhincodon typus",-13.09361,115.44194,16671,2015,8,24,115.44194,-13.09361,"original",0,NA,NA,5568.541015625
"Rhincodon typus",-13.98056,115.65278,16670,2015,8,23,115.65278,-13.98056,"original",0,NA,NA,5691.607421875
"Rhincodon typus",-19.68639,116.00361,16663,2015,8,16,116.00361,-19.68639,"original",0,NA,NA,97.5161437988281
"Rhincodon typus",-15.91,120.39111,16663,2015,8,16,120.39111,-15.91,"original",0,NA,NA,658.955139160156
"Rhincodon typus",-19.59528,115.81889,16672,2015,8,25,115.81889,-19.59528,"original",0,NA,NA,129.111267089844
"Rhincodon typus",-19.22778,117.24778,16675,2015,8,28,117.24778,-19.22778,"original",0,NA,NA,132.833831787109
"Rhincodon typus",-19.68917,115.76333,16652,2015,8,5,115.76333,-19.68917,"original",0,NA,NA,129.111267089844
"Rhincodon typus",-16.83528,115.16556,16651,2015,8,4,115.16556,-16.83528,"original",0,NA,NA,1763.19812011719
"Rhincodon typus",-19.61361,117.40806,16657,2015,8,10,117.40806,-19.61361,"original",0,NA,NA,67.7271728515625
"Rhincodon typus",-19.44222,116.92972,16660,2015,8,13,116.92972,-19.44222,"original",0,NA,NA,98.2734222412109
"Rhincodon typus",-14.69028,113.71944,16651,2015,8,4,113.71944,-14.69028,"original",0,NA,NA,4423.2578125
"Rhincodon typus",-21.60583,114.12111,16656,2015,8,9,114.12111,-21.60583,"original",0,NA,NA,165.018997192383
"Rhincodon typus",-12.40972,114.165,16674,2015,8,27,114.165,-12.40972,"original",0,NA,NA,4922.34521484375
"Rhincodon typus",-19.79528,115.97278,16669,2015,8,22,115.97278,-19.79528,"original",0,NA,NA,97.5161437988281
"Rhincodon typus",-17.57389,114.7175,16658,2015,8,11,114.7175,-17.57389,"original",0,NA,NA,2316.142578125
"Rhincodon typus",-19.93056,112.38167,16657,2015,8,10,112.38167,-19.93056,"original",0,NA,NA,1282.73706054688
"Rhincodon typus",-19.695,116.07833,16667,2015,8,20,116.07833,-19.695,"original",0,NA,NA,97.5161437988281
"Rhincodon typus",-19.66694,116.0375,16668,2015,8,21,116.0375,-19.66694,"original",0,NA,NA,97.5161437988281
"Rhincodon typus",-16.16778,115.675,16669,2015,8,22,115.675,-16.16778,"original",0,NA,NA,5698.05712890625
"Rhincodon typus",-21.495,114.21083,16656,2015,8,9,114.21083,-21.495,"original",0,NA,NA,179.526351928711
"Rhincodon typus",-19.59889,115.81611,16673,2015,8,26,115.81611,-19.59889,"original",0,NA,NA,129.111267089844
"Rhincodon typus",-19.77889,116.13806,16678,2015,8,31,116.13806,-19.77889,"original",0,NA,NA,97.5161437988281
"Rhincodon typus",-19.65556,115.855,16672,2015,8,25,115.855,-19.65556,"original",0,NA,NA,129.111267089844
"Rhincodon typus",-19.42972,116.90139,16660,2015,8,13,116.90139,-19.42972,"original",0,NA,NA,96.9508438110352
"Rhincodon typus",-19.57139,115.80583,16672,2015,8,25,115.80583,-19.57139,"original",0,NA,NA,129.111267089844
"Rhincodon typus",-15.87556,116.62361,16673,2015,8,26,116.62361,-15.87556,"original",0,NA,NA,5452.505859375
"Rhincodon typus",-14.7925,115.39306,16668,2015,8,21,115.39306,-14.7925,"original",0,NA,NA,5671.5283203125
"Rhincodon typus",-19.91278,113.52833,16653,2015,8,6,113.52833,-19.91278,"original",0,NA,NA,1027.63732910156
"Rhincodon typus",-15.03333,115.27028,16668,2015,8,21,115.27028,-15.03333,"original",0,NA,NA,5704.62060546875
"Rhincodon typus",-13.44972,115.67056,16671,2015,8,24,115.67056,-13.44972,"original",0,NA,NA,5634.783203125
"Rhincodon typus",-19.68833,115.72361,16652,2015,8,5,115.72361,-19.68833,"original",0,NA,NA,129.111267089844
"Rhincodon typus",-19.59917,115.81639,16673,2015,8,26,115.81639,-19.59917,"original",0,NA,NA,129.111267089844
"Rhincodon typus",-19.59694,115.80778,16672,2015,8,25,115.80778,-19.59694,"original",0,NA,NA,129.111267089844
"Rhincodon typus",-20.86444,114.35056,16657,2015,8,10,114.35056,-20.86444,"original",0,NA,NA,566.340026855469
"Rhincodon typus",-15.19806,113.91806,16651,2015,8,4,113.91806,-15.19806,"original",0,NA,NA,5218.8310546875
"Rhincodon typus",-19.43417,116.92694,16660,2015,8,13,116.92694,-19.43417,"original",0,NA,NA,98.2734222412109
"Rhincodon typus",-12.12167,114.0725,16675,2015,8,28,114.0725,-12.12167,"original",0,NA,NA,4673.939453125
"Rhincodon typus",-19.86528,112.34694,16657,2015,8,10,112.34694,-19.86528,"original",0,NA,NA,1282.73706054688
"Rhincodon typus",-19.64333,115.88556,16671,2015,8,24,115.88556,-19.64333,"original",0,NA,NA,129.111267089844
"Rhincodon typus",-19.61194,115.75611,16654,2015,8,7,115.75611,-19.61194,"original",0,NA,NA,129.111267089844
"Rhincodon typus",-21.50611,114.27639,16649,2015,8,2,114.27639,-21.50611,"original",0,NA,NA,179.526351928711
"Rhincodon typus",-19.36167,116.65472,16661,2015,8,14,116.65472,-19.36167,"original",0,NA,NA,110.10767364502
"Rhincodon typus",-19.53056,117.43139,16657,2015,8,10,117.43139,-19.53056,"original",0,NA,NA,80.7971954345703
"Rhincodon typus",-19.61583,112.17833,16657,2015,8,10,112.17833,-19.61583,"original",0,NA,NA,1785.81262207031
"Rhincodon typus",-12.97778,114.60778,16672,2015,8,25,114.60778,-12.97778,"original",0,NA,NA,5355.873046875
"Rhincodon typus",-15.05056,113.80139,16651,2015,8,4,113.80139,-15.05056,"original",0,NA,NA,4798.115234375
"Rhincodon typus",-21.00583,115.06722,16649,2015,8,2,115.06722,-21.00583,"original",0,NA,NA,75.572151184082
"Rhincodon typus",-12.97083,114.46111,16672,2015,8,25,114.46111,-12.97083,"original",0,NA,NA,5355.873046875
"Rhincodon typus",-13.64111,115.72389,16670,2015,8,23,115.72389,-13.64111,"original",0,NA,NA,5664.74755859375
"Rhincodon typus",-21.25639,114.24611,16657,2015,8,10,114.24611,-21.25639,"original",0,NA,NA,318.807708740234
"Rhincodon typus",-22.30944,113.34556,16655,2015,8,8,113.34556,-22.30944,"original",0,NA,NA,1168.185546875
"Rhincodon typus",-12.43889,114.16556,16674,2015,8,27,114.16556,-12.43889,"original",0,NA,NA,4922.34521484375
"Rhincodon typus",-19.59111,115.80056,16673,2015,8,26,115.80056,-19.59111,"original",0,NA,NA,129.111267089844
"Rhincodon typus",-19.58306,116.44194,16678,2015,8,31,116.44194,-19.58306,"original",0,NA,NA,61.369384765625
"Rhincodon typus",-19.65056,115.87639,16671,2015,8,24,115.87639,-19.65056,"original",0,NA,NA,129.111267089844
"Rhincodon typus",-14.33,115.62444,16669,2015,8,22,115.62444,-14.33,"original",0,NA,NA,5731.32080078125
"Rhincodon typus",-20.13056,113.50139,16651,2015,8,4,113.50139,-20.13056,"original",0,NA,NA,1052.9609375
"Rhincodon typus",-15.64528,114.095,16651,2015,8,4,114.095,-15.64528,"original",0,NA,NA,5390.71875
"Rhincodon typus",-20.85333,114.40722,16651,2015,8,4,114.40722,-20.85333,"original",0,NA,NA,566.340026855469
"Rhincodon typus",-15.93306,116.55833,16674,2015,8,27,116.55833,-15.93306,"original",0,NA,NA,5452.505859375
"Rhincodon typus",-19.24889,115.49444,16652,2015,8,5,115.49444,-19.24889,"original",0,NA,NA,758.101318359375
"Rhincodon typus",-20.37583,114.47778,16658,2015,8,11,114.47778,-20.37583,"original",0,NA,NA,899.819152832031
"Rhincodon typus",-16.13778,115.67278,16669,2015,8,22,115.67278,-16.13778,"original",0,NA,NA,5698.05712890625
"Rhincodon typus",-15.1475,115.75389,16654,2015,8,7,115.75389,-15.1475,"original",0,NA,NA,5766.0078125
"Rhincodon typus",-19.58056,117.0075,16657,2015,8,10,117.0075,-19.58056,"original",0,NA,NA,71.1891403198242
"Rhincodon typus",-22.1,113.9,16648,2015,8,1,113.9,-22.1,"original",0,NA,NA,199.812454223633
"Rhincodon typus",-19.59861,116.55278,16669,2015,8,22,116.55278,-19.59861,"original",0,NA,NA,61.369384765625
"Rhincodon typus",-16.92056,115.79,16662,2015,8,15,115.79,-16.92056,"original",0,NA,NA,3540.99194335938
"Rhincodon typus",-16.59389,112.50833,16673,2015,8,26,112.50833,-16.59389,"original",0,NA,NA,4232.6416015625
"Rhincodon typus",-15.87444,116.13889,16672,2015,8,25,116.13889,-15.87444,"original",0,NA,NA,5530.74267578125
"Rhincodon typus",-19.60694,115.81778,16673,2015,8,26,115.81778,-19.60694,"original",0,NA,NA,129.111267089844
"Rhincodon typus",-19.5625,116.91944,16656,2015,8,9,116.91944,-19.5625,"original",0,NA,NA,61.2395553588867
"Rhincodon typus",-10.66722,112.66583,16673,2015,8,26,112.66583,-10.66722,"original",0,NA,NA,5386.87548828125
"Rhincodon typus",-21.61444,114.14972,16652,2015,8,5,114.14972,-21.61444,"original",0,NA,NA,165.018997192383
"Rhincodon typus",-17.60778,114.62111,16660,2015,8,13,114.62111,-17.60778,"original",0,NA,NA,2017.26550292969
"Rhincodon typus",-12.35167,114.15722,16675,2015,8,28,114.15722,-12.35167,"original",0,NA,NA,4922.34521484375
"Rhincodon typus",-19.57528,115.79306,16672,2015,8,25,115.79306,-19.57528,"original",0,NA,NA,129.111267089844
"Rhincodon typus",-12.66694,114.21639,16673,2015,8,26,114.21639,-12.66694,"original",0,NA,NA,5377.7578125
"Rhincodon typus",-19.74528,116.12028,16667,2015,8,20,116.12028,-19.74528,"original",0,NA,NA,97.5161437988281
"Rhincodon typus",-17.51306,114.36361,16660,2015,8,13,114.36361,-17.51306,"original",0,NA,NA,2512.4638671875
"Rhincodon typus",-19.68111,115.99194,16669,2015,8,22,115.99194,-19.68111,"original",0,NA,NA,97.5161437988281
"Rhincodon typus",-19.61333,116.45333,16678,2015,8,31,116.45333,-19.61333,"original",0,NA,NA,61.369384765625
"Rhincodon typus",-15.94028,116.5275,16673,2015,8,26,116.5275,-15.94028,"original",0,NA,NA,5452.505859375
"Rhincodon typus",-19.38361,116.68194,16661,2015,8,14,116.68194,-19.38361,"original",0,NA,NA,96.9508438110352
"Rhincodon typus",-19.59889,115.80667,16673,2015,8,26,115.80667,-19.59889,"original",0,NA,NA,129.111267089844
"Rhincodon typus",-20.23667,115.68444,16652,2015,8,5,115.68444,-20.23667,"original",0,NA,NA,56.708625793457
"Rhincodon typus",-12.42444,114.19944,16674,2015,8,27,114.19944,-12.42444,"original",0,NA,NA,4776.09716796875
"Rhincodon typus",-15.52306,114.31417,16652,2015,8,5,114.31417,-15.52306,"original",0,NA,NA,5539.86962890625
"Rhincodon typus",-19.00333,115.46222,16655,2015,8,8,115.46222,-19.00333,"original",0,NA,NA,1178.044921875
"Rhincodon typus",-19.53972,116.74417,16665,2015,8,18,116.74417,-19.53972,"original",0,NA,NA,96.9508438110352
"Rhincodon typus",-14.48389,115.51028,16669,2015,8,22,115.51028,-14.48389,"original",0,NA,NA,5731.32080078125
"Rhincodon typus",-19.58667,115.46556,16656,2015,8,9,115.46556,-19.58667,"original",0,NA,NA,191.654800415039
"Rhincodon typus",-19.68778,117.19722,16665,2015,8,18,117.19722,-19.68778,"original",0,NA,NA,67.7271728515625
"Rhincodon typus",-14.165,115.60444,16669,2015,8,22,115.60444,-14.165,"original",0,NA,NA,5694.17578125
"Rhincodon typus",-17.5475,114.7125,16658,2015,8,11,114.7125,-17.5475,"original",0,NA,NA,2764.90576171875
"Rhincodon typus",-20.85889,114.455,16651,2015,8,4,114.455,-20.85889,"original",0,NA,NA,376.115173339844
"Rhincodon typus",-19.6275,115.84806,16672,2015,8,25,115.84806,-19.6275,"original",0,NA,NA,129.111267089844
"Rhincodon typus",-20.53,114.41167,16658,2015,8,11,114.41167,-20.53,"original",0,NA,NA,1079.642578125
"Rhincodon typus",-12.39083,113.99361,16678,2015,8,31,113.99361,-12.39083,"original",0,NA,NA,4922.34521484375
"Rhincodon typus",-16.00361,114.95417,16666,2015,8,19,114.95417,-16.00361,"original",0,NA,NA,5594.845703125
"Rhincodon typus",-15.08639,115.28972,16668,2015,8,21,115.28972,-15.08639,"original",0,NA,NA,5696.87548828125
"Rhincodon typus",-22,113.9,16656,2015,8,9,113.9,-22,"original",0,NA,NA,402.422149658203
"Rhincodon typus",-20.97306,114.32833,16657,2015,8,10,114.32833,-20.97306,"original",0,NA,NA,566.340026855469
"Rhincodon typus",-19.69306,116.00472,16663,2015,8,16,116.00472,-19.69306,"original",0,NA,NA,97.5161437988281
"Rhincodon typus",-12.14278,114.08528,16675,2015,8,28,114.08528,-12.14278,"original",0,NA,NA,4673.939453125
"Rhincodon typus",-8.56417,112.03278,16677,2015,8,30,112.03278,-8.56417,"original",0,NA,NA,293.977661132812
"Rhincodon typus",-17.60306,114.61278,16660,2015,8,13,114.61278,-17.60306,"original",0,NA,NA,2017.26550292969
"Rhincodon typus",-19.36528,116.23528,16655,2015,8,8,116.23528,-19.36528,"original",0,NA,NA,126.740203857422
"Rhincodon typus",-19.63833,116.06694,16666,2015,8,19,116.06694,-19.63833,"original",0,NA,NA,97.5161437988281
"Rhincodon typus",-15.18472,113.95722,16652,2015,8,5,113.95722,-15.18472,"original",0,NA,NA,4442.86083984375
"Rhincodon typus",-19.435,116.95889,16661,2015,8,14,116.95889,-19.435,"original",0,NA,NA,98.2734222412109
"Rhincodon typus",-16.02139,116.20444,16673,2015,8,26,116.20444,-16.02139,"original",0,NA,NA,5497.70947265625
"Rhincodon typus",-8.62694,111.69833,16677,2015,8,30,111.69833,-8.62694,"original",0,NA,NA,812.770935058594
"Rhincodon typus",-16.15083,112.19389,16666,2015,8,19,112.19389,-16.15083,"original",0,NA,NA,4127.23779296875
"Rhincodon typus",-21.55917,114.43583,16652,2015,8,5,114.43583,-21.55917,"original",0,NA,NA,25.3569469451904
"Rhincodon typus",-19.62111,115.32972,16669,2015,8,22,115.32972,-19.62111,"original",0,NA,NA,651.908813476562
"Rhincodon typus",-19.33389,116.20111,16655,2015,8,8,116.20111,-19.33389,"original",0,NA,NA,126.740203857422
"Rhincodon typus",-15.9775,116.52194,16673,2015,8,26,116.52194,-15.9775,"original",0,NA,NA,5452.505859375
"Rhincodon typus",-19.6825,116.84833,16666,2015,8,19,116.84833,-19.6825,"original",0,NA,NA,61.2395553588867
"Rhincodon typus",-12.11611,114.06028,16675,2015,8,28,114.06028,-12.11611,"original",0,NA,NA,4673.939453125
"Rhincodon typus",-19.67361,115.93639,16666,2015,8,19,115.93639,-19.67361,"original",0,NA,NA,97.5161437988281
"Rhincodon typus",-10.72167,112.75444,16672,2015,8,25,112.75444,-10.72167,"original",0,NA,NA,5464.25048828125
"Rhincodon typus",-19.1475,115.52056,16652,2015,8,5,115.52056,-19.1475,"original",0,NA,NA,758.101318359375
"Rhincodon typus",-19.50833,115.86556,16658,2015,8,11,115.86556,-19.50833,"original",0,NA,NA,247.218154907227
"Rhincodon typus",-19.58778,116.89444,16656,2015,8,9,116.89444,-19.58778,"original",0,NA,NA,61.2395553588867
"Rhincodon typus",-17.48278,114.30528,16660,2015,8,13,114.30528,-17.48278,"original",0,NA,NA,2512.4638671875
"Rhincodon typus",-21.56556,114.25694,16649,2015,8,2,114.25694,-21.56556,"original",0,NA,NA,47.9186668395996
"Rhincodon typus",-19.79389,115.89,16664,2015,8,17,115.89,-19.79389,"original",0,NA,NA,129.111267089844
"Rhincodon typus",-19.08278,115.54083,16652,2015,8,5,115.54083,-19.08278,"original",0,NA,NA,758.101318359375
"Rhincodon typus",-20.44917,114.23194,16654,2015,8,7,114.23194,-20.44917,"original",0,NA,NA,1079.642578125
"Rhincodon typus",-19.59889,115.81639,16673,2015,8,26,115.81639,-19.59889,"original",0,NA,NA,129.111267089844
"Rhincodon typus",-18.08722,112.43806,16674,2015,8,27,112.43806,-18.08722,"original",0,NA,NA,3672.390625
"Rhincodon typus",-13.63278,115.71222,16670,2015,8,23,115.71222,-13.63278,"original",0,NA,NA,5664.74755859375
"Rhincodon typus",-19.46944,116.895,16663,2015,8,16,116.895,-19.46944,"original",0,NA,NA,96.9508438110352
"Rhincodon typus",-12.38583,114.01833,16677,2015,8,30,114.01833,-12.38583,"original",0,NA,NA,4922.34521484375
"Rhincodon typus",-21.91639,113.8675,16656,2015,8,9,113.8675,-21.91639,"original",0,NA,NA,402.422149658203
"Rhincodon typus",-20.97278,114.33528,16657,2015,8,10,114.33528,-20.97278,"original",0,NA,NA,566.340026855469
"Rhincodon typus",-16.37444,112.67833,16664,2015,8,17,112.67833,-16.37444,"original",0,NA,NA,3541.13232421875
"Rhincodon typus",-16.16056,112.27306,16665,2015,8,18,112.27306,-16.16056,"original",0,NA,NA,4127.23779296875
"Rhincodon typus",-21.61389,114.13944,16652,2015,8,5,114.13944,-21.61389,"original",0,NA,NA,165.018997192383
"Rhincodon typus",-19.95194,112.36472,16657,2015,8,10,112.36472,-19.95194,"original",0,NA,NA,1282.73706054688
"Rhincodon typus",-19.64889,115.93306,16662,2015,8,15,115.93306,-19.64889,"original",0,NA,NA,97.5161437988281
"Rhincodon typus",-21.0075,115.10167,16649,2015,8,2,115.10167,-21.0075,"original",0,NA,NA,75.572151184082
"Rhincodon typus",-15.05528,115.30083,16668,2015,8,21,115.30083,-15.05528,"original",0,NA,NA,5704.62060546875
"Rhincodon typus",-21.03194,115.07778,16649,2015,8,2,115.07778,-21.03194,"original",0,NA,NA,75.572151184082
"Rhincodon typus",-21.50889,113.92389,16648,2015,8,1,113.92389,-21.50889,"original",0,NA,NA,840.638427734375
"Rhincodon typus",-19.76361,116.14056,16667,2015,8,20,116.14056,-19.76361,"original",0,NA,NA,97.5161437988281
"Rhincodon typus",-17.36889,115.75528,16659,2015,8,12,115.75528,-17.36889,"original",0,NA,NA,2842.90454101562
"Rhincodon typus",-12.40194,113.99306,16678,2015,8,31,113.99306,-12.40194,"original",0,NA,NA,4922.34521484375
"Rhincodon typus",-16.90139,114.01694,16664,2015,8,17,114.01694,-16.90139,"original",0,NA,NA,2839.98315429688
"Rhincodon typus",-19.58028,117.00722,16657,2015,8,10,117.00722,-19.58028,"original",0,NA,NA,71.1891403198242
"Rhincodon typus",-19.41194,116.90778,16659,2015,8,12,116.90778,-19.41194,"original",0,NA,NA,96.9508438110352
"Rhincodon typus",-19.54639,116.69917,16668,2015,8,21,116.69917,-19.54639,"original",0,NA,NA,96.9508438110352
"Rhincodon typus",-8.55944,112.03889,16677,2015,8,30,112.03889,-8.55944,"original",0,NA,NA,293.977661132812
"Rhincodon typus",-10.76,112.76806,16672,2015,8,25,112.76806,-10.76,"original",0,NA,NA,5464.25048828125
"Rhincodon typus",-21.09167,114.29333,16657,2015,8,10,114.29333,-21.09167,"original",0,NA,NA,318.807708740234
"Rhincodon typus",-15.07278,115.65111,16653,2015,8,6,115.65111,-15.07278,"original",0,NA,NA,5748.79248046875
"Rhincodon typus",-19.74056,116.01972,16663,2015,8,16,116.01972,-19.74056,"original",0,NA,NA,97.5161437988281
"Rhincodon typus",-12.51944,114.13389,16674,2015,8,27,114.13389,-12.51944,"original",0,NA,NA,4922.34521484375
"Rhincodon typus",-19.93417,115.36056,16654,2015,8,7,115.36056,-19.93417,"original",0,NA,NA,183.113204956055
"Rhincodon typus",-14.51444,115.41444,16669,2015,8,22,115.41444,-14.51444,"original",0,NA,NA,5690.4453125
"Rhincodon typus",-12.97056,114.46028,16672,2015,8,25,114.46028,-12.97056,"original",0,NA,NA,5355.873046875
"Rhincodon typus",-19.74222,116.09639,16667,2015,8,20,116.09639,-19.74222,"original",0,NA,NA,97.5161437988281
"Rhincodon typus",-8.56528,112.04139,16677,2015,8,30,112.04139,-8.56528,"original",0,NA,NA,293.977661132812
"Rhincodon typus",-12.95444,114.03944,16673,2015,8,26,114.03944,-12.95444,"original",0,NA,NA,5350.310546875
"Rhincodon typus",-19.73917,116.08583,16667,2015,8,20,116.08583,-19.73917,"original",0,NA,NA,97.5161437988281
"Rhincodon typus",-17.52694,114.72694,16658,2015,8,11,114.72694,-17.52694,"original",0,NA,NA,2764.90576171875
"Rhincodon typus",-17.61056,114.61611,16660,2015,8,13,114.61611,-17.61056,"original",0,NA,NA,2017.26550292969
"Rhincodon typus",-19.80278,115.88361,16652,2015,8,5,115.88361,-19.80278,"original",0,NA,NA,129.111267089844
"Rhincodon typus",-19.63667,115.85278,16672,2015,8,25,115.85278,-19.63667,"original",0,NA,NA,129.111267089844
"Rhincodon typus",-19.80917,116.0125,16664,2015,8,17,116.0125,-19.80917,"original",0,NA,NA,67.1006622314453
"Rhincodon typus",-16.2075,115.70778,16668,2015,8,21,115.70778,-16.2075,"original",0,NA,NA,5653.03759765625
"Rhincodon typus",-14.78806,115.38611,16668,2015,8,21,115.38611,-14.78806,"original",0,NA,NA,5671.5283203125
"Rhincodon typus",-13.29056,115.51306,16671,2015,8,24,115.51306,-13.29056,"original",0,NA,NA,5568.541015625
"Rhincodon typus",-19.46639,116.94667,16660,2015,8,13,116.94667,-19.46639,"original",0,NA,NA,98.2734222412109
"Rhincodon typus",-14.17944,115.5825,16669,2015,8,22,115.5825,-14.17944,"original",0,NA,NA,5694.17578125
"Rhincodon typus",-16.20917,115.70222,16668,2015,8,21,115.70222,-16.20917,"original",0,NA,NA,5653.03759765625
"Rhincodon typus",-19.39417,116.78694,16660,2015,8,13,116.78694,-19.39417,"original",0,NA,NA,96.9508438110352
"Rhincodon typus",-12.47167,114.08528,16674,2015,8,27,114.08528,-12.47167,"original",0,NA,NA,4922.34521484375
"Rhincodon typus",-12.97083,114.45806,16673,2015,8,26,114.45806,-12.97083,"original",0,NA,NA,5355.873046875
"Rhincodon typus",-21.16639,114.26667,16657,2015,8,10,114.26667,-21.16639,"original",0,NA,NA,318.807708740234
"Rhincodon typus",-20.97972,115.0775,16649,2015,8,2,115.0775,-20.97972,"original",0,NA,NA,75.572151184082
"Rhincodon typus",-12.40806,114.02306,16678,2015,8,31,114.02306,-12.40806,"original",0,NA,NA,4922.34521484375
"Rhincodon typus",-19.4375,116.55083,16666,2015,8,19,116.55083,-19.4375,"original",0,NA,NA,110.10767364502
"Rhincodon typus",-15.87389,120.27694,16663,2015,8,16,120.27694,-15.87389,"original",0,NA,NA,658.955139160156
"Rhincodon typus",-20.57806,114.39528,16658,2015,8,11,114.39528,-20.57806,"original",0,NA,NA,889.862182617188
"Rhincodon typus",-18.20194,114.90556,16660,2015,8,13,114.90556,-18.20194,"original",0,NA,NA,1928.6220703125
"Rhincodon typus",-18.07361,112.4225,16674,2015,8,27,112.4225,-18.07361,"original",0,NA,NA,4627.3408203125
"Rhincodon typus",-19.665,115.8575,16671,2015,8,24,115.8575,-19.665,"original",0,NA,NA,129.111267089844
"Rhincodon typus",-17.49417,114.32083,16660,2015,8,13,114.32083,-17.49417,"original",0,NA,NA,2512.4638671875
"Rhincodon typus",-13.18472,115.32472,16671,2015,8,24,115.32472,-13.18472,"original",0,NA,NA,5538.62353515625
"Rhincodon typus",-19.46306,116.89472,16658,2015,8,11,116.89472,-19.46306,"original",0,NA,NA,96.9508438110352
"Rhincodon typus",-16.665,112.46833,16673,2015,8,26,112.46833,-16.665,"original",0,NA,NA,4232.6416015625
"Rhincodon typus",-13.28889,115.485,16671,2015,8,24,115.485,-13.28889,"original",0,NA,NA,5568.541015625
"Rhincodon typus",-15.32389,115.20139,16667,2015,8,20,115.20139,-15.32389,"original",0,NA,NA,5690.4658203125
"Rhincodon typus",-13.62222,115.71306,16670,2015,8,23,115.71306,-13.62222,"original",0,NA,NA,5664.74755859375
"Rhincodon typus",-21.03194,115.0525,16649,2015,8,2,115.0525,-21.03194,"original",0,NA,NA,75.572151184082
"Rhincodon typus",-12.44333,114.18611,16674,2015,8,27,114.18611,-12.44333,"original",0,NA,NA,4776.09716796875
"Rhincodon typus",-8.56056,112.04472,16677,2015,8,30,112.04472,-8.56056,"original",0,NA,NA,293.977661132812
"Rhincodon typus",-21.72472,113.97056,16653,2015,8,6,113.97056,-21.72472,"original",0,NA,NA,165.018997192383
"Rhincodon typus",-15.06167,115.29778,16668,2015,8,21,115.29778,-15.06167,"original",0,NA,NA,5704.62060546875
"Rhincodon typus",-19.62667,116.56972,16670,2015,8,23,116.56972,-19.62667,"original",0,NA,NA,61.369384765625
"Rhincodon typus",-21.57167,114.25333,16652,2015,8,5,114.25333,-21.57167,"original",0,NA,NA,47.9186668395996
"Rhincodon typus",-16.20583,115.7025,16668,2015,8,21,115.7025,-16.20583,"original",0,NA,NA,5653.03759765625
"Rhincodon typus",-10.52417,112.45972,16673,2015,8,26,112.45972,-10.52417,"original",0,NA,NA,3965.83837890625
"Rhincodon typus",-16.28528,115.69417,16667,2015,8,20,115.69417,-16.28528,"original",0,NA,NA,5653.03759765625
"Rhincodon typus",-19.64194,114.78056,16660,2015,8,13,114.78056,-19.64194,"original",0,NA,NA,1375.58483886719
"Rhincodon typus",-19.54806,116.77556,16665,2015,8,18,116.77556,-19.54806,"original",0,NA,NA,96.9508438110352
"Rhincodon typus",-19.40056,116.7625,16660,2015,8,13,116.7625,-19.40056,"original",0,NA,NA,96.9508438110352
"Rhincodon typus",-12.38778,114.00361,16678,2015,8,31,114.00361,-12.38778,"original",0,NA,NA,4922.34521484375
"Rhincodon typus",-22.24861,113.36,16655,2015,8,8,113.36,-22.24861,"original",0,NA,NA,1362.18005371094
"Rhincodon typus",-12.38167,113.93472,16677,2015,8,30,113.93472,-12.38167,"original",0,NA,NA,4922.34521484375
"Rhincodon typus",-20.67417,114.38194,16658,2015,8,11,114.38194,-20.67417,"original",0,NA,NA,889.862182617188
"Rhincodon typus",-15.50222,115.1025,16667,2015,8,20,115.1025,-15.50222,"original",0,NA,NA,5680.88720703125
"Rhincodon typus",-19.75944,116.03528,16677,2015,8,30,116.03528,-19.75944,"original",0,NA,NA,97.5161437988281
"Rhincodon typus",-17.74833,112.43917,16672,2015,8,25,112.43917,-17.74833,"original",0,NA,NA,4465.7880859375
"Rhincodon typus",-21.26361,114.23056,16657,2015,8,10,114.23056,-21.26361,"original",0,NA,NA,318.807708740234
"Rhincodon typus",-14.51639,115.48056,16669,2015,8,22,115.48056,-14.51639,"original",0,NA,NA,5731.32080078125
"Rhincodon typus",-15.30806,115.20333,16667,2015,8,20,115.20333,-15.30806,"original",0,NA,NA,5696.87548828125
"Rhincodon typus",-14.19694,115.59611,16669,2015,8,22,115.59611,-14.19694,"original",0,NA,NA,5694.17578125
"Rhincodon typus",-15.80361,114.6775,16651,2015,8,4,114.6775,-15.80361,"original",0,NA,NA,5599.80419921875
"Rhincodon typus",-21.58972,114.20889,16652,2015,8,5,114.20889,-21.58972,"original",0,NA,NA,47.9186668395996
"Rhincodon typus",-21.02944,115.05361,16649,2015,8,2,115.05361,-21.02944,"original",0,NA,NA,75.572151184082
"Rhincodon typus",-20.3925,114.48056,16658,2015,8,11,114.48056,-20.3925,"original",0,NA,NA,899.819152832031
"Rhincodon typus",-17.75833,112.44417,16672,2015,8,25,112.44417,-17.75833,"original",0,NA,NA,4465.7880859375
"Rhincodon typus",-13.11111,115.15417,16671,2015,8,24,115.15417,-13.11111,"original",0,NA,NA,5585.92578125
"Rhincodon typus",-19.56583,114.81167,16660,2015,8,13,114.81167,-19.56583,"original",0,NA,NA,1375.58483886719
"Rhincodon typus",-14.89833,115.37889,16668,2015,8,21,115.37889,-14.89833,"original",0,NA,NA,5704.62060546875
"Rhincodon typus",-12.3975,114.00306,16677,2015,8,30,114.00306,-12.3975,"original",0,NA,NA,4922.34521484375
"Rhincodon typus",-13.79639,115.73972,16670,2015,8,23,115.73972,-13.79639,"original",0,NA,NA,5664.74755859375
"Rhincodon typus",-21.34222,114.81639,16648,2015,8,1,114.81639,-21.34222,"original",0,NA,NA,47.464786529541
"Rhincodon typus",-16.28361,115.69917,16667,2015,8,20,115.69917,-16.28361,"original",0,NA,NA,5653.03759765625
"Rhincodon typus",-14.25667,115.59889,16669,2015,8,22,115.59889,-14.25667,"original",0,NA,NA,5694.17578125
"Rhincodon typus",-19.3625,114.9075,16660,2015,8,13,114.9075,-19.3625,"original",0,NA,NA,1462.92004394531
"Rhincodon typus",-14.85444,115.425,16668,2015,8,21,115.425,-14.85444,"original",0,NA,NA,5704.62060546875
"Rhincodon typus",-19.60389,115.82278,16673,2015,8,26,115.82278,-19.60389,"original",0,NA,NA,129.111267089844
"Rhincodon typus",-21.54028,114.26361,16649,2015,8,2,114.26361,-21.54028,"original",0,NA,NA,179.526351928711
"Rhincodon typus",-14,121.82806,16668,2015,8,21,121.82806,-14,"original",0,NA,NA,622.20947265625
"Rhincodon typus",-16.47139,115.68861,16665,2015,8,18,115.68861,-16.47139,"original",0,NA,NA,5287.05712890625
"Rhincodon typus",-16.47083,115.71194,16665,2015,8,18,115.71194,-16.47083,"original",0,NA,NA,5287.05712890625
"Rhincodon typus",-12.43333,114.12444,16674,2015,8,27,114.12444,-12.43333,"original",0,NA,NA,4922.34521484375
"Rhincodon typus",-14.99833,121.04083,16665,2015,8,18,121.04083,-14.99833,"original",0,NA,NA,619.255432128906
"Rhincodon typus",-14.10333,122.03889,16669,2015,8,22,122.03889,-14.10333,"original",0,NA,NA,339.952423095703
"Rhincodon typus",-18.11694,112.31917,16675,2015,8,28,112.31917,-18.11694,"original",0,NA,NA,4627.3408203125
"Rhincodon typus",-21.81167,113.91056,16656,2015,8,9,113.91056,-21.81167,"original",0,NA,NA,402.422149658203
"Rhincodon typus",-21.00111,115.10361,16649,2015,8,2,115.10361,-21.00111,"original",0,NA,NA,75.572151184082
"Rhincodon typus",-14.23056,115.6025,16669,2015,8,22,115.6025,-14.23056,"original",0,NA,NA,5694.17578125
"Rhincodon typus",-15.03361,115.31472,16668,2015,8,21,115.31472,-15.03361,"original",0,NA,NA,5704.62060546875
"Rhincodon typus",-19.77667,115.90611,16664,2015,8,17,115.90611,-19.77667,"original",0,NA,NA,129.111267089844
"Rhincodon typus",-17.49,114.70472,16659,2015,8,12,114.70472,-17.49,"original",0,NA,NA,2764.90576171875
"Rhincodon typus",-18.96389,114.44361,16661,2015,8,14,114.44361,-18.96389,"original",0,NA,NA,1578.68676757812
"Rhincodon typus",-12.41111,114.16583,16674,2015,8,27,114.16583,-12.41111,"original",0,NA,NA,4922.34521484375
"Rhincodon typus",-15.35472,115.16806,16667,2015,8,20,115.16806,-15.35472,"original",0,NA,NA,5680.88720703125
"Rhincodon typus",-19.76139,116.03722,16677,2015,8,30,116.03722,-19.76139,"original",0,NA,NA,97.5161437988281
"Rhincodon typus",-19.99306,113.52583,16652,2015,8,5,113.52583,-19.99306,"original",0,NA,NA,1027.63732910156
"Rhincodon typus",-19.99528,114.62306,16659,2015,8,12,114.62306,-19.99528,"original",0,NA,NA,1276.92736816406
"Rhincodon typus",-19.75944,116.07889,16667,2015,8,20,116.07889,-19.75944,"original",0,NA,NA,97.5161437988281
"Rhincodon typus",-19.805,115.89278,16652,2015,8,5,115.89278,-19.805,"original",0,NA,NA,129.111267089844
"Rhincodon typus",-14.43278,115.55139,16669,2015,8,22,115.55139,-14.43278,"original",0,NA,NA,5731.32080078125
"Rhincodon typus",-12.46167,114.13639,16674,2015,8,27,114.13639,-12.46167,"original",0,NA,NA,4922.34521484375
"Rhincodon typus",-16.24917,112.61889,16674,2015,8,27,112.61889,-16.24917,"original",0,NA,NA,3299.6201171875
"Rhincodon typus",-22.01778,113.80056,16653,2015,8,6,113.80056,-22.01778,"original",0,NA,NA,402.422149658203
"Rhincodon typus",-14.51639,115.48306,16669,2015,8,22,115.48306,-14.51639,"original",0,NA,NA,5731.32080078125
"Rhincodon typus",-19.65556,115.85806,16672,2015,8,25,115.85806,-19.65556,"original",0,NA,NA,129.111267089844
"Rhincodon typus",-19.55556,116.73917,16664,2015,8,17,116.73917,-19.55556,"original",0,NA,NA,96.9508438110352
"Rhincodon typus",-19.45361,116.92556,16662,2015,8,15,116.92556,-19.45361,"original",0,NA,NA,98.2734222412109
"Rhincodon typus",-21.87639,113.88639,16656,2015,8,9,113.88639,-21.87639,"original",0,NA,NA,402.422149658203
"Rhincodon typus",-10.68417,112.73111,16672,2015,8,25,112.73111,-10.68417,"original",0,NA,NA,5464.25048828125
"Rhincodon typus",-12.3025,114.13944,16675,2015,8,28,114.13944,-12.3025,"original",0,NA,NA,4673.939453125
"Rhincodon typus",-19.63389,112.24806,16657,2015,8,10,112.24806,-19.63389,"original",0,NA,NA,1557.72827148438
"Rhincodon typus",-19.66333,115.85472,16672,2015,8,25,115.85472,-19.66333,"original",0,NA,NA,129.111267089844
"Rhincodon typus",-17.59167,114.65,16659,2015,8,12,114.65,-17.59167,"original",0,NA,NA,2017.26550292969
"Rhincodon typus",-19.64194,115.88417,16671,2015,8,24,115.88417,-19.64194,"original",0,NA,NA,129.111267089844
"Rhincodon typus",-19.71333,112.28583,16657,2015,8,10,112.28583,-19.71333,"original",0,NA,NA,1557.72827148438
"Rhincodon typus",-19.65528,115.92806,16662,2015,8,15,115.92806,-19.65528,"original",0,NA,NA,97.5161437988281
"Rhincodon typus",-19.55528,116.73917,16664,2015,8,17,116.73917,-19.55528,"original",0,NA,NA,96.9508438110352
"Rhincodon typus",-12.38639,114.01944,16677,2015,8,30,114.01944,-12.38639,"original",0,NA,NA,4922.34521484375
"Rhincodon typus",-18.63639,115.64667,16656,2015,8,9,115.64667,-18.63639,"original",0,NA,NA,1483.72937011719
"Rhincodon typus",-21.515,114.44861,16648,2015,8,1,114.44861,-21.515,"original",0,NA,NA,106.52774810791
"Rhincodon typus",-19.75417,116.04222,16677,2015,8,30,116.04222,-19.75417,"original",0,NA,NA,97.5161437988281
"Rhincodon typus",-18.95056,112.91778,16669,2015,8,22,112.91778,-18.95056,"original",0,NA,NA,2000.4521484375
"Rhincodon typus",-14.66583,115.40083,16668,2015,8,21,115.40083,-14.66583,"original",0,NA,NA,5671.5283203125
"Rhincodon typus",-17.58389,118.36944,16658,2015,8,11,118.36944,-17.58389,"original",0,NA,NA,927.302307128906
"Rhincodon typus",-19.80556,115.89611,16652,2015,8,5,115.89611,-19.80556,"original",0,NA,NA,129.111267089844
"Rhincodon typus",-21.20806,114.27611,16657,2015,8,10,114.27611,-21.20806,"original",0,NA,NA,318.807708740234
"Rhincodon typus",-19.64639,115.78083,16652,2015,8,5,115.78083,-19.64639,"original",0,NA,NA,129.111267089844
"Rhincodon typus",-15.95194,116.62278,16674,2015,8,27,116.62278,-15.95194,"original",0,NA,NA,5452.505859375
"Rhincodon typus",-13.58694,115.70806,16670,2015,8,23,115.70806,-13.58694,"original",0,NA,NA,5664.74755859375
"Rhincodon typus",-15.00528,115.34306,16668,2015,8,21,115.34306,-15.00528,"original",0,NA,NA,5704.62060546875
"Rhincodon typus",-15.17361,115.76861,16654,2015,8,7,115.76861,-15.17361,"original",0,NA,NA,5766.0078125
"Rhincodon typus",-21.24917,114.83778,16648,2015,8,1,114.83778,-21.24917,"original",0,NA,NA,107.364326477051
"Rhincodon typus",-15.94111,116.5325,16673,2015,8,26,116.5325,-15.94111,"original",0,NA,NA,5452.505859375
"Rhincodon typus",-13.94583,121.83333,16671,2015,8,24,121.83333,-13.94583,"original",0,NA,NA,622.20947265625
"Rhincodon typus",-19.83028,115.9525,16669,2015,8,22,115.9525,-19.83028,"original",0,NA,NA,67.1006622314453
"Rhincodon typus",-21.5,114.6,16652,2015,8,5,114.6,-21.5,"original",0,NA,NA,106.52774810791
"Rhincodon typus",-19.06861,117.67472,16659,2015,8,12,117.67472,-19.06861,"original",0,NA,NA,88.2174758911133
"Rhincodon typus",-16.38472,115.7025,16666,2015,8,19,115.7025,-16.38472,"original",0,NA,NA,5287.05712890625
"Rhincodon typus",-21.18528,114.27028,16657,2015,8,10,114.27028,-21.18528,"original",0,NA,NA,318.807708740234
"Rhincodon typus",-20.92778,114.35222,16657,2015,8,10,114.35222,-20.92778,"original",0,NA,NA,566.340026855469
"Rhincodon typus",-19.65944,112.19778,16657,2015,8,10,112.19778,-19.65944,"original",0,NA,NA,1557.72827148438
"Rhincodon typus",-19.55944,116.705,16668,2015,8,21,116.705,-19.55944,"original",0,NA,NA,96.9508438110352
"Rhincodon typus",-15.47806,115.12917,16667,2015,8,20,115.12917,-15.47806,"original",0,NA,NA,5680.88720703125
"Rhincodon typus",-19.73222,116.07306,16667,2015,8,20,116.07306,-19.73222,"original",0,NA,NA,97.5161437988281
"Rhincodon typus",-19.91722,113.52389,16652,2015,8,5,113.52389,-19.91722,"original",0,NA,NA,1027.63732910156
"Rhincodon typus",-14.0825,112.19778,16678,2015,8,31,112.19778,-14.0825,"original",0,NA,NA,4934.78466796875
"Rhincodon typus",-19.5775,116.98694,16658,2015,8,11,116.98694,-19.5775,"original",0,NA,NA,71.1891403198242
"Rhincodon typus",-17.55611,114.68722,16659,2015,8,12,114.68722,-17.55611,"original",0,NA,NA,2764.90576171875
"Rhincodon typus",-22.1,113.8,16648,2015,8,1,113.8,-22.1,"original",0,NA,NA,199.812454223633
"Rhincodon typus",-19.95667,112.38889,16657,2015,8,10,112.38889,-19.95667,"original",0,NA,NA,1282.73706054688
"Rhincodon typus",-19.58444,115.79222,16672,2015,8,25,115.79222,-19.58444,"original",0,NA,NA,129.111267089844
"Rhincodon typus",-21.59972,114.18472,16652,2015,8,5,114.18472,-21.59972,"original",0,NA,NA,47.9186668395996
"Rhincodon typus",-19.28556,114.71556,16660,2015,8,13,114.71556,-19.28556,"original",0,NA,NA,1543.84997558594
"Rhincodon typus",-18.13889,112.325,16675,2015,8,28,112.325,-18.13889,"original",0,NA,NA,4627.3408203125
"Rhincodon typus",-19.25722,116.70806,16659,2015,8,12,116.70806,-19.25722,"original",0,NA,NA,184.240081787109
"Rhincodon typus",-16.22778,115.17917,16666,2015,8,19,115.17917,-16.22778,"original",0,NA,NA,5359.64501953125
"Rhincodon typus",-15.97917,116.84972,16674,2015,8,27,116.84972,-15.97917,"original",0,NA,NA,5503.95751953125
"Rhincodon typus",-19.44194,116.92694,16660,2015,8,13,116.92694,-19.44194,"original",0,NA,NA,98.2734222412109
"Rhincodon typus",-13.94611,121.78306,16668,2015,8,21,121.78306,-13.94611,"original",0,NA,NA,622.20947265625
"Rhincodon typus",-13.94667,121.83056,16671,2015,8,24,121.83056,-13.94667,"original",0,NA,NA,622.20947265625
"Rhincodon typus",-12.55056,114.20472,16674,2015,8,27,114.20472,-12.55056,"original",0,NA,NA,4776.09716796875
"Rhincodon typus",-10.70528,112.74417,16672,2015,8,25,112.74417,-10.70528,"original",0,NA,NA,5464.25048828125
"Rhincodon typus",-21.27861,114.85972,16648,2015,8,1,114.85972,-21.27861,"original",0,NA,NA,107.364326477051
"Rhincodon typus",-12.13611,114.08583,16675,2015,8,28,114.08583,-12.13611,"original",0,NA,NA,4673.939453125
"Rhincodon typus",-15.34944,115.18389,16667,2015,8,20,115.18389,-15.34944,"original",0,NA,NA,5690.4658203125
"Rhincodon typus",-16.11,115.73,16671,2015,8,24,115.73,-16.11,"original",0,NA,NA,5653.03759765625
"Rhincodon typus",-13.34278,115.4975,16671,2015,8,24,115.4975,-13.34278,"original",0,NA,NA,5634.783203125
"Rhincodon typus",-19.62611,115.84222,16672,2015,8,25,115.84222,-19.62611,"original",0,NA,NA,129.111267089844
"Rhincodon typus",-8.64139,111.70778,16677,2015,8,30,111.70778,-8.64139,"original",0,NA,NA,812.770935058594
"Rhincodon typus",-15.68361,116.02028,16658,2015,8,11,116.02028,-15.68361,"original",0,NA,NA,5704.28564453125
"Rhincodon typus",-15.12056,115.65,16653,2015,8,6,115.65,-15.12056,"original",0,NA,NA,5748.79248046875
"Rhincodon typus",-19.60861,115.83778,16672,2015,8,25,115.83778,-19.60861,"original",0,NA,NA,129.111267089844
"Rhincodon typus",-13.07778,114.97528,16671,2015,8,24,114.97528,-13.07778,"original",0,NA,NA,5585.92578125
"Rhincodon typus",-21.69194,114.00917,16653,2015,8,6,114.00917,-21.69194,"original",0,NA,NA,165.018997192383
"Rhincodon typus",-19.51056,115.86333,16658,2015,8,11,115.86333,-19.51056,"original",0,NA,NA,247.218154907227
"Rhincodon typus",-19.63528,115.77028,16654,2015,8,7,115.77028,-19.63528,"original",0,NA,NA,129.111267089844
"Rhincodon typus",-19.47639,116.93639,16663,2015,8,16,116.93639,-19.47639,"original",0,NA,NA,98.2734222412109
"Rhincodon typus",-21.61278,114.20833,16656,2015,8,9,114.20833,-21.61278,"original",0,NA,NA,47.9186668395996
"Rhincodon typus",-21.23722,114.86,16652,2015,8,5,114.86,-21.23722,"original",0,NA,NA,107.364326477051
"Rhincodon typus",-19.67417,116.11472,16666,2015,8,19,116.11472,-19.67417,"original",0,NA,NA,97.5161437988281
"Rhincodon typus",-12.3875,113.90028,16677,2015,8,30,113.90028,-12.3875,"original",0,NA,NA,4603.6279296875
"Rhincodon typus",-3.22991689750688,135,16653,2015,8,6,134.85862,-3.23524,"corrected",15.7244957046275,135,-3.22991689750688,71.0225524902344
"Rhincodon typus",10.5065,99.4247,16691,2015,9,13,99.4247,10.5065,"original",0,NA,NA,19.7812576293945
"Rhincodon typus",9.54223,123.24261,16694,2015,9,16,123.24261,9.54223,"original",0,NA,NA,238.074722290039
"Rhincodon typus",-23.174515235457,113.559556786704,16682,2015,9,4,113.71,-23.13,"corrected",16.1760001868536,113.559556786704,-23.174515235457,77.0263366699219
"Rhincodon typus",-21.88,113.9,16680,2015,9,2,113.9,-21.88,"original",0,NA,NA,402.422149658203
"Rhincodon typus",-22.6,113.62,16681,2015,9,3,113.62,-22.6,"original",0,NA,NA,164.364624023438
"Rhincodon typus",-21.88,113.91,16680,2015,9,2,113.91,-21.88,"original",0,NA,NA,402.422149658203
"Rhincodon typus",-23.174515235457,113.559556786704,16704,2015,9,26,113.72,-23.13,"corrected",17.1541934688524,113.559556786704,-23.174515235457,77.0263366699219
"Rhincodon typus",-23.174515235457,113.559556786704,16688,2015,9,10,113.73,-23.13,"corrected",18.1374521368589,113.559556786704,-23.174515235457,77.0263366699219
"Rhincodon typus",-23.174515235457,113.559556786704,16688,2015,9,10,113.72,-23.13,"corrected",17.1541934688524,113.559556786704,-23.174515235457,77.0263366699219
"Rhincodon typus",-22.6759002770083,113.559556786704,16703,2015,9,25,113.7,-22.8,"corrected",19.9244097789753,113.559556786704,-22.6759002770083,164.364624023438
"Rhincodon typus",-14.22139,121.68083,16708,2015,9,30,121.68083,-14.22139,"original",0,NA,NA,365.264312744141
"Rhincodon typus",-8.56444,111.60139,16683,2015,9,5,111.60139,-8.56444,"original",0,NA,NA,311.208679199219
"Rhincodon typus",-19.7375,115.70056,16701,2015,9,23,115.70056,-19.7375,"original",0,NA,NA,129.111267089844
"Rhincodon typus",-13.72,122.09583,16699,2015,9,21,122.09583,-13.72,"original",0,NA,NA,239.561264038086
"Rhincodon typus",-14.23333,121.68528,16708,2015,9,30,121.68528,-14.23333,"original",0,NA,NA,365.264312744141
"Rhincodon typus",-19.75667,115.67444,16689,2015,9,11,115.67444,-19.75667,"original",0,NA,NA,191.654800415039
"Rhincodon typus",-14.63944,115.15028,16679,2015,9,1,115.15028,-14.63944,"original",0,NA,NA,5695.849609375
"Rhincodon typus",-19.33778,116.73917,16688,2015,9,10,116.73917,-19.33778,"original",0,NA,NA,96.9508438110352
"Rhincodon typus",-13.335,121.88361,16704,2015,9,26,121.88361,-13.335,"original",0,NA,NA,1071.4873046875
"Rhincodon typus",-19.7275,115.64556,16690,2015,9,12,115.64556,-19.7275,"original",0,NA,NA,191.654800415039
"Rhincodon typus",-8.20139,110.28528,16695,2015,9,17,110.28528,-8.20139,"original",0,NA,NA,244.217056274414
"Rhincodon typus",-12.42333,121.42694,16688,2015,9,10,121.42694,-12.42333,"original",0,NA,NA,2725.5068359375
"Rhincodon typus",-11.64611,112.27806,16708,2015,9,30,112.27806,-11.64611,"original",0,NA,NA,4008.33422851562
"Rhincodon typus",-8.10111,110.19417,16697,2015,9,19,110.19417,-8.10111,"original",0,NA,NA,244.217056274414
"Rhincodon typus",-11.65333,112.36694,16707,2015,9,29,112.36694,-11.65333,"original",0,NA,NA,4008.33422851562
"Rhincodon typus",-11.19611,113.30444,16706,2015,9,28,113.30444,-11.19611,"original",0,NA,NA,4908.20556640625
"Rhincodon typus",-18.68417,119.99056,16705,2015,9,27,119.99056,-18.68417,"original",0,NA,NA,57.0667190551758
"Rhincodon typus",-12.35972,113.93778,16680,2015,9,2,113.93778,-12.35972,"original",0,NA,NA,4922.34521484375
"Rhincodon typus",-19.34528,116.81472,16688,2015,9,10,116.81472,-19.34528,"original",0,NA,NA,96.9508438110352
"Rhincodon typus",-22.9,113.6,16703,2015,9,25,113.6,-22.9,"original",0,NA,NA,96.4634246826172
"Rhincodon typus",-22.7,113.6,16689,2015,9,11,113.6,-22.7,"original",0,NA,NA,164.364624023438
"Rhincodon typus",-22.9252077562327,113.559556786704,16703,2015,9,25,113.7,-22.9,"corrected",14.6757946926051,113.559556786704,-22.9252077562327,96.4634246826172
"Rhincodon typus",-8.51472,110.38083,16691,2015,9,13,110.38083,-8.51472,"original",0,NA,NA,726.751647949219
"Rhincodon typus",-8.57389,111.62028,16683,2015,9,5,111.62028,-8.57389,"original",0,NA,NA,311.208679199219
"Rhincodon typus",-8.50583,110.3825,16691,2015,9,13,110.3825,-8.50583,"original",0,NA,NA,726.751647949219
"Rhincodon typus",-22.83361,113.64917,16691,2015,9,13,113.64917,-22.83361,"original",0,NA,NA,96.4634246826172
"Rhincodon typus",-12.76972,113.85944,16684,2015,9,6,113.85944,-12.76972,"original",0,NA,NA,5432.634765625
"Rhincodon typus",-10.88028,114.12056,16705,2015,9,27,114.12056,-10.88028,"original",0,NA,NA,5631.7939453125
"Rhincodon typus",-11.42222,119.21611,16696,2015,9,18,119.21611,-11.42222,"original",0,NA,NA,4905.28662109375
"Rhincodon typus",-22.7,113.6,16692,2015,9,14,113.6,-22.7,"original",0,NA,NA,164.364624023438
"Rhincodon typus",-10.91222,114.15389,16704,2015,9,26,114.15389,-10.91222,"original",0,NA,NA,5631.7939453125
"Rhincodon typus",-8.67667,110.59889,16690,2015,9,12,110.59889,-8.67667,"original",0,NA,NA,1032.78356933594
"Rhincodon typus",-8.3,110.32306,16693,2015,9,15,110.32306,-8.3,"original",0,NA,NA,244.217056274414
"Rhincodon typus",-19.70111,115.67528,16690,2015,9,12,115.67528,-19.70111,"original",0,NA,NA,191.654800415039
"Rhincodon typus",-14.27278,113.71778,16689,2015,9,11,113.71778,-14.27278,"original",0,NA,NA,4774.50048828125
"Rhincodon typus",-8.23778,110.36556,16694,2015,9,16,110.36556,-8.23778,"original",0,NA,NA,244.217056274414
"Rhincodon typus",-14.61889,114.67222,16692,2015,9,14,114.67222,-14.61889,"original",0,NA,NA,5593.61669921875
"Rhincodon typus",-13.44528,113.79556,16686,2015,9,8,113.79556,-13.44528,"original",0,NA,NA,5201.5126953125
"Rhincodon typus",-22.7,113.6,16696,2015,9,18,113.6,-22.7,"original",0,NA,NA,164.364624023438
"Rhincodon typus",-14.23806,121.68917,16708,2015,9,30,121.68917,-14.23806,"original",0,NA,NA,365.264312744141
"Rhincodon typus",-12.35889,113.88694,16679,2015,9,1,113.88694,-12.35889,"original",0,NA,NA,4603.6279296875
"Rhincodon typus",-11.74583,111.775,16708,2015,9,30,111.775,-11.74583,"original",0,NA,NA,3577.86499023438
"Rhincodon typus",-8.64111,110.70333,16690,2015,9,12,110.70333,-8.64111,"original",0,NA,NA,987.101257324219
"Rhincodon typus",-13.70056,122.11694,16699,2015,9,21,122.11694,-13.70056,"original",0,NA,NA,239.561264038086
"Rhincodon typus",-13.33694,122.2675,16694,2015,9,16,122.2675,-13.33694,"original",0,NA,NA,451.532562255859
"Rhincodon typus",-22.9252077562327,113.559556786704,16708,2015,9,30,113.7,-22.9,"corrected",14.6757946926051,113.559556786704,-22.9252077562327,96.4634246826172
"Rhincodon typus",-8.67694,112.24278,16681,2015,9,3,112.24278,-8.67694,"original",0,NA,NA,920.140014648438
"Rhincodon typus",-14.10417,113.63528,16689,2015,9,11,113.63528,-14.10417,"original",0,NA,NA,4016.41137695312
"Rhincodon typus",-12.07083,113.72167,16682,2015,9,4,113.72167,-12.07083,"original",0,NA,NA,4634.5625
"Rhincodon typus",-8.70028,112.305,16681,2015,9,3,112.305,-8.70028,"original",0,NA,NA,920.140014648438
"Rhincodon typus",-8.72417,112.50361,16680,2015,9,2,112.50361,-8.72417,"original",0,NA,NA,996.4443359375
"Rhincodon typus",-8.58722,111.64722,16683,2015,9,5,111.64722,-8.58722,"original",0,NA,NA,311.208679199219
"Rhincodon typus",-22.70611,113.55611,16700,2015,9,22,113.55611,-22.70611,"original",0,NA,NA,164.364624023438
"Rhincodon typus",-12.82667,113.83056,16684,2015,9,6,113.83056,-12.82667,"original",0,NA,NA,5432.634765625
"Rhincodon typus",-14.27111,113.66556,16688,2015,9,10,113.66556,-14.27111,"original",0,NA,NA,4016.41137695312
"Rhincodon typus",-12.35806,113.89417,16682,2015,9,4,113.89417,-12.35806,"original",0,NA,NA,4603.6279296875
"Rhincodon typus",-11.07222,114.1225,16704,2015,9,26,114.1225,-11.07222,"original",0,NA,NA,5631.7939453125
"Rhincodon typus",-11.76306,111.71556,16708,2015,9,30,111.71556,-11.76306,"original",0,NA,NA,3577.86499023438
"Rhincodon typus",-11.6325,112.34417,16708,2015,9,30,112.34417,-11.6325,"original",0,NA,NA,4008.33422851562
"Rhincodon typus",-14.27139,113.70139,16689,2015,9,11,113.70139,-14.27139,"original",0,NA,NA,4774.50048828125
"Rhincodon typus",-12.18306,113.87306,16681,2015,9,3,113.87306,-12.18306,"original",0,NA,NA,4783.2734375
"Rhincodon typus",-8.10278,110.1925,16697,2015,9,19,110.1925,-8.10278,"original",0,NA,NA,363.632476806641
"Rhincodon typus",-22.7,113.5,16690,2015,9,12,113.5,-22.7,"original",0,NA,NA,164.364624023438
"Rhincodon typus",-13.21972,122.23639,16693,2015,9,15,122.23639,-13.21972,"original",0,NA,NA,722.642578125
"Rhincodon typus",-14.54222,114.91111,16692,2015,9,14,114.91111,-14.54222,"original",0,NA,NA,5688.48193359375
"Rhincodon typus",-22.9252077562327,113.559556786704,16707,2015,9,29,113.7,-23,"corrected",16.6143799399014,113.559556786704,-22.9252077562327,96.4634246826172
"Rhincodon typus",-22.9252077562327,113.559556786704,16691,2015,9,13,113.70361,-22.94833,"corrected",14.9958092382477,113.559556786704,-22.9252077562327,96.4634246826172
"Rhincodon typus",-22.66806,113.56694,16699,2015,9,21,113.56694,-22.66806,"original",0,NA,NA,164.364624023438
"Rhincodon typus",-11.715,120.61556,16691,2015,9,13,120.61556,-11.715,"original",0,NA,NA,3545.724609375
"Rhincodon typus",-19.46611,116.97056,16686,2015,9,8,116.97056,-19.46611,"original",0,NA,NA,98.2734222412109
"Rhincodon typus",-19.66889,116.99528,16689,2015,9,11,116.99528,-19.66889,"original",0,NA,NA,71.1891403198242
"Rhincodon typus",-13.45028,113.79444,16686,2015,9,8,113.79444,-13.45028,"original",0,NA,NA,5201.5126953125
"Rhincodon typus",-14.2775,113.73083,16689,2015,9,11,113.73083,-14.2775,"original",0,NA,NA,4774.50048828125
"Rhincodon typus",-8.45139,110.25444,16692,2015,9,14,110.25444,-8.45139,"original",0,NA,NA,726.751647949219
"Rhincodon typus",-22.9252077562327,113.559556786704,16691,2015,9,13,113.7,-22.9,"corrected",14.6757946926051,113.559556786704,-22.9252077562327,96.4634246826172
"Rhincodon typus",-22.7,113.5,16693,2015,9,15,113.5,-22.7,"original",0,NA,NA,164.364624023438
"Rhincodon typus",-13.27194,113.81333,16686,2015,9,8,113.81333,-13.27194,"original",0,NA,NA,5258.4296875
"Rhincodon typus",-13.09417,122.13556,16693,2015,9,15,122.13556,-13.09417,"original",0,NA,NA,903.75927734375
"Rhincodon typus",-11.36361,117.12222,16703,2015,9,25,117.12222,-11.36361,"original",0,NA,NA,6111.2783203125
"Rhincodon typus",-11.445,119.12444,16697,2015,9,19,119.12444,-11.445,"original",0,NA,NA,5040.228515625
"Rhincodon typus",-19.66667,115.72972,16701,2015,9,23,115.72972,-19.66667,"original",0,NA,NA,129.111267089844
"Rhincodon typus",-8.60472,112.62667,16679,2015,9,1,112.62667,-8.60472,"original",0,NA,NA,996.4443359375
"Rhincodon typus",-14.01278,113.72389,16688,2015,9,10,113.72389,-14.01278,"original",0,NA,NA,5030.59521484375
"Rhincodon typus",-19.73444,115.68278,16701,2015,9,23,115.68278,-19.73444,"original",0,NA,NA,129.111267089844
"Rhincodon typus",-22.7,113.6,16690,2015,9,12,113.6,-22.7,"original",0,NA,NA,164.364624023438
"Rhincodon typus",-13.28,122.26194,16694,2015,9,16,122.26194,-13.28,"original",0,NA,NA,722.642578125
"Rhincodon typus",-11.47028,117.71889,16708,2015,9,30,117.71889,-11.47028,"original",0,NA,NA,5950.57177734375
"Rhincodon typus",-11.35806,119.53389,16696,2015,9,18,119.53389,-11.35806,"original",0,NA,NA,4583.32421875
"Rhincodon typus",-14.34278,114.62222,16695,2015,9,17,114.62222,-14.34278,"original",0,NA,NA,5586.447265625
"Rhincodon typus",-11.71278,111.95056,16708,2015,9,30,111.95056,-11.71278,"original",0,NA,NA,3823.40673828125
"Rhincodon typus",-11.67,117.8475,16700,2015,9,22,117.8475,-11.67,"original",0,NA,NA,5555.01513671875
"Rhincodon typus",-14.64917,114.76944,16691,2015,9,13,114.76944,-14.64917,"original",0,NA,NA,5747.28369140625
"Rhincodon typus",-12.84444,113.84778,16684,2015,9,6,113.84778,-12.84444,"original",0,NA,NA,5346.2841796875
"Rhincodon typus",-19.72083,115.63389,16690,2015,9,12,115.63389,-19.72083,"original",0,NA,NA,191.654800415039
"Rhincodon typus",-13.60167,113.78,16687,2015,9,9,113.78,-13.60167,"original",0,NA,NA,5134.25732421875
"Rhincodon typus",-19.73278,115.72722,16690,2015,9,12,115.72722,-19.73278,"original",0,NA,NA,129.111267089844
"Rhincodon typus",-22.72167,113.56444,16700,2015,9,22,113.56444,-22.72167,"original",0,NA,NA,164.364624023438
"Rhincodon typus",-19.74556,115.66056,16689,2015,9,11,115.66056,-19.74556,"original",0,NA,NA,191.654800415039
"Rhincodon typus",-22.8,113.6,16690,2015,9,12,113.6,-22.8,"original",0,NA,NA,164.364624023438
"Rhincodon typus",-8.28306,110.31111,16693,2015,9,15,110.31111,-8.28306,"original",0,NA,NA,244.217056274414
"Rhincodon typus",-22.68639,113.57139,16692,2015,9,14,113.57139,-22.68639,"original",0,NA,NA,164.364624023438
"Rhincodon typus",-8.23361,110.36417,16694,2015,9,16,110.36417,-8.23361,"original",0,NA,NA,244.217056274414
"Rhincodon typus",-22.67306,113.56556,16697,2015,9,19,113.56556,-22.67306,"original",0,NA,NA,164.364624023438
"Rhincodon typus",-8.21472,110.265,16696,2015,9,18,110.265,-8.21472,"original",0,NA,NA,244.217056274414
"Rhincodon typus",-22.7,113.6,16698,2015,9,20,113.6,-22.7,"original",0,NA,NA,164.364624023438
"Rhincodon typus",-14.20944,121.66194,16708,2015,9,30,121.66194,-14.20944,"original",0,NA,NA,1567.3955078125
"Rhincodon typus",-13.28111,113.81,16686,2015,9,8,113.81,-13.28111,"original",0,NA,NA,5258.4296875
"Rhincodon typus",-14.79806,114.91306,16693,2015,9,15,114.91306,-14.79806,"original",0,NA,NA,5747.28369140625
"Rhincodon typus",-8.67444,112.60194,16679,2015,9,1,112.60194,-8.67444,"original",0,NA,NA,996.4443359375
"Rhincodon typus",-22.70111,113.56917,16693,2015,9,15,113.56917,-22.70111,"original",0,NA,NA,164.364624023438
"Rhincodon typus",-21.36778,112.96667,16685,2015,9,7,112.96667,-21.36778,"original",0,NA,NA,1509.30908203125
"Rhincodon typus",-11.72528,111.85778,16708,2015,9,30,111.85778,-11.72528,"original",0,NA,NA,3577.86499023438
"Rhincodon typus",-23.174515235457,113.559556786704,16706,2015,9,28,113.7,-23.1,"corrected",16.5830946195898,113.559556786704,-23.174515235457,77.0263366699219
"Rhincodon typus",-19.67722,115.7025,16701,2015,9,23,115.7025,-19.67722,"original",0,NA,NA,129.111267089844
"Rhincodon typus",-8.5925,112.62639,16679,2015,9,1,112.62639,-8.5925,"original",0,NA,NA,996.4443359375
"Rhincodon typus",-11.18639,113.34917,16706,2015,9,28,113.34917,-11.18639,"original",0,NA,NA,4908.20556640625
"Rhincodon typus",-14.66944,115.02667,16693,2015,9,15,115.02667,-14.66944,"original",0,NA,NA,5695.849609375
"Rhincodon typus",-22.85222,113.67278,16704,2015,9,26,113.67278,-22.85222,"original",0,NA,NA,96.4634246826172
"Rhincodon typus",-8.58194,111.63167,16683,2015,9,5,111.63167,-8.58194,"original",0,NA,NA,311.208679199219
"Rhincodon typus",-13.3775,113.79167,16686,2015,9,8,113.79167,-13.3775,"original",0,NA,NA,5201.5126953125
"Rhincodon typus",-14.21778,113.74083,16689,2015,9,11,113.74083,-14.21778,"original",0,NA,NA,4774.50048828125
"Rhincodon typus",-19.67139,115.66417,16690,2015,9,12,115.66417,-19.67139,"original",0,NA,NA,191.654800415039
"Rhincodon typus",-14.20667,121.66,16708,2015,9,30,121.66,-14.20667,"original",0,NA,NA,1567.3955078125
"Rhincodon typus",-12.48278,121.41722,16688,2015,9,10,121.41722,-12.48278,"original",0,NA,NA,2725.5068359375
"Rhincodon typus",-14.24139,113.7175,16689,2015,9,11,113.7175,-14.24139,"original",0,NA,NA,4774.50048828125
"Rhincodon typus",-14.00639,113.71361,16688,2015,9,10,113.71361,-14.00639,"original",0,NA,NA,5030.59521484375
"Rhincodon typus",-8.21972,110.32944,16695,2015,9,17,110.32944,-8.21972,"original",0,NA,NA,244.217056274414
"Rhincodon typus",-22.72222,113.58972,16690,2015,9,12,113.58972,-22.72222,"original",0,NA,NA,164.364624023438
"Rhincodon typus",-8.61111,111.94556,16682,2015,9,4,111.94556,-8.61111,"original",0,NA,NA,782.971008300781
"Rhincodon typus",-14.64583,115.14222,16679,2015,9,1,115.14222,-14.64583,"original",0,NA,NA,5695.849609375
"Rhincodon typus",-8.62944,111.79861,16683,2015,9,5,111.79861,-8.62944,"original",0,NA,NA,812.770935058594
"Rhincodon typus",-8.19278,110.33861,16695,2015,9,17,110.33861,-8.19278,"original",0,NA,NA,244.217056274414
"Rhincodon typus",-22.99778,113.4175,16704,2015,9,26,113.4175,-22.99778,"original",0,NA,NA,422.541259765625
"Rhincodon typus",-19.39889,116.7375,16686,2015,9,8,116.7375,-19.39889,"original",0,NA,NA,96.9508438110352
"Rhincodon typus",-11.41583,117.15917,16703,2015,9,25,117.15917,-11.41583,"original",0,NA,NA,6111.2783203125
"Rhincodon typus",-12.54806,121.4575,16687,2015,9,9,121.4575,-12.54806,"original",0,NA,NA,2725.5068359375
"Rhincodon typus",-8.69833,112.42778,16680,2015,9,2,112.42778,-8.69833,"original",0,NA,NA,920.140014648438
"Rhincodon typus",-8.70639,112.385,16680,2015,9,2,112.385,-8.70639,"original",0,NA,NA,920.140014648438
"Rhincodon typus",-13.41611,113.79778,16686,2015,9,8,113.79778,-13.41611,"original",0,NA,NA,5201.5126953125
"Rhincodon typus",-11.23,113.34306,16706,2015,9,28,113.34306,-11.23,"original",0,NA,NA,4908.20556640625
"Rhincodon typus",-8.43583,110.24083,16692,2015,9,14,110.24083,-8.43583,"original",0,NA,NA,726.751647949219
"Rhincodon typus",-11.73667,120.79639,16691,2015,9,13,120.79639,-11.73667,"original",0,NA,NA,3214.93481445312
"Rhincodon typus",-14.03861,113.69889,16688,2015,9,10,113.69889,-14.03861,"original",0,NA,NA,5030.59521484375
"Rhincodon typus",-19.9725,115.86972,16685,2015,9,7,115.86972,-19.9725,"original",0,NA,NA,73.6350173950195
"Rhincodon typus",-14.99222,115.05222,16693,2015,9,15,115.05222,-14.99222,"original",0,NA,NA,5711.6015625
"Rhincodon typus",-22.6,113.6,16698,2015,9,20,113.6,-22.6,"original",0,NA,NA,164.364624023438
"Rhincodon typus",-14.55444,114.83972,16692,2015,9,14,114.83972,-14.55444,"original",0,NA,NA,5688.48193359375
"Rhincodon typus",-8.21917,110.33111,16695,2015,9,17,110.33111,-8.21917,"original",0,NA,NA,244.217056274414
"Rhincodon typus",-8.63028,112.66389,16679,2015,9,1,112.66389,-8.63028,"original",0,NA,NA,996.4443359375
"Rhincodon typus",-8.8975,110.95639,16688,2015,9,10,110.95639,-8.8975,"original",0,NA,NA,2097.62475585938
"Rhincodon typus",-11.82667,120.90361,16690,2015,9,12,120.90361,-11.82667,"original",0,NA,NA,3214.93481445312
"Rhincodon typus",-11.56528,115.38806,16699,2015,9,21,115.38806,-11.56528,"original",0,NA,NA,5849.80615234375
"Rhincodon typus",-22.68222,113.57333,16692,2015,9,14,113.57333,-22.68222,"original",0,NA,NA,164.364624023438
"Rhincodon typus",-22.7,113.6,16693,2015,9,15,113.6,-22.7,"original",0,NA,NA,164.364624023438
"Rhincodon typus",-14.27778,113.71833,16690,2015,9,12,113.71833,-14.27778,"original",0,NA,NA,4774.50048828125
"Rhincodon typus",-22.87056,113.66333,16702,2015,9,24,113.66333,-22.87056,"original",0,NA,NA,96.4634246826172
"Rhincodon typus",-14.54806,114.81944,16692,2015,9,14,114.81944,-14.54806,"original",0,NA,NA,5688.48193359375
"Rhincodon typus",-8.71028,112.40889,16680,2015,9,2,112.40889,-8.71028,"original",0,NA,NA,920.140014648438
"Rhincodon typus",-14.29194,113.71,16690,2015,9,12,113.71,-14.29194,"original",0,NA,NA,4774.50048828125
"Rhincodon typus",-22.9,113.6,16690,2015,9,12,113.6,-22.9,"original",0,NA,NA,96.4634246826172
"Rhincodon typus",-19.68417,115.68361,16690,2015,9,12,115.68361,-19.68417,"original",0,NA,NA,129.111267089844
"Rhincodon typus",-11.41528,119.25056,16696,2015,9,18,119.25056,-11.41528,"original",0,NA,NA,4905.28662109375
"Rhincodon typus",-8.67222,112.61056,16679,2015,9,1,112.61056,-8.67222,"original",0,NA,NA,996.4443359375
"Rhincodon typus",-8.59583,111.97778,16682,2015,9,4,111.97778,-8.59583,"original",0,NA,NA,782.971008300781
"Rhincodon typus",-8.25139,110.55056,16704,2015,9,26,110.55056,-8.25139,"original",0,NA,NA,155.332550048828
"Rhincodon typus",-11.69194,112.12306,16708,2015,9,30,112.12306,-11.69194,"original",0,NA,NA,3823.40673828125
"Rhincodon typus",-19.70139,115.67278,16692,2015,9,14,115.67278,-19.70139,"original",0,NA,NA,191.654800415039
"Rhincodon typus",-12.24722,113.95333,16681,2015,9,3,113.95333,-12.24722,"original",0,NA,NA,4673.939453125
"Rhincodon typus",-14.09611,113.68361,16688,2015,9,10,113.68361,-14.09611,"original",0,NA,NA,4016.41137695312
"Rhincodon typus",-19.74222,115.66417,16689,2015,9,11,115.66417,-19.74222,"original",0,NA,NA,191.654800415039
"Rhincodon typus",-8.46222,110.2525,16692,2015,9,14,110.2525,-8.46222,"original",0,NA,NA,726.751647949219
"Rhincodon typus",-22.9252077562327,113.559556786704,16706,2015,9,28,113.7,-23,"corrected",16.6143799399014,113.559556786704,-22.9252077562327,96.4634246826172
"Rhincodon typus",-19.57361,116.71417,16680,2015,9,2,116.71417,-19.57361,"original",0,NA,NA,61.2395553588867
"Rhincodon typus",-8.605,111.97472,16682,2015,9,4,111.97472,-8.605,"original",0,NA,NA,782.971008300781
"Rhincodon typus",-13.42194,113.79111,16686,2015,9,8,113.79111,-13.42194,"original",0,NA,NA,5201.5126953125
"Rhincodon typus",-19.87528,117.11667,16680,2015,9,2,117.11667,-19.87528,"original",0,NA,NA,57.6673622131348
"Rhincodon typus",-23.174515235457,113.559556786704,16707,2015,9,29,113.8,-23.1,"corrected",25.9717567728144,113.559556786704,-23.174515235457,77.0263366699219
"Rhincodon typus",-19.66861,115.71583,16690,2015,9,12,115.71583,-19.66861,"original",0,NA,NA,129.111267089844
"Rhincodon typus",-8.69444,112.59778,16680,2015,9,2,112.59778,-8.69444,"original",0,NA,NA,996.4443359375
"Rhincodon typus",-13.96389,113.77444,16687,2015,9,9,113.77444,-13.96389,"original",0,NA,NA,5030.59521484375
"Rhincodon typus",-13.39917,122.39389,16696,2015,9,18,122.39389,-13.39917,"original",0,NA,NA,451.532562255859
"Rhincodon typus",-11.70889,120.63694,16691,2015,9,13,120.63694,-11.70889,"original",0,NA,NA,3545.724609375
"Rhincodon typus",-19.585,116.52861,16679,2015,9,1,116.52861,-19.585,"original",0,NA,NA,61.369384765625
"Rhincodon typus",-8.62667,111.79139,16683,2015,9,5,111.79139,-8.62667,"original",0,NA,NA,812.770935058594
"Rhincodon typus",-12.33639,113.9425,16680,2015,9,2,113.9425,-12.33639,"original",0,NA,NA,4922.34521484375
"Rhincodon typus",-11.20167,117.10139,16704,2015,9,26,117.10139,-11.20167,"original",0,NA,NA,5576.63330078125
"Rhincodon typus",-11.37167,117.74222,16708,2015,9,30,117.74222,-11.37167,"original",0,NA,NA,5950.57177734375
"Rhincodon typus",-13.27917,114.02528,16686,2015,9,8,114.02528,-13.27917,"original",0,NA,NA,5304.30908203125
"Rhincodon typus",-11.69667,120.68139,16691,2015,9,13,120.68139,-11.69667,"original",0,NA,NA,3214.93481445312
"Rhincodon typus",-11.39778,119.30806,16696,2015,9,18,119.30806,-11.39778,"original",0,NA,NA,4905.28662109375
"Rhincodon typus",-8.85722,112.40417,16680,2015,9,2,112.40417,-8.85722,"original",0,NA,NA,1150.06005859375
"Rhincodon typus",-14.715,114.87,16693,2015,9,15,114.87,-14.715,"original",0,NA,NA,5747.28369140625
"Rhincodon typus",-8.71639,112.5225,16680,2015,9,2,112.5225,-8.71639,"original",0,NA,NA,996.4443359375
"Rhincodon typus",-22.68583,113.57444,16692,2015,9,14,113.57444,-22.68583,"original",0,NA,NA,164.364624023438
"Rhincodon typus",-8.65389,111.83139,16683,2015,9,5,111.83139,-8.65389,"original",0,NA,NA,812.770935058594
"Rhincodon typus",-22.9252077562327,113.559556786704,16706,2015,9,28,113.8,-22.9,"corrected",24.8241479686729,113.559556786704,-22.9252077562327,96.4634246826172
"Rhincodon typus",-12.47583,121.39944,16688,2015,9,10,121.39944,-12.47583,"original",0,NA,NA,2997.58911132812
"Rhincodon typus",-14.24306,121.68694,16707,2015,9,29,121.68694,-14.24306,"original",0,NA,NA,365.264312744141
"Rhincodon typus",-13.28583,113.81444,16686,2015,9,8,113.81444,-13.28583,"original",0,NA,NA,5258.4296875
"Rhincodon typus",-22.9252077562327,113.559556786704,16691,2015,9,13,113.69639,-22.89417,"corrected",14.4524838524741,113.559556786704,-22.9252077562327,96.4634246826172
"Rhincodon typus",-12.37722,121.28444,16689,2015,9,11,121.28444,-12.37722,"original",0,NA,NA,2997.58911132812
"Rhincodon typus",-13.27944,122.28806,16695,2015,9,17,122.28806,-13.27944,"original",0,NA,NA,722.642578125
"Rhincodon typus",-13.39556,113.83278,16686,2015,9,8,113.83278,-13.39556,"original",0,NA,NA,5201.5126953125
"Rhincodon typus",-11.18444,113.30722,16706,2015,9,28,113.30722,-11.18444,"original",0,NA,NA,4908.20556640625
"Rhincodon typus",-11.79083,111.66889,16708,2015,9,30,111.66889,-11.79083,"original",0,NA,NA,3717.1904296875
"Rhincodon typus",-11.44972,119.13556,16697,2015,9,19,119.13556,-11.44972,"original",0,NA,NA,5040.228515625
"Rhincodon typus",-11.76056,120.80972,16690,2015,9,12,120.80972,-11.76056,"original",0,NA,NA,3214.93481445312
"Rhincodon typus",-22.9252077562327,113.559556786704,16703,2015,9,25,113.8,-22.9,"corrected",24.8241479686729,113.559556786704,-22.9252077562327,96.4634246826172
"Rhincodon typus",-14.55139,114.80917,16692,2015,9,14,114.80917,-14.55139,"original",0,NA,NA,5688.48193359375
"Rhincodon typus",-11.81389,115.03389,16699,2015,9,21,115.03389,-11.81389,"original",0,NA,NA,5103.20166015625
"Rhincodon typus",-8.50611,110.38333,16691,2015,9,13,110.38333,-8.50611,"original",0,NA,NA,726.751647949219
"Rhincodon typus",-22.9252077562327,113.559556786704,16704,2015,9,26,113.7,-22.9,"corrected",14.6757946926051,113.559556786704,-22.9252077562327,96.4634246826172
"Rhincodon typus",-22.69972,113.52778,16693,2015,9,15,113.52778,-22.69972,"original",0,NA,NA,164.364624023438
"Rhincodon typus",-14.65806,115.14667,16679,2015,9,1,115.14667,-14.65806,"original",0,NA,NA,5695.849609375
"Rhincodon typus",-19.55444,116.44056,16679,2015,9,1,116.44056,-19.55444,"original",0,NA,NA,110.10767364502
"Rhincodon typus",-13.9325,112.24,16679,2015,9,1,112.24,-13.9325,"original",0,NA,NA,5167.791015625
"Rhincodon typus",-13.22472,122.22833,16693,2015,9,15,122.22833,-13.22472,"original",0,NA,NA,722.642578125
"Rhincodon typus",-8.45917,110.24667,16692,2015,9,14,110.24667,-8.45917,"original",0,NA,NA,726.751647949219
"Rhincodon typus",-12.96861,113.90667,16685,2015,9,7,113.90667,-12.96861,"original",0,NA,NA,5346.2841796875
"Rhincodon typus",-11.005,113.82611,16705,2015,9,27,113.82611,-11.005,"original",0,NA,NA,5944.58056640625
"Rhincodon typus",-8.19389,110.28139,16695,2015,9,17,110.28139,-8.19389,"original",0,NA,NA,244.217056274414
"Rhincodon typus",-8.595,111.98417,16682,2015,9,4,111.98417,-8.595,"original",0,NA,NA,782.971008300781
"Rhincodon typus",-8.21606648199442,110.318559556787,16702,2015,9,24,110.26083,-8.0625,"corrected",18.1364297750965,110.318559556787,-8.21606648199442,244.217056274414
"Rhincodon typus",-19.34667,116.73389,16688,2015,9,10,116.73389,-19.34667,"original",0,NA,NA,96.9508438110352
"Rhincodon typus",-11.35694,119.55917,16696,2015,9,18,119.55917,-11.35694,"original",0,NA,NA,4583.32421875
"Rhincodon typus",-14.16333,113.59194,16689,2015,9,11,113.59194,-14.16333,"original",0,NA,NA,4016.41137695312
"Rhincodon typus",-8.61361,111.70778,16683,2015,9,5,111.70778,-8.61361,"original",0,NA,NA,812.770935058594
"Rhincodon typus",-19.68639,115.68917,16690,2015,9,12,115.68917,-19.68639,"original",0,NA,NA,129.111267089844
"Rhincodon typus",-11.75528,111.75528,16708,2015,9,30,111.75528,-11.75528,"original",0,NA,NA,3577.86499023438
"Rhincodon typus",-11.75167,120.79861,16690,2015,9,12,120.79861,-11.75167,"original",0,NA,NA,3214.93481445312
"Rhincodon typus",-19.71528,115.66694,16690,2015,9,12,115.66694,-19.71528,"original",0,NA,NA,191.654800415039
"Rhincodon typus",-22.70139,113.51639,16693,2015,9,15,113.51639,-22.70139,"original",0,NA,NA,164.364624023438
"Rhincodon typus",-8.59611,111.98889,16682,2015,9,4,111.98889,-8.59611,"original",0,NA,NA,782.971008300781
"Rhincodon typus",-13.33417,121.88361,16704,2015,9,26,121.88361,-13.33417,"original",0,NA,NA,1071.4873046875
"Rhincodon typus",-11.67667,114.96472,16699,2015,9,21,114.96472,-11.67667,"original",0,NA,NA,5103.20166015625
"Rhincodon typus",-12.83,113.84444,16684,2015,9,6,113.84444,-12.83,"original",0,NA,NA,5346.2841796875
"Rhincodon typus",-8.19472,110.29,16695,2015,9,17,110.29,-8.19472,"original",0,NA,NA,244.217056274414
"Rhincodon typus",-13.63944,120.85333,16691,2015,9,13,120.85333,-13.63944,"original",0,NA,NA,2442.07739257812
"Rhincodon typus",-11.70861,112.00278,16708,2015,9,30,112.00278,-11.70861,"original",0,NA,NA,3823.40673828125
"Rhincodon typus",-13.2425,114.03222,16684,2015,9,6,114.03222,-13.2425,"original",0,NA,NA,5304.30908203125
"Rhincodon typus",-8.22333,110.32611,16695,2015,9,17,110.32611,-8.22333,"original",0,NA,NA,244.217056274414
"Rhincodon typus",-14.58861,114.65667,16692,2015,9,14,114.65667,-14.58861,"original",0,NA,NA,5593.61669921875
"Rhincodon typus",-22.63444,113.56,16698,2015,9,20,113.56,-22.63444,"original",0,NA,NA,164.364624023438
"Rhincodon typus",-22.84583,113.60944,16702,2015,9,24,113.60944,-22.84583,"original",0,NA,NA,96.4634246826172
"Rhincodon typus",-8.21333,110.26861,16696,2015,9,18,110.26861,-8.21333,"original",0,NA,NA,244.217056274414
"Rhincodon typus",-11.89917,120.04278,16693,2015,9,15,120.04278,-11.89917,"original",0,NA,NA,3468.58666992188
"Rhincodon typus",-12.76972,113.85944,16683,2015,9,5,113.85944,-12.76972,"original",0,NA,NA,5432.634765625
"Rhincodon typus",-22.8,113.6,16697,2015,9,19,113.6,-22.8,"original",0,NA,NA,164.364624023438
"Rhincodon typus",-14.55083,114.82028,16692,2015,9,14,114.82028,-14.55083,"original",0,NA,NA,5688.48193359375
"Rhincodon typus",-8.22139,110.14333,16696,2015,9,18,110.14333,-8.22139,"original",0,NA,NA,363.632476806641
"Rhincodon typus",-8.71889,112.47111,16680,2015,9,2,112.47111,-8.71889,"original",0,NA,NA,996.4443359375
"Rhincodon typus",-13.47694,113.78611,16686,2015,9,8,113.78611,-13.47694,"original",0,NA,NA,5201.5126953125
"Rhincodon typus",-22.9252077562327,113.559556786704,16707,2015,9,29,113.8,-23,"corrected",26.0115864357109,113.559556786704,-22.9252077562327,96.4634246826172
"Rhincodon typus",-22.9252077562327,113.559556786704,16707,2015,9,29,113.8,-22.9,"corrected",24.8241479686729,113.559556786704,-22.9252077562327,96.4634246826172
"Rhincodon typus",-8.72639,112.4925,16680,2015,9,2,112.4925,-8.72639,"original",0,NA,NA,996.4443359375
"Rhincodon typus",-14.225,121.67778,16708,2015,9,30,121.67778,-14.225,"original",0,NA,NA,365.264312744141
"Rhincodon typus",-8.61583,111.9325,16682,2015,9,4,111.9325,-8.61583,"original",0,NA,NA,812.770935058594
"Rhincodon typus",-8.48444,110.37167,16692,2015,9,14,110.37167,-8.48444,"original",0,NA,NA,726.751647949219
"Rhincodon typus",-19.3375,116.67333,16687,2015,9,9,116.67333,-19.3375,"original",0,NA,NA,110.10767364502
"Rhincodon typus",-10.90306,113.78111,16705,2015,9,27,113.78111,-10.90306,"original",0,NA,NA,5944.58056640625
"Rhincodon typus",-22.9252077562327,113.559556786704,16703,2015,9,25,113.7,-22.90056,"corrected",14.6640955804098,113.559556786704,-22.9252077562327,96.4634246826172
"Rhincodon typus",-22.7,113.6,16697,2015,9,19,113.6,-22.7,"original",0,NA,NA,164.364624023438
"Rhincodon typus",-11.19083,117.09778,16704,2015,9,26,117.09778,-11.19083,"original",0,NA,NA,5576.63330078125
"Rhincodon typus",-14.24472,121.70333,16708,2015,9,30,121.70333,-14.24472,"original",0,NA,NA,365.264312744141
"Rhincodon typus",-13.54222,113.78111,16687,2015,9,9,113.78111,-13.54222,"original",0,NA,NA,5201.5126953125
"Rhincodon typus",-12.8575,113.86083,16684,2015,9,6,113.86083,-12.8575,"original",0,NA,NA,5346.2841796875
"Rhincodon typus",-11.37167,119.63639,16695,2015,9,17,119.63639,-11.37167,"original",0,NA,NA,4583.32421875
"Rhincodon typus",-8.19611,110.28944,16695,2015,9,17,110.28944,-8.19611,"original",0,NA,NA,244.217056274414
"Rhincodon typus",-22.87028,113.68306,16703,2015,9,25,113.68306,-22.87028,"original",0,NA,NA,96.4634246826172
"Rhincodon typus",-22.68833,113.57333,16692,2015,9,14,113.57333,-22.68833,"original",0,NA,NA,164.364624023438
"Rhincodon typus",-8.29694,110.32222,16693,2015,9,15,110.32222,-8.29694,"original",0,NA,NA,244.217056274414
"Rhincodon typus",-14.23222,113.71306,16689,2015,9,11,113.71306,-14.23222,"original",0,NA,NA,4774.50048828125
"Rhincodon typus",-13.29417,122.26639,16694,2015,9,16,122.26639,-13.29417,"original",0,NA,NA,722.642578125
"Rhincodon typus",-11.58528,120.62028,16691,2015,9,13,120.62028,-11.58528,"original",0,NA,NA,3545.724609375
"Rhincodon typus",-22.67944,113.53694,16700,2015,9,22,113.53694,-22.67944,"original",0,NA,NA,164.364624023438
"Rhincodon typus",-11.36722,117.11722,16703,2015,9,25,117.11722,-11.36722,"original",0,NA,NA,6111.2783203125
"Rhincodon typus",-11.47833,112.87222,16707,2015,9,29,112.87222,-11.47833,"original",0,NA,NA,3564.20336914062
"Rhincodon typus",-10.98861,113.87972,16705,2015,9,27,113.87972,-10.98861,"original",0,NA,NA,5944.58056640625
"Rhincodon typus",-19.68,115.67222,16690,2015,9,12,115.67222,-19.68,"original",0,NA,NA,191.654800415039
"Rhincodon typus",-12.36778,121.29306,16689,2015,9,11,121.29306,-12.36778,"original",0,NA,NA,2997.58911132812
"Rhincodon typus",-13.46694,113.78972,16686,2015,9,8,113.78972,-13.46694,"original",0,NA,NA,5201.5126953125
"Rhincodon typus",-11.76083,111.69444,16708,2015,9,30,111.69444,-11.76083,"original",0,NA,NA,3577.86499023438
"Rhincodon typus",-14.085,113.68028,16688,2015,9,10,113.68028,-14.085,"original",0,NA,NA,4016.41137695312
"Rhincodon typus",-11.55,112.61056,16707,2015,9,29,112.61056,-11.55,"original",0,NA,NA,3695.08935546875
"Rhincodon typus",-8.19972,110.2775,16696,2015,9,18,110.2775,-8.19972,"original",0,NA,NA,244.217056274414
"Rhincodon typus",-22.70361,113.57472,16693,2015,9,15,113.57472,-22.70361,"original",0,NA,NA,164.364624023438
"Rhincodon typus",-11.51972,112.68333,16707,2015,9,29,112.68333,-11.51972,"original",0,NA,NA,3695.08935546875
"Rhincodon typus",-11.69056,117.39306,16701,2015,9,23,117.39306,-11.69056,"original",0,NA,NA,5552.5537109375
"Rhincodon typus",-11.2525,113.33917,16707,2015,9,29,113.33917,-11.2525,"original",0,NA,NA,4908.20556640625
"Rhincodon typus",-22.9252077562327,113.559556786704,16708,2015,9,30,113.7,-23,"corrected",16.6143799399014,113.559556786704,-22.9252077562327,96.4634246826172
"Rhincodon typus",-11.7525,120.79944,16690,2015,9,12,120.79944,-11.7525,"original",0,NA,NA,3214.93481445312
"Rhincodon typus",-8.70278,112.54417,16680,2015,9,2,112.54417,-8.70278,"original",0,NA,NA,996.4443359375
"Rhincodon typus",-19.75194,115.66444,16689,2015,9,11,115.66444,-19.75194,"original",0,NA,NA,191.654800415039
"Rhincodon typus",-8.6325,112.66528,16679,2015,9,1,112.66528,-8.6325,"original",0,NA,NA,996.4443359375
"Rhincodon typus",-8.1675,110.18861,16697,2015,9,19,110.18861,-8.1675,"original",0,NA,NA,363.632476806641
"Rhincodon typus",-11.52778,112.66556,16707,2015,9,29,112.66556,-11.52778,"original",0,NA,NA,3695.08935546875
"Rhincodon typus",-11.70917,114.98333,16699,2015,9,21,114.98333,-11.70917,"original",0,NA,NA,5103.20166015625
"Rhincodon typus",-11.53306,118.80833,16697,2015,9,19,118.80833,-11.53306,"original",0,NA,NA,5013.09130859375
"Rhincodon typus",-12.89778,122.15528,16692,2015,9,14,122.15528,-12.89778,"original",0,NA,NA,1512.84057617188
"Rhincodon typus",-23.174515235457,113.559556786704,16707,2015,9,29,113.8,-23.2,"corrected",24.7779755076392,113.559556786704,-23.174515235457,77.0263366699219
"Rhincodon typus",-19.70361,116.62944,16679,2015,9,1,116.62944,-19.70361,"original",0,NA,NA,61.369384765625
"Rhincodon typus",-14.69972,117.23667,16681,2015,9,3,117.23667,-14.69972,"original",0,NA,NA,5738.30615234375
"Rhincodon typus",-10.91611,114.17333,16704,2015,9,26,114.17333,-10.91611,"original",0,NA,NA,5631.7939453125
"Rhincodon typus",-21.96694,113.84611,16698,2015,9,20,113.84611,-21.96694,"original",0,NA,NA,402.422149658203
"Rhincodon typus",-12.46611,121.32306,16688,2015,9,10,121.32306,-12.46611,"original",0,NA,NA,2997.58911132812
"Rhincodon typus",-13.18667,122.15861,16693,2015,9,15,122.15861,-13.18667,"original",0,NA,NA,903.75927734375
"Rhincodon typus",-22.6759002770083,113.559556786704,16692,2015,9,14,113.7,-22.8,"corrected",19.9244097789753,113.559556786704,-22.6759002770083,164.364624023438
"Rhincodon typus",-12.24667,113.95167,16681,2015,9,3,113.95167,-12.24667,"original",0,NA,NA,4673.939453125
"Rhincodon typus",-12.21389,113.98528,16681,2015,9,3,113.98528,-12.21389,"original",0,NA,NA,4673.939453125
"Rhincodon typus",-13.5625,122.29556,16696,2015,9,18,122.29556,-13.5625,"original",0,NA,NA,451.532562255859
"Rhincodon typus",-22.65028,113.55639,16698,2015,9,20,113.55639,-22.65028,"original",0,NA,NA,164.364624023438
"Rhincodon typus",-12.21139,113.79944,16682,2015,9,4,113.79944,-12.21139,"original",0,NA,NA,4783.2734375
"Rhincodon typus",-14.24056,121.68722,16707,2015,9,29,121.68722,-14.24056,"original",0,NA,NA,365.264312744141
"Rhincodon typus",-13.28333,113.87139,16686,2015,9,8,113.87139,-13.28333,"original",0,NA,NA,5258.4296875
"Rhincodon typus",-11.87111,115.33639,16698,2015,9,20,115.33639,-11.87111,"original",0,NA,NA,5122.509765625
"Rhincodon typus",-19.69222,115.64333,16692,2015,9,14,115.64333,-19.69222,"original",0,NA,NA,191.654800415039
"Rhincodon typus",-13.9075,114.48194,16696,2015,9,18,114.48194,-13.9075,"original",0,NA,NA,5656.98779296875
"Rhincodon typus",-11.50222,118.77111,16697,2015,9,19,118.77111,-11.50222,"original",0,NA,NA,5013.09130859375
"Rhincodon typus",-13.99444,113.71361,16688,2015,9,10,113.71361,-13.99444,"original",0,NA,NA,5030.59521484375
"Rhincodon typus",-11.69722,112.07889,16708,2015,9,30,112.07889,-11.69722,"original",0,NA,NA,3823.40673828125
"Rhincodon typus",-12.76278,113.84833,16683,2015,9,5,113.84833,-12.76278,"original",0,NA,NA,5432.634765625
"Rhincodon typus",-22.82139,113.63,16703,2015,9,25,113.63,-22.82139,"original",0,NA,NA,96.4634246826172
"Rhincodon typus",-11.19861,113.10333,16707,2015,9,29,113.10333,-11.19861,"original",0,NA,NA,4284.70849609375
"Rhincodon typus",-23.174515235457,113.559556786704,16707,2015,9,29,113.7,-23.1,"corrected",16.5830946195898,113.559556786704,-23.174515235457,77.0263366699219
"Rhincodon typus",-11.42722,119.16444,16697,2015,9,19,119.16444,-11.42722,"original",0,NA,NA,5040.228515625
"Rhincodon typus",-19.72028,115.65722,16690,2015,9,12,115.65722,-19.72028,"original",0,NA,NA,191.654800415039
"Rhincodon typus",-13.58583,113.77889,16687,2015,9,9,113.77889,-13.58583,"original",0,NA,NA,5134.25732421875
"Rhincodon typus",-19.54722,116.46611,16679,2015,9,1,116.46611,-19.54722,"original",0,NA,NA,110.10767364502
"Rhincodon typus",-19.54361,116.50667,16679,2015,9,1,116.50667,-19.54361,"original",0,NA,NA,110.10767364502
"Rhincodon typus",-22.95056,113.28639,16702,2015,9,24,113.28639,-22.95056,"original",0,NA,NA,422.541259765625
"Rhincodon typus",-12.17833,113.85917,16681,2015,9,3,113.85917,-12.17833,"original",0,NA,NA,4783.2734375
"Rhincodon typus",-22.86889,113.6775,16702,2015,9,24,113.6775,-22.86889,"original",0,NA,NA,96.4634246826172
"Rhincodon typus",-17.53528,113.81778,16687,2015,9,9,113.81778,-17.53528,"original",0,NA,NA,1919.94311523438
"Rhincodon typus",-22.67639,113.54167,16700,2015,9,22,113.54167,-22.67639,"original",0,NA,NA,164.364624023438
"Rhincodon typus",-8.24806,110.55139,16704,2015,9,26,110.55139,-8.24806,"original",0,NA,NA,155.332550048828
"Rhincodon typus",-14.47,114.22528,16691,2015,9,13,114.22528,-14.47,"original",0,NA,NA,5176.849609375
"Rhincodon typus",-22.6925,113.57639,16692,2015,9,14,113.57639,-22.6925,"original",0,NA,NA,164.364624023438
"Rhincodon typus",-8.89611,110.94167,16688,2015,9,10,110.94167,-8.89611,"original",0,NA,NA,2160.12890625
"Rhincodon typus",-14.64472,114.76861,16692,2015,9,14,114.76861,-14.64472,"original",0,NA,NA,5747.28369140625
"Rhincodon typus",-14.2425,121.66417,16707,2015,9,29,121.66417,-14.2425,"original",0,NA,NA,365.264312744141
"Rhincodon typus",-14.63556,114.66167,16692,2015,9,14,114.66167,-14.63556,"original",0,NA,NA,5593.61669921875
"Rhincodon typus",-11.31844,130.72068,16734,2015,10,26,130.72068,-11.31844,"original",0,NA,NA,17.5113620758057
"Rhincodon typus",-11.05161,133.08059,16738,2015,10,30,133.08059,-11.05161,"original",0,NA,NA,28.8592128753662
"Rhincodon typus",-11.41277,136.79282,16738,2015,10,30,136.79282,-11.41277,"original",0,NA,NA,34.5040855407715
"Rhincodon typus",-12.91356,136.70585,16729,2015,10,21,136.70585,-12.91356,"original",0,NA,NA,21.6174011230469
"Rhincodon typus",-22.6,113.61,16731,2015,10,23,113.61,-22.6,"original",0,NA,NA,164.364624023438
"Rhincodon typus",-22.6,113.61,16730,2015,10,22,113.61,-22.6,"original",0,NA,NA,164.364624023438
"Rhincodon typus",-22.6,113.62,16732,2015,10,24,113.62,-22.6,"original",0,NA,NA,164.364624023438
"Rhincodon typus",-21.9,113.93,16717,2015,10,9,113.93,-21.9,"original",0,NA,NA,402.422149658203
"Rhincodon typus",-23.174515235457,113.559556786704,16711,2015,10,3,113.72,-23.13,"corrected",17.1541934688524,113.559556786704,-23.174515235457,77.0263366699219
"Rhincodon typus",-23.174515235457,113.559556786704,16711,2015,10,3,113.73,-23.13,"corrected",18.1374521368589,113.559556786704,-23.174515235457,77.0263366699219
"Rhincodon typus",-23.174515235457,113.559556786704,16711,2015,10,3,113.71,-23.13,"corrected",16.1760001868536,113.559556786704,-23.174515235457,77.0263366699219
"Rhincodon typus",-23.174515235457,113.559556786704,16710,2015,10,2,113.73,-23.13,"corrected",18.1374521368589,113.559556786704,-23.174515235457,77.0263366699219
"Rhincodon typus",-22.6,113.61,16739,2015,10,31,113.61,-22.6,"original",0,NA,NA,164.364624023438
"Rhincodon typus",-22.6,113.62,16739,2015,10,31,113.62,-22.6,"original",0,NA,NA,164.364624023438
"Rhincodon typus",-3.24247,134.99295,16737,2015,10,29,134.99295,-3.24247,"original",0,NA,NA,71.0225524902344
"Rhincodon typus",-3.22492,135.01753,16737,2015,10,29,135.01753,-3.22492,"original",0,NA,NA,71.0225524902344
"Rhincodon typus",-3.24,134.99,16737,2015,10,29,134.99,-3.24,"original",0,NA,NA,71.0225524902344
"Rhincodon typus",-13.76639,115.55361,16719,2015,10,11,115.55361,-13.76639,"original",0,NA,NA,5645.34716796875
"Rhincodon typus",-8.72806,110.98194,16714,2015,10,6,110.98194,-8.72806,"original",0,NA,NA,896.186462402344
"Rhincodon typus",-13.71722,108.44972,16727,2015,10,19,108.44972,-13.71722,"original",0,NA,NA,3127.833984375
"Rhincodon typus",-22.4265927977839,113.559556786704,16739,2015,10,31,113.7,-22.5,"corrected",16.5837925746159,113.559556786704,-22.4265927977839,410.919006347656
"Rhincodon typus",-23.4238227146814,113.559556786704,16717,2015,10,9,113.8,-23.3,"corrected",28.1506181681087,113.559556786704,-23.4238227146814,57.8942565917969
"Rhincodon typus",-12.54417,109.08417,16725,2015,10,17,109.08417,-12.54417,"original",0,NA,NA,4427.30224609375
"Rhincodon typus",-14.1675,108.02694,16729,2015,10,21,108.02694,-14.1675,"original",0,NA,NA,5231.8583984375
"Rhincodon typus",-11.32222,109.52222,16717,2015,10,9,109.52222,-11.32222,"original",0,NA,NA,4972.2685546875
"Rhincodon typus",-22.9252077562327,113.559556786704,16729,2015,10,21,113.71,-23.00694,"corrected",17.8868477009439,113.559556786704,-22.9252077562327,96.4634246826172
"Rhincodon typus",-22.9252077562327,113.559556786704,16715,2015,10,7,113.7,-22.9,"corrected",14.6757946926051,113.559556786704,-22.9252077562327,96.4634246826172
"Rhincodon typus",-13.96472,108.28583,16728,2015,10,20,108.28583,-13.96472,"original",0,NA,NA,4852.46484375
"Rhincodon typus",-22.9252077562327,113.559556786704,16733,2015,10,25,113.7,-22.9,"corrected",14.6757946926051,113.559556786704,-22.9252077562327,96.4634246826172
"Rhincodon typus",-22.85806,113.66444,16728,2015,10,20,113.66444,-22.85806,"original",0,NA,NA,96.4634246826172
"Rhincodon typus",-11.34056,109.50111,16717,2015,10,9,109.50111,-11.34056,"original",0,NA,NA,4710.59912109375
"Rhincodon typus",-8.22611,110.67833,16710,2015,10,2,110.67833,-8.22611,"original",0,NA,NA,155.332550048828
"Rhincodon typus",-22.4265927977839,113.559556786704,16738,2015,10,30,113.7,-22.5,"corrected",16.5837925746159,113.559556786704,-22.4265927977839,410.919006347656
"Rhincodon typus",-13.97417,108.26556,16728,2015,10,20,108.26556,-13.97417,"original",0,NA,NA,4852.46484375
"Rhincodon typus",-22.9252077562327,113.559556786704,16723,2015,10,15,113.68639,-22.88806,"corrected",13.647004829502,113.559556786704,-22.9252077562327,96.4634246826172
"Rhincodon typus",-22.9252077562327,113.559556786704,16714,2015,10,6,113.7,-22.9,"corrected",14.6757946926051,113.559556786704,-22.9252077562327,96.4634246826172
"Rhincodon typus",-13.30194,108.67861,16726,2015,10,18,108.67861,-13.30194,"original",0,NA,NA,3556.39868164062
"Rhincodon typus",-22.64222,113.55722,16736,2015,10,28,113.55722,-22.64222,"original",0,NA,NA,164.364624023438
"Rhincodon typus",-22.6,113.6,16735,2015,10,27,113.6,-22.6,"original",0,NA,NA,164.364624023438
"Rhincodon typus",-22.58889,113.57528,16732,2015,10,24,113.57528,-22.58889,"original",0,NA,NA,164.364624023438
"Rhincodon typus",-13.7275,115.15333,16720,2015,10,12,115.15333,-13.7275,"original",0,NA,NA,5700.23876953125
"Rhincodon typus",-11.29778,109.55667,16719,2015,10,11,109.55667,-11.29778,"original",0,NA,NA,4972.2685546875
"Rhincodon typus",-11.33056,109.52278,16717,2015,10,9,109.52278,-11.33056,"original",0,NA,NA,4972.2685546875
"Rhincodon typus",-22.9252077562327,113.559556786704,16716,2015,10,8,113.69,-22.87611,"corrected",14.4454693544817,113.559556786704,-22.9252077562327,96.4634246826172
"Rhincodon typus",-22.81528,113.47694,16734,2015,10,26,113.47694,-22.81528,"original",0,NA,NA,96.4634246826172
"Rhincodon typus",-22.22917,113.62111,16727,2015,10,19,113.62111,-22.22917,"original",0,NA,NA,771.343627929688
"Rhincodon typus",-14.77056,114.36917,16730,2015,10,22,114.36917,-14.77056,"original",0,NA,NA,4159.97314453125
"Rhincodon typus",-12.79806,108.95694,16725,2015,10,17,108.95694,-12.79806,"original",0,NA,NA,3923.78637695312
"Rhincodon typus",-22.9252077562327,113.559556786704,16712,2015,10,4,113.7,-23,"corrected",16.6143799399014,113.559556786704,-22.9252077562327,96.4634246826172
"Rhincodon typus",-13.79556,108.37472,16727,2015,10,19,108.37472,-13.79556,"original",0,NA,NA,4880.669921875
"Rhincodon typus",-22.74806,113.58389,16739,2015,10,31,113.58389,-22.74806,"original",0,NA,NA,164.364624023438
"Rhincodon typus",-11.51639,109.51139,16715,2015,10,7,109.51139,-11.51639,"original",0,NA,NA,4710.59912109375
"Rhincodon typus",-22.9252077562327,113.559556786704,16713,2015,10,5,113.7,-22.9,"corrected",14.6757946926051,113.559556786704,-22.9252077562327,96.4634246826172
"Rhincodon typus",-15.47694,114.34444,16736,2015,10,28,114.34444,-15.47694,"original",0,NA,NA,5539.86962890625
"Rhincodon typus",-22.75944,113.58111,16739,2015,10,31,113.58111,-22.75944,"original",0,NA,NA,164.364624023438
"Rhincodon typus",-11.34222,109.50194,16717,2015,10,9,109.50194,-11.34222,"original",0,NA,NA,4710.59912109375
"Rhincodon typus",-12.45306,109.19111,16724,2015,10,16,109.19111,-12.45306,"original",0,NA,NA,4427.30224609375
"Rhincodon typus",-12.3975,117.15917,16712,2015,10,4,117.15917,-12.3975,"original",0,NA,NA,5427.17578125
"Rhincodon typus",-11.40139,109.53361,16719,2015,10,11,109.53361,-11.40139,"original",0,NA,NA,4710.59912109375
"Rhincodon typus",-12.05306,109.43361,16723,2015,10,15,109.43361,-12.05306,"original",0,NA,NA,4551.36328125
"Rhincodon typus",-22.86611,113.54194,16735,2015,10,27,113.54194,-22.86611,"original",0,NA,NA,96.4634246826172
"Rhincodon typus",-22.4265927977839,113.559556786704,16734,2015,10,26,113.7,-22.5,"corrected",16.5837925746159,113.559556786704,-22.4265927977839,410.919006347656
"Rhincodon typus",-13.28306,108.68,16726,2015,10,18,108.68,-13.28306,"original",0,NA,NA,3556.39868164062
"Rhincodon typus",-22.9,113.6,16720,2015,10,12,113.6,-22.9,"original",0,NA,NA,96.4634246826172
"Rhincodon typus",-22.9252077562327,113.559556786704,16714,2015,10,6,113.68528,-22.93556,"corrected",12.9469207117928,113.559556786704,-22.9252077562327,96.4634246826172
"Rhincodon typus",-14.12083,114.72639,16724,2015,10,16,114.72639,-14.12083,"original",0,NA,NA,5664.18212890625
"Rhincodon typus",-12.41278,109.21139,16724,2015,10,16,109.21139,-12.41278,"original",0,NA,NA,4425.9619140625
"Rhincodon typus",-22.56694,113.56944,16735,2015,10,27,113.56944,-22.56694,"original",0,NA,NA,164.364624023438
"Rhincodon typus",-23.4238227146814,113.559556786704,16717,2015,10,9,113.8,-23.5,"corrected",25.9744873542393,113.559556786704,-23.4238227146814,57.8942565917969
"Rhincodon typus",-22.9252077562327,113.559556786704,16726,2015,10,18,113.7,-22.9,"corrected",14.6757946926051,113.559556786704,-22.9252077562327,96.4634246826172
"Rhincodon typus",-8.66361,110.62278,16716,2015,10,8,110.62278,-8.66361,"original",0,NA,NA,1032.78356933594
"Rhincodon typus",-22.9,113.6,16724,2015,10,16,113.6,-22.9,"original",0,NA,NA,96.4634246826172
"Rhincodon typus",-12.22722,117.19944,16711,2015,10,3,117.19944,-12.22722,"original",0,NA,NA,5454.62841796875
"Rhincodon typus",-22.9252077562327,113.559556786704,16718,2015,10,10,113.7,-22.9,"corrected",14.6757946926051,113.559556786704,-22.9252077562327,96.4634246826172
"Rhincodon typus",-22.9252077562327,113.559556786704,16713,2015,10,5,113.8,-22.9,"corrected",24.8241479686729,113.559556786704,-22.9252077562327,96.4634246826172
"Rhincodon typus",-15.65111,108.01861,16734,2015,10,26,108.01861,-15.65111,"original",0,NA,NA,5656.15966796875
"Rhincodon typus",-22.7,113.6,16736,2015,10,28,113.6,-22.7,"original",0,NA,NA,164.364624023438
"Rhincodon typus",-22.4265927977839,113.559556786704,16737,2015,10,29,113.7,-22.5,"corrected",16.5837925746159,113.559556786704,-22.4265927977839,410.919006347656
"Rhincodon typus",-8.36667,110.01528,16726,2015,10,18,110.01528,-8.36667,"original",0,NA,NA,997.669372558594
"Rhincodon typus",-14.06639,108.20694,16728,2015,10,20,108.20694,-14.06639,"original",0,NA,NA,4852.46484375
"Rhincodon typus",-19.57861,117.82194,16710,2015,10,2,117.82194,-19.57861,"original",0,NA,NA,57.6652183532715
"Rhincodon typus",-8.45083,109.10306,16721,2015,10,13,109.10306,-8.45083,"original",0,NA,NA,2335.84594726562
"Rhincodon typus",-13.83,108.37083,16728,2015,10,20,108.37083,-13.83,"original",0,NA,NA,4852.46484375
"Rhincodon typus",-11.44139,109.515,16716,2015,10,8,109.515,-11.44139,"original",0,NA,NA,4710.59912109375
"Rhincodon typus",-12.7475,110.14306,16710,2015,10,2,110.14306,-12.7475,"original",0,NA,NA,4660.94482421875
"Rhincodon typus",-12.585,109.0675,16725,2015,10,17,109.0675,-12.585,"original",0,NA,NA,3923.78637695312
"Rhincodon typus",-8.34833,109.86389,16721,2015,10,13,109.86389,-8.34833,"original",0,NA,NA,1149.44580078125
"Rhincodon typus",-22.76139,113.475,16716,2015,10,8,113.475,-22.76139,"original",0,NA,NA,164.364624023438
"Rhincodon typus",-22.4265927977839,113.559556786704,16735,2015,10,27,113.7,-22.5,"corrected",16.5837925746159,113.559556786704,-22.4265927977839,410.919006347656
"Rhincodon typus",-13.52889,108.54917,16727,2015,10,19,108.54917,-13.52889,"original",0,NA,NA,3226.42651367188
"Rhincodon typus",-12.19528,117.22111,16711,2015,10,3,117.22111,-12.19528,"original",0,NA,NA,5454.62841796875
"Rhincodon typus",-22.9252077562327,113.559556786704,16721,2015,10,13,113.8,-22.9,"corrected",24.8241479686729,113.559556786704,-22.9252077562327,96.4634246826172
"Rhincodon typus",-11.39056,109.54167,16719,2015,10,11,109.54167,-11.39056,"original",0,NA,NA,4710.59912109375
"Rhincodon typus",-12.37472,110.84028,16709,2015,10,1,110.84028,-12.37472,"original",0,NA,NA,3420.16381835938
"Rhincodon typus",-22.90278,113.64306,16730,2015,10,22,113.64306,-22.90278,"original",0,NA,NA,96.4634246826172
"Rhincodon typus",-13.34778,108.62722,16726,2015,10,18,108.62722,-13.34778,"original",0,NA,NA,3226.42651367188
"Rhincodon typus",-12.56083,108.75583,16712,2015,10,4,108.75583,-12.56083,"original",0,NA,NA,4537.35595703125
"Rhincodon typus",-12.73056,109.13139,16711,2015,10,3,109.13139,-12.73056,"original",0,NA,NA,3923.78637695312
"Rhincodon typus",-8.39639,110.00778,16726,2015,10,18,110.00778,-8.39639,"original",0,NA,NA,997.669372558594
"Rhincodon typus",-22.87639,113.65861,16715,2015,10,7,113.65861,-22.87639,"original",0,NA,NA,96.4634246826172
"Rhincodon typus",-22.7,113.6,16739,2015,10,31,113.6,-22.7,"original",0,NA,NA,164.364624023438
"Rhincodon typus",-8.665,110.91389,16715,2015,10,7,110.91389,-8.665,"original",0,NA,NA,987.101257324219
"Rhincodon typus",-22.9252077562327,113.559556786704,16720,2015,10,12,113.7,-22.9,"corrected",14.6757946926051,113.559556786704,-22.9252077562327,96.4634246826172
"Rhincodon typus",-19.63417,117.86056,16710,2015,10,2,117.86056,-19.63417,"original",0,NA,NA,57.6652183532715
"Rhincodon typus",-13.59083,115.82944,16718,2015,10,10,115.82944,-13.59083,"original",0,NA,NA,5664.74755859375
"Rhincodon typus",-12.72028,110.23778,16710,2015,10,2,110.23778,-12.72028,"original",0,NA,NA,4270.68017578125
"Rhincodon typus",-11.50139,109.52417,16715,2015,10,7,109.52417,-11.50139,"original",0,NA,NA,4710.59912109375
"Rhincodon typus",-11.48639,109.52028,16715,2015,10,7,109.52028,-11.48639,"original",0,NA,NA,4710.59912109375
"Rhincodon typus",-22.7,113.6,16738,2015,10,30,113.6,-22.7,"original",0,NA,NA,164.364624023438
"Rhincodon typus",-8.45111,109.12278,16721,2015,10,13,109.12278,-8.45111,"original",0,NA,NA,2335.84594726562
"Rhincodon typus",-13.64056,115.31306,16721,2015,10,13,115.31306,-13.64056,"original",0,NA,NA,5644.70849609375
"Rhincodon typus",-22.9252077562327,113.559556786704,16723,2015,10,15,113.69139,-22.88611,"corrected",14.2013891130775,113.559556786704,-22.9252077562327,96.4634246826172
"Rhincodon typus",-15.60333,108.76306,16739,2015,10,31,108.76306,-15.60333,"original",0,NA,NA,5535.40185546875
"Rhincodon typus",-23.20222,113.60556,16711,2015,10,3,113.60556,-23.20222,"original",0,NA,NA,77.0263366699219
"Rhincodon typus",-14.27556,107.72306,16729,2015,10,21,107.72306,-14.27556,"original",0,NA,NA,5254.1953125
"Rhincodon typus",-15.49583,114.33556,16737,2015,10,29,114.33556,-15.49583,"original",0,NA,NA,5539.86962890625
"Rhincodon typus",-22.9252077562327,113.559556786704,16727,2015,10,19,113.8,-22.9,"corrected",24.8241479686729,113.559556786704,-22.9252077562327,96.4634246826172
"Rhincodon typus",-23.07444,113.63417,16712,2015,10,4,113.63417,-23.07444,"original",0,NA,NA,77.0263366699219
"Rhincodon typus",-11.435,109.51583,16720,2015,10,12,109.51583,-11.435,"original",0,NA,NA,4710.59912109375
"Rhincodon typus",-14.11222,114.94944,16723,2015,10,15,114.94944,-14.11222,"original",0,NA,NA,5716.662109375
"Rhincodon typus",-13.69917,115.20389,16720,2015,10,12,115.20389,-13.69917,"original",0,NA,NA,5644.70849609375
"Rhincodon typus",-8.2325,110.67806,16710,2015,10,2,110.67806,-8.2325,"original",0,NA,NA,155.332550048828
"Rhincodon typus",-22.9252077562327,113.559556786704,16727,2015,10,19,113.7,-22.9,"corrected",14.6757946926051,113.559556786704,-22.9252077562327,96.4634246826172
"Rhincodon typus",-22.9252077562327,113.559556786704,16716,2015,10,8,113.7,-22.9,"corrected",14.6757946926051,113.559556786704,-22.9252077562327,96.4634246826172
"Rhincodon typus",-22.89583,113.67611,16733,2015,10,25,113.67611,-22.89583,"original",0,NA,NA,96.4634246826172
"Rhincodon typus",-14.11139,114.95222,16723,2015,10,15,114.95222,-14.11139,"original",0,NA,NA,5716.662109375
"Rhincodon typus",-22.7275,113.58556,16738,2015,10,30,113.58556,-22.7275,"original",0,NA,NA,164.364624023438
"Rhincodon typus",-22.9252077562327,113.559556786704,16729,2015,10,21,113.7,-22.9,"corrected",14.6757946926051,113.559556786704,-22.9252077562327,96.4634246826172
"Rhincodon typus",-14.87639,114.36639,16730,2015,10,22,114.36639,-14.87639,"original",0,NA,NA,4247.62353515625
"Rhincodon typus",-13.75722,108.31278,16727,2015,10,19,108.31278,-13.75722,"original",0,NA,NA,4880.669921875
"Rhincodon typus",-12.5525,108.72333,16712,2015,10,4,108.72333,-12.5525,"original",0,NA,NA,4537.35595703125
"Rhincodon typus",-11.39722,109.53694,16719,2015,10,11,109.53694,-11.39722,"original",0,NA,NA,4710.59912109375
"Rhincodon typus",-15.42306,113.82972,16739,2015,10,31,113.82972,-15.42306,"original",0,NA,NA,5171.46337890625
"Rhincodon typus",-8.73806,111.01139,16714,2015,10,6,111.01139,-8.73806,"original",0,NA,NA,896.186462402344
"Rhincodon typus",-12.69056,109.00472,16725,2015,10,17,109.00472,-12.69056,"original",0,NA,NA,3923.78637695312
"Rhincodon typus",-19.61528,117.90778,16710,2015,10,2,117.90778,-19.61528,"original",0,NA,NA,57.6652183532715
"Rhincodon typus",-15.48806,114.34972,16736,2015,10,28,114.34972,-15.48806,"original",0,NA,NA,5539.86962890625
"Rhincodon typus",-11.33167,109.56167,16717,2015,10,9,109.56167,-11.33167,"original",0,NA,NA,4972.2685546875
"Rhincodon typus",-22.9252077562327,113.559556786704,16723,2015,10,15,113.7,-22.9,"corrected",14.6757946926051,113.559556786704,-22.9252077562327,96.4634246826172
"Rhincodon typus",-14.87861,114.71806,16731,2015,10,23,114.71806,-14.87861,"original",0,NA,NA,5693.142578125
"Rhincodon typus",-12.74222,109.1925,16711,2015,10,3,109.1925,-12.74222,"original",0,NA,NA,3923.78637695312
"Rhincodon typus",-12.46917,108.52861,16712,2015,10,4,108.52861,-12.46917,"original",0,NA,NA,4802.53515625
"Rhincodon typus",-11.50694,109.51583,16715,2015,10,7,109.51583,-11.50694,"original",0,NA,NA,4710.59912109375
"Rhincodon typus",-22.5,113.6,16739,2015,10,31,113.6,-22.5,"original",0,NA,NA,410.919006347656
"Rhincodon typus",-15.41278,114.30806,16736,2015,10,28,114.30806,-15.41278,"original",0,NA,NA,5539.86962890625
"Rhincodon typus",-11.39194,109.50111,16716,2015,10,8,109.50111,-11.39194,"original",0,NA,NA,4710.59912109375
"Rhincodon typus",-14.92722,114.75111,16731,2015,10,23,114.75111,-14.92722,"original",0,NA,NA,5693.142578125
"Rhincodon typus",-11.45722,109.52,16716,2015,10,8,109.52,-11.45722,"original",0,NA,NA,4710.59912109375
"Rhincodon typus",-22.9252077562327,113.559556786704,16709,2015,10,1,113.7,-23,"corrected",16.6143799399014,113.559556786704,-22.9252077562327,96.4634246826172
"Rhincodon typus",-14.10972,114.95667,16723,2015,10,15,114.95667,-14.10972,"original",0,NA,NA,5716.662109375
"Rhincodon typus",-22.9252077562327,113.559556786704,16723,2015,10,15,113.68833,-22.87722,"corrected",14.240499816888,113.559556786704,-22.9252077562327,96.4634246826172
"Rhincodon typus",-12.77944,109.23528,16711,2015,10,3,109.23528,-12.77944,"original",0,NA,NA,4265.98193359375
"Rhincodon typus",-22.88667,113.62667,16714,2015,10,6,113.62667,-22.88667,"original",0,NA,NA,96.4634246826172
"Rhincodon typus",-13.52056,115.49333,16721,2015,10,13,115.49333,-13.52056,"original",0,NA,NA,5634.783203125
"Rhincodon typus",-12.66556,109.01472,16725,2015,10,17,109.01472,-12.66556,"original",0,NA,NA,3923.78637695312
"Rhincodon typus",-11.46111,109.51583,16715,2015,10,7,109.51583,-11.46111,"original",0,NA,NA,4710.59912109375
"Rhincodon typus",-15.77917,114.28917,16737,2015,10,29,114.28917,-15.77917,"original",0,NA,NA,5576.9521484375
"Rhincodon typus",-13.515,115.92417,16718,2015,10,10,115.92417,-13.515,"original",0,NA,NA,5651.763671875
"Rhincodon typus",-8.66083,110.91111,16715,2015,10,7,110.91111,-8.66083,"original",0,NA,NA,987.101257324219
"Rhincodon typus",-22.9252077562327,113.559556786704,16725,2015,10,17,113.7,-22.9,"corrected",14.6757946926051,113.559556786704,-22.9252077562327,96.4634246826172
"Rhincodon typus",-12.11389,109.3875,16723,2015,10,15,109.3875,-12.11389,"original",0,NA,NA,4437.9736328125
"Rhincodon typus",-11.37556,109.54278,16719,2015,10,11,109.54278,-11.37556,"original",0,NA,NA,4710.59912109375
"Rhincodon typus",-8.56694,110.53222,16729,2015,10,21,110.53222,-8.56694,"original",0,NA,NA,416.280792236328
"Rhincodon typus",-12.85528,110.04,16711,2015,10,3,110.04,-12.85528,"original",0,NA,NA,4963.8046875
"Rhincodon typus",-13.31278,108.72056,16726,2015,10,18,108.72056,-13.31278,"original",0,NA,NA,4077.03588867188
"Rhincodon typus",-8.7725,111.09417,16714,2015,10,6,111.09417,-8.7725,"original",0,NA,NA,896.186462402344
"Rhincodon typus",-8.42944,109.21056,16721,2015,10,13,109.21056,-8.42944,"original",0,NA,NA,2002.47302246094
"Rhincodon typus",-12.06056,109.40889,16723,2015,10,15,109.40889,-12.06056,"original",0,NA,NA,4551.36328125
"Rhincodon typus",-22.6,113.6,16736,2015,10,28,113.6,-22.6,"original",0,NA,NA,164.364624023438
"Rhincodon typus",-8.22972,110.68278,16710,2015,10,2,110.68278,-8.22972,"original",0,NA,NA,155.332550048828
"Rhincodon typus",-22.4265927977839,113.559556786704,16739,2015,10,31,113.7,-22.4,"corrected",14.7568732910328,113.559556786704,-22.4265927977839,410.919006347656
"Rhincodon typus",-14.16,114.81583,16724,2015,10,16,114.81583,-14.16,"original",0,NA,NA,5664.18212890625
"Rhincodon typus",-22.9252077562327,113.559556786704,16719,2015,10,11,113.7,-22.9,"corrected",14.6757946926051,113.559556786704,-22.9252077562327,96.4634246826172
"Rhincodon typus",-12.26861,111.09111,16709,2015,10,1,111.09111,-12.26861,"original",0,NA,NA,3048.8720703125
"Rhincodon typus",-13.53667,108.52417,16727,2015,10,19,108.52417,-13.53667,"original",0,NA,NA,3226.42651367188
"Rhincodon typus",-11.4275,109.52472,16720,2015,10,12,109.52472,-11.4275,"original",0,NA,NA,4710.59912109375
"Rhincodon typus",-12.62,109.03611,16725,2015,10,17,109.03611,-12.62,"original",0,NA,NA,3923.78637695312
"Rhincodon typus",-22.84111,113.65361,16728,2015,10,20,113.65361,-22.84111,"original",0,NA,NA,96.4634246826172
"Rhincodon typus",-23.06944,113.59694,16712,2015,10,4,113.59694,-23.06944,"original",0,NA,NA,77.0263366699219
"Rhincodon typus",-11.50083,109.51917,16715,2015,10,7,109.51917,-11.50083,"original",0,NA,NA,4710.59912109375
"Rhincodon typus",-22.8,113.6,16738,2015,10,30,113.6,-22.8,"original",0,NA,NA,164.364624023438
"Rhincodon typus",-8.82056,110.57944,16739,2015,10,31,110.57944,-8.82056,"original",0,NA,NA,1032.78356933594
"Rhincodon typus",-23.25972,113.64028,16711,2015,10,3,113.64028,-23.25972,"original",0,NA,NA,77.0263366699219
"Rhincodon typus",-22.81,113.49833,16735,2015,10,27,113.49833,-22.81,"original",0,NA,NA,96.4634246826172
"Rhincodon typus",-11.30639,109.51639,16718,2015,10,10,109.51639,-11.30639,"original",0,NA,NA,4972.2685546875
"Rhincodon typus",-22.75722,113.58444,16739,2015,10,31,113.58444,-22.75722,"original",0,NA,NA,164.364624023438
"Rhincodon typus",-11.53889,109.53528,16714,2015,10,6,109.53528,-11.53889,"original",0,NA,NA,4710.59912109375
"Rhincodon typus",-8.46917,109.88139,16727,2015,10,19,109.88139,-8.46917,"original",0,NA,NA,1149.44580078125
"Rhincodon typus",-14.70333,108.06917,16731,2015,10,23,108.06917,-14.70333,"original",0,NA,NA,5517.5693359375
"Rhincodon typus",-11.32222,109.51222,16718,2015,10,10,109.51222,-11.32222,"original",0,NA,NA,4972.2685546875
"Rhincodon typus",-12.20361,111.30361,16709,2015,10,1,111.30361,-12.20361,"original",0,NA,NA,2943.9443359375
"Rhincodon typus",-14.975,114.81778,16732,2015,10,24,114.81778,-14.975,"original",0,NA,NA,5693.142578125
"Rhincodon typus",-22.87944,113.66389,16715,2015,10,7,113.66389,-22.87944,"original",0,NA,NA,96.4634246826172
"Rhincodon typus",-12.12861,109.36917,16723,2015,10,15,109.36917,-12.12861,"original",0,NA,NA,4437.9736328125
"Rhincodon typus",-13.43694,108.55583,16727,2015,10,19,108.55583,-13.43694,"original",0,NA,NA,3226.42651367188
"Rhincodon typus",-22.9252077562327,113.559556786704,16709,2015,10,1,113.68722,-23.01278,"corrected",16.2921962023808,113.559556786704,-22.9252077562327,96.4634246826172
"Rhincodon typus",-13.92444,114.64944,16726,2015,10,18,114.64944,-13.92444,"original",0,NA,NA,5656.98779296875
"Rhincodon typus",-8.53111,110.54778,16729,2015,10,21,110.54778,-8.53111,"original",0,NA,NA,416.280792236328
"Rhincodon typus",-22.9252077562327,113.559556786704,16710,2015,10,2,113.7,-23,"corrected",16.6143799399014,113.559556786704,-22.9252077562327,96.4634246826172
"Rhincodon typus",-14.07222,108.11111,16728,2015,10,20,108.11111,-14.07222,"original",0,NA,NA,5254.4404296875
"Rhincodon typus",-13.25944,108.69528,16726,2015,10,18,108.69528,-13.25944,"original",0,NA,NA,3556.39868164062
"Rhincodon typus",-12.63333,110.25278,16710,2015,10,2,110.25278,-12.63333,"original",0,NA,NA,4270.68017578125
"Rhincodon typus",-22.52861,113.58583,16733,2015,10,25,113.58583,-22.52861,"original",0,NA,NA,410.919006347656
"Rhincodon typus",-12.41472,109.20417,16724,2015,10,16,109.20417,-12.41472,"original",0,NA,NA,4425.9619140625
"Rhincodon typus",-12.23778,111.14833,16709,2015,10,1,111.14833,-12.23778,"original",0,NA,NA,3048.8720703125
"Rhincodon typus",-22.85667,113.58278,16723,2015,10,15,113.58278,-22.85667,"original",0,NA,NA,96.4634246826172
"Rhincodon typus",-22.74778,113.58389,16739,2015,10,31,113.58389,-22.74778,"original",0,NA,NA,164.364624023438
"Rhincodon typus",-19.49611,114.88139,16730,2015,10,22,114.88139,-19.49611,"original",0,NA,NA,1462.92004394531
"Rhincodon typus",-13.90444,114.64667,16726,2015,10,18,114.64667,-13.90444,"original",0,NA,NA,5656.98779296875
"Rhincodon typus",-22.94111,113.675,16714,2015,10,6,113.675,-22.94111,"original",0,NA,NA,96.4634246826172
"Rhincodon typus",-12.05639,109.49611,16723,2015,10,15,109.49611,-12.05639,"original",0,NA,NA,4413.89111328125
"Rhincodon typus",-13.92639,108.29389,16728,2015,10,20,108.29389,-13.92639,"original",0,NA,NA,4852.46484375
"Rhincodon typus",-22.9252077562327,113.559556786704,16714,2015,10,6,113.8,-22.9,"corrected",24.8241479686729,113.559556786704,-22.9252077562327,96.4634246826172
"Rhincodon typus",-15.92028,120.75611,16714,2015,10,6,120.75611,-15.92028,"original",0,NA,NA,302.649536132812
"Rhincodon typus",-8.42389,109.16806,16721,2015,10,13,109.16806,-8.42389,"original",0,NA,NA,2335.84594726562
"Rhincodon typus",-22.9,113.6,16723,2015,10,15,113.6,-22.9,"original",0,NA,NA,96.4634246826172
"Rhincodon typus",-22.9252077562327,113.559556786704,16724,2015,10,16,113.7,-22.9,"corrected",14.6757946926051,113.559556786704,-22.9252077562327,96.4634246826172
"Rhincodon typus",-16.92139,116.88861,16724,2015,10,16,116.88861,-16.92139,"original",0,NA,NA,2821.92651367188
"Rhincodon typus",-22.82278,113.6475,16727,2015,10,19,113.6475,-22.82278,"original",0,NA,NA,96.4634246826172
"Rhincodon typus",-11.31611,109.51444,16717,2015,10,9,109.51444,-11.31611,"original",0,NA,NA,4972.2685546875
"Rhincodon typus",-13.39528,115.99639,16718,2015,10,10,115.99639,-13.39528,"original",0,NA,NA,5664.78662109375
"Rhincodon typus",-21.63694,112.91889,16723,2015,10,15,112.91889,-21.63694,"original",0,NA,NA,2625.099609375
"Rhincodon typus",-12.78556,110.06028,16710,2015,10,2,110.06028,-12.78556,"original",0,NA,NA,4660.94482421875
"Rhincodon typus",-11.33111,109.52917,16717,2015,10,9,109.52917,-11.33111,"original",0,NA,NA,4972.2685546875
"Rhincodon typus",-12.80861,109.34556,16711,2015,10,3,109.34556,-12.80861,"original",0,NA,NA,4265.98193359375
"Rhincodon typus",-12.00028,108.585,16713,2015,10,5,108.585,-12.00028,"original",0,NA,NA,5189.89453125
"Rhincodon typus",-11.37861,109.50472,16716,2015,10,8,109.50472,-11.37861,"original",0,NA,NA,4710.59912109375
"Rhincodon typus",-8.23,109.62944,16723,2015,10,15,109.62944,-8.23,"original",0,NA,NA,755.559936523438
"Rhincodon typus",-12.33056,109.24972,16724,2015,10,16,109.24972,-12.33056,"original",0,NA,NA,4425.9619140625
"Rhincodon typus",-11.6325,117.77694,16709,2015,10,1,117.77694,-11.6325,"original",0,NA,NA,5555.01513671875
"Rhincodon typus",-12.25278,111.20333,16709,2015,10,1,111.20333,-12.25278,"original",0,NA,NA,2943.9443359375
"Rhincodon typus",-8.50556,110.27889,16728,2015,10,20,110.27889,-8.50556,"original",0,NA,NA,726.751647949219
"Rhincodon typus",-22.8,113.6,16722,2015,10,14,113.6,-22.8,"original",0,NA,NA,164.364624023438
"Rhincodon typus",-14.1025,108.17306,16728,2015,10,20,108.17306,-14.1025,"original",0,NA,NA,5231.8583984375
"Rhincodon typus",-13.86917,108.3525,16728,2015,10,20,108.3525,-13.86917,"original",0,NA,NA,4852.46484375
"Rhincodon typus",-13.00472,116.58194,16714,2015,10,6,116.58194,-13.00472,"original",0,NA,NA,5530.70703125
"Rhincodon typus",-8.4025,109.98528,16726,2015,10,18,109.98528,-8.4025,"original",0,NA,NA,997.669372558594
"Rhincodon typus",-22.82194,113.46639,16734,2015,10,26,113.46639,-22.82194,"original",0,NA,NA,96.4634246826172
"Rhincodon typus",-8.36278,109.93722,16718,2015,10,10,109.93722,-8.36278,"original",0,NA,NA,1149.44580078125
"Rhincodon typus",-8.24722,110.03667,16720,2015,10,12,110.03667,-8.24722,"original",0,NA,NA,363.632476806641
"Rhincodon typus",-8.67556,110.63028,16716,2015,10,8,110.63028,-8.67556,"original",0,NA,NA,1032.78356933594
"Rhincodon typus",-15.58917,108.7525,16739,2015,10,31,108.7525,-15.58917,"original",0,NA,NA,5535.40185546875
"Rhincodon typus",-8.6625,110.90806,16715,2015,10,7,110.90806,-8.6625,"original",0,NA,NA,987.101257324219
"Rhincodon typus",-11.47778,109.5225,16715,2015,10,7,109.5225,-11.47778,"original",0,NA,NA,4710.59912109375
"Rhincodon typus",-12.92222,108.94806,16726,2015,10,18,108.94806,-12.92222,"original",0,NA,NA,3670.06323242188
"Rhincodon typus",-22.7,113.6,16718,2015,10,10,113.6,-22.7,"original",0,NA,NA,164.364624023438
"Rhincodon typus",-22.6,113.6,16738,2015,10,30,113.6,-22.6,"original",0,NA,NA,164.364624023438
"Rhincodon typus",-14.11361,114.96028,16723,2015,10,15,114.96028,-14.11361,"original",0,NA,NA,5716.662109375
"Rhincodon typus",-22.80694,113.48389,16735,2015,10,27,113.48389,-22.80694,"original",0,NA,NA,96.4634246826172
"Rhincodon typus",-11.31861,109.52611,16718,2015,10,10,109.52611,-11.31861,"original",0,NA,NA,4972.2685546875
"Rhincodon typus",-11.34611,109.51194,16717,2015,10,9,109.51194,-11.34611,"original",0,NA,NA,4710.59912109375
"Rhincodon typus",-16.92111,116.88806,16724,2015,10,16,116.88806,-16.92111,"original",0,NA,NA,2821.92651367188
"Rhincodon typus",-22.6759002770083,113.559556786704,16724,2015,10,16,113.7,-22.8,"corrected",19.9244097789753,113.559556786704,-22.6759002770083,164.364624023438
"Rhincodon typus",-11.33111,109.50528,16717,2015,10,9,109.50528,-11.33111,"original",0,NA,NA,4972.2685546875
"Rhincodon typus",-12.79389,108.96111,16725,2015,10,17,108.96111,-12.79389,"original",0,NA,NA,3923.78637695312
"Rhincodon typus",-11.31528,109.52083,16718,2015,10,10,109.52083,-11.31528,"original",0,NA,NA,4972.2685546875
"Rhincodon typus",-8.62833,110.8525,16715,2015,10,7,110.8525,-8.62833,"original",0,NA,NA,987.101257324219
"Rhincodon typus",-8.44333,109.15444,16721,2015,10,13,109.15444,-8.44333,"original",0,NA,NA,2335.84594726562
"Rhincodon typus",-22.58,113.55639,16736,2015,10,28,113.55639,-22.58,"original",0,NA,NA,164.364624023438
"Rhincodon typus",-22.91639,113.68306,16733,2015,10,25,113.68306,-22.91639,"original",0,NA,NA,96.4634246826172
"Rhincodon typus",-22.81889,113.48889,16735,2015,10,27,113.48889,-22.81889,"original",0,NA,NA,96.4634246826172
"Rhincodon typus",-8.50111,110.52222,16731,2015,10,23,110.52222,-8.50111,"original",0,NA,NA,416.280792236328
"Rhincodon typus",-11.69778,109.39028,16714,2015,10,6,109.39028,-11.69778,"original",0,NA,NA,4686.8232421875
"Rhincodon typus",-11.30111,109.53083,16719,2015,10,11,109.53083,-11.30111,"original",0,NA,NA,4972.2685546875
"Rhincodon typus",-13.25111,116.03528,16717,2015,10,9,116.03528,-13.25111,"original",0,NA,NA,5609.662109375
"Rhincodon typus",-14.88778,114.6825,16731,2015,10,23,114.6825,-14.88778,"original",0,NA,NA,5693.142578125
"Rhincodon typus",-11.4325,109.51528,16720,2015,10,12,109.51528,-11.4325,"original",0,NA,NA,4710.59912109375
"Rhincodon typus",-22.9252077562327,113.559556786704,16722,2015,10,14,113.7,-22.9,"corrected",14.6757946926051,113.559556786704,-22.9252077562327,96.4634246826172
"Rhincodon typus",-13.58778,115.81444,16718,2015,10,10,115.81444,-13.58778,"original",0,NA,NA,5664.74755859375
"Rhincodon typus",-15.03083,114.87028,16732,2015,10,24,114.87028,-15.03083,"original",0,NA,NA,5693.142578125
"Rhincodon typus",-12.64694,109.02056,16725,2015,10,17,109.02056,-12.64694,"original",0,NA,NA,3923.78637695312
"Rhincodon typus",-22.82639,113.64306,16727,2015,10,19,113.64306,-22.82639,"original",0,NA,NA,96.4634246826172
"Rhincodon typus",-22.85028,113.53028,16737,2015,10,29,113.53028,-22.85028,"original",0,NA,NA,96.4634246826172
"Rhincodon typus",-22.76,113.57972,16739,2015,10,31,113.57972,-22.76,"original",0,NA,NA,164.364624023438
"Rhincodon typus",-8.53222,110.54944,16729,2015,10,21,110.54944,-8.53222,"original",0,NA,NA,416.280792236328
"Rhincodon typus",-8.65389,110.90611,16715,2015,10,7,110.90611,-8.65389,"original",0,NA,NA,987.101257324219
"Rhincodon typus",-13.88528,108.32028,16728,2015,10,20,108.32028,-13.88528,"original",0,NA,NA,4852.46484375
"Rhincodon typus",-12.29556,109.16111,16724,2015,10,16,109.16111,-12.29556,"original",0,NA,NA,4521.92041015625
"Rhincodon typus",-8.77472,111.10278,16714,2015,10,6,111.10278,-8.77472,"original",0,NA,NA,896.186462402344
"Rhincodon typus",-12.14444,108.71722,16713,2015,10,5,108.71722,-12.14444,"original",0,NA,NA,4766.34716796875
"Rhincodon typus",-23.21889,113.61194,16711,2015,10,3,113.61194,-23.21889,"original",0,NA,NA,77.0263366699219
"Rhincodon typus",-22.9252077562327,113.559556786704,16711,2015,10,3,113.8,-23,"corrected",26.0115864357109,113.559556786704,-22.9252077562327,96.4634246826172
"Rhincodon typus",-11.49389,109.52167,16715,2015,10,7,109.52167,-11.49389,"original",0,NA,NA,4710.59912109375
"Rhincodon typus",-12.24139,109.27944,16724,2015,10,16,109.27944,-12.24139,"original",0,NA,NA,4437.9736328125
"Rhincodon typus",-22.86417,113.66694,16727,2015,10,19,113.66694,-22.86417,"original",0,NA,NA,96.4634246826172
"Rhincodon typus",-14.26083,107.74333,16729,2015,10,21,107.74333,-14.26083,"original",0,NA,NA,5254.1953125
"Rhincodon typus",-22.9,113.6,16733,2015,10,25,113.6,-22.9,"original",0,NA,NA,96.4634246826172
"Rhincodon typus",-8.71833,111.02306,16714,2015,10,6,111.02306,-8.71833,"original",0,NA,NA,896.186462402344
"Rhincodon typus",-22.66278,113.56472,16739,2015,10,31,113.56472,-22.66278,"original",0,NA,NA,164.364624023438
"Rhincodon typus",-14.23389,121.66944,16709,2015,10,1,121.66944,-14.23389,"original",0,NA,NA,365.264312744141
"Rhincodon typus",-13.62861,115.28611,16721,2015,10,13,115.28611,-13.62861,"original",0,NA,NA,5644.70849609375
"Rhincodon typus",-15.25028,113.38389,16739,2015,10,31,113.38389,-15.25028,"original",0,NA,NA,4846.7744140625
"Rhincodon typus",-11.32417,109.53639,16718,2015,10,10,109.53639,-11.32417,"original",0,NA,NA,4972.2685546875
"Rhincodon typus",-11.42778,109.51778,16720,2015,10,12,109.51778,-11.42778,"original",0,NA,NA,4710.59912109375
"Rhincodon typus",-11.32528,109.525,16717,2015,10,9,109.525,-11.32528,"original",0,NA,NA,4972.2685546875
"Rhincodon typus",-8.76389,111.04444,16714,2015,10,6,111.04444,-8.76389,"original",0,NA,NA,896.186462402344
"Rhincodon typus",-11.48861,109.52889,16715,2015,10,7,109.52889,-11.48861,"original",0,NA,NA,4710.59912109375
"Rhincodon typus",-13.72194,115.54861,16719,2015,10,11,115.54861,-13.72194,"original",0,NA,NA,5645.34716796875
"Rhincodon typus",-11.405,109.52056,16716,2015,10,8,109.52056,-11.405,"original",0,NA,NA,4710.59912109375
"Rhincodon typus",-22.85306,113.66194,16723,2015,10,15,113.66194,-22.85306,"original",0,NA,NA,96.4634246826172
"Rhincodon typus",-22.9252077562327,113.559556786704,16718,2015,10,10,113.8,-22.9,"corrected",24.8241479686729,113.559556786704,-22.9252077562327,96.4634246826172
"Rhincodon typus",-11.48806,109.51889,16715,2015,10,7,109.51889,-11.48806,"original",0,NA,NA,4710.59912109375
"Rhincodon typus",-11.48806,109.51472,16715,2015,10,7,109.51472,-11.48806,"original",0,NA,NA,4710.59912109375
"Rhincodon typus",-15.23778,108.29861,16733,2015,10,25,108.29861,-15.23778,"original",0,NA,NA,5683.03466796875
"Rhincodon typus",-14.08833,108.17,16728,2015,10,20,108.17,-14.08833,"original",0,NA,NA,5231.8583984375
"Rhincodon typus",-22.6,113.6,16739,2015,10,31,113.6,-22.6,"original",0,NA,NA,164.364624023438
"Rhincodon typus",-22.81861,113.48806,16735,2015,10,27,113.48806,-22.81861,"original",0,NA,NA,96.4634246826172
"Rhincodon typus",-22.86528,113.67389,16728,2015,10,20,113.67389,-22.86528,"original",0,NA,NA,96.4634246826172
"Rhincodon typus",-12.57972,109.06806,16725,2015,10,17,109.06806,-12.57972,"original",0,NA,NA,3923.78637695312
"Rhincodon typus",-22.82444,113.64333,16722,2015,10,14,113.64333,-22.82444,"original",0,NA,NA,96.4634246826172
"Rhincodon typus",-22.8675,113.31194,16728,2015,10,20,113.31194,-22.8675,"original",0,NA,NA,422.541259765625
"Rhincodon typus",-22.79694,113.48444,16734,2015,10,26,113.48444,-22.79694,"original",0,NA,NA,164.364624023438
"Rhincodon typus",-8.26556,109.88056,16720,2015,10,12,109.88056,-8.26556,"original",0,NA,NA,470.371795654297
"Rhincodon typus",-22.69639,113.58056,16739,2015,10,31,113.58056,-22.69639,"original",0,NA,NA,164.364624023438
"Rhincodon typus",-13.53778,115.85306,16718,2015,10,10,115.85306,-13.53778,"original",0,NA,NA,5651.763671875
"Rhincodon typus",-22.9252077562327,113.559556786704,16711,2015,10,3,113.7,-23,"corrected",16.6143799399014,113.559556786704,-22.9252077562327,96.4634246826172
"Rhincodon typus",-15.19917,113.42278,16739,2015,10,31,113.42278,-15.19917,"original",0,NA,NA,4846.7744140625
"Rhincodon typus",-15.22028,114.81111,16734,2015,10,26,114.81111,-15.22028,"original",0,NA,NA,5671.482421875
"Rhincodon typus",-12.79639,108.94444,16725,2015,10,17,108.94444,-12.79639,"original",0,NA,NA,4266.857421875
"Rhincodon typus",-11.46389,109.51111,16716,2015,10,8,109.51111,-11.46389,"original",0,NA,NA,4710.59912109375
"Rhincodon typus",-14.02778,114.58417,16725,2015,10,17,114.58417,-14.02778,"original",0,NA,NA,5656.98779296875
"Rhincodon typus",-22.84806,113.64333,16722,2015,10,14,113.64333,-22.84806,"original",0,NA,NA,96.4634246826172
"Rhincodon typus",-13.31694,116.03556,16717,2015,10,9,116.03556,-13.31694,"original",0,NA,NA,5609.662109375
"Rhincodon typus",-22.9252077562327,113.559556786704,16722,2015,10,14,113.8,-22.9,"corrected",24.8241479686729,113.559556786704,-22.9252077562327,96.4634246826172
"Rhincodon typus",-11.31778,109.51917,16717,2015,10,9,109.51917,-11.31778,"original",0,NA,NA,4972.2685546875
"Rhincodon typus",-8.37806,110.0175,16726,2015,10,18,110.0175,-8.37806,"original",0,NA,NA,997.669372558594
"Rhincodon typus",-8.385,110.96083,16713,2015,10,5,110.96083,-8.385,"original",0,NA,NA,344.114349365234
"Rhincodon typus",-22.9252077562327,113.559556786704,16714,2015,10,6,113.71167,-22.98556,"corrected",16.9716053534495,113.559556786704,-22.9252077562327,96.4634246826172
"Rhincodon typus",-8.76,111.04833,16714,2015,10,6,111.04833,-8.76,"original",0,NA,NA,896.186462402344
"Rhincodon typus",-15.67111,108.545,16738,2015,10,30,108.545,-15.67111,"original",0,NA,NA,5580.7919921875
"Rhincodon typus",-8.49,110.51306,16731,2015,10,23,110.51306,-8.49,"original",0,NA,NA,416.280792236328
"Rhincodon typus",-16.91361,116.88222,16724,2015,10,16,116.88222,-16.91361,"original",0,NA,NA,2821.92651367188
"Rhincodon typus",-12.7775,109.30167,16711,2015,10,3,109.30167,-12.7775,"original",0,NA,NA,4265.98193359375
"Rhincodon typus",-13.46889,108.53528,16727,2015,10,19,108.53528,-13.46889,"original",0,NA,NA,3226.42651367188
"Rhincodon typus",-12.2275,111.25667,16709,2015,10,1,111.25667,-12.2275,"original",0,NA,NA,2943.9443359375
"Rhincodon typus",-13.6325,115.33056,16721,2015,10,13,115.33056,-13.6325,"original",0,NA,NA,5644.70849609375
"Rhincodon typus",-12.92417,109.64278,16711,2015,10,3,109.64278,-12.92417,"original",0,NA,NA,3698.9365234375
"Rhincodon typus",-22.9252077562327,113.559556786704,16719,2015,10,11,113.8,-22.9,"corrected",24.8241479686729,113.559556786704,-22.9252077562327,96.4634246826172
"Rhincodon typus",-8.54833,110.84667,16715,2015,10,7,110.84667,-8.54833,"original",0,NA,NA,335.169860839844
"Rhincodon typus",-8.73056,110.98028,16713,2015,10,5,110.98028,-8.73056,"original",0,NA,NA,896.186462402344
"Rhincodon typus",-19.61056,117.89972,16710,2015,10,2,117.89972,-19.61056,"original",0,NA,NA,57.6652183532715
"Rhincodon typus",-13.6425,115.31861,16721,2015,10,13,115.31861,-13.6425,"original",0,NA,NA,5644.70849609375
"Rhincodon typus",-12.41444,109.21056,16724,2015,10,16,109.21056,-12.41444,"original",0,NA,NA,4425.9619140625
"Rhincodon typus",-14.11056,114.96833,16723,2015,10,15,114.96833,-14.11056,"original",0,NA,NA,5716.662109375
"Rhincodon typus",-22.8975,113.61139,16714,2015,10,6,113.61139,-22.8975,"original",0,NA,NA,96.4634246826172
"Rhincodon typus",-12.47917,108.56194,16712,2015,10,4,108.56194,-12.47917,"original",0,NA,NA,4802.53515625
"Rhincodon typus",-8.42528,109.20917,16721,2015,10,13,109.20917,-8.42528,"original",0,NA,NA,2002.47302246094
"Rhincodon typus",-22.9252077562327,113.559556786704,16723,2015,10,15,113.69,-22.88667,"corrected",14.0466483171293,113.559556786704,-22.9252077562327,96.4634246826172
"Rhincodon typus",-11.33528,109.50472,16717,2015,10,9,109.50472,-11.33528,"original",0,NA,NA,4710.59912109375
"Rhincodon typus",-12.52306,109.0975,16725,2015,10,17,109.0975,-12.52306,"original",0,NA,NA,4427.30224609375
"Rhincodon typus",-22.4265927977839,113.559556786704,16733,2015,10,25,113.7,-22.5,"corrected",16.5837925746159,113.559556786704,-22.4265927977839,410.919006347656
"Rhincodon typus",-22.9252077562327,113.559556786704,16726,2015,10,18,113.69222,-22.89972,"corrected",13.8993360682343,113.559556786704,-22.9252077562327,96.4634246826172
"Rhincodon typus",-22.6759002770083,113.559556786704,16730,2015,10,22,113.7,-22.8,"corrected",19.9244097789753,113.559556786704,-22.6759002770083,164.364624023438
"Rhincodon typus",-22.70167,113.52472,16736,2015,10,28,113.52472,-22.70167,"original",0,NA,NA,164.364624023438
"Rhincodon typus",-19.795,117.50056,16711,2015,10,3,117.50056,-19.795,"original",0,NA,NA,62.6733818054199
"Rhincodon typus",-12.42333,109.19944,16724,2015,10,16,109.19944,-12.42333,"original",0,NA,NA,4425.9619140625
"Rhincodon typus",-13.165,108.93444,16726,2015,10,18,108.93444,-13.165,"original",0,NA,NA,4077.03588867188
"Rhincodon typus",-22.9252077562327,113.559556786704,16709,2015,10,1,113.8,-22.9,"corrected",24.8241479686729,113.559556786704,-22.9252077562327,96.4634246826172
"Rhincodon typus",-14.61944,108.0975,16731,2015,10,23,108.0975,-14.61944,"original",0,NA,NA,5517.5693359375
"Rhincodon typus",-8.49667,110.53417,16731,2015,10,23,110.53417,-8.49667,"original",0,NA,NA,416.280792236328
"Rhincodon typus",-14.18667,108.00667,16729,2015,10,21,108.00667,-14.18667,"original",0,NA,NA,5231.8583984375
"Rhincodon typus",-8.35028,109.92333,16718,2015,10,10,109.92333,-8.35028,"original",0,NA,NA,1149.44580078125
"Rhincodon typus",-12.57667,108.75389,16712,2015,10,4,108.75389,-12.57667,"original",0,NA,NA,4537.35595703125
"Rhincodon typus",-12.20278,108.78361,16713,2015,10,5,108.78361,-12.20278,"original",0,NA,NA,4766.34716796875
"Rhincodon typus",-8.69639,110.6125,16716,2015,10,8,110.6125,-8.69639,"original",0,NA,NA,1032.78356933594
"Rhincodon typus",-22.9252077562327,113.559556786704,16730,2015,10,22,113.7,-22.9,"corrected",14.6757946926051,113.559556786704,-22.9252077562327,96.4634246826172
"Rhincodon typus",-12.76139,109.26333,16711,2015,10,3,109.26333,-12.76139,"original",0,NA,NA,4265.98193359375
"Rhincodon typus",-14.13083,108.04361,16729,2015,10,21,108.04361,-14.13083,"original",0,NA,NA,5231.8583984375
"Rhincodon typus",-22.7,113.6,16735,2015,10,27,113.6,-22.7,"original",0,NA,NA,164.364624023438
"Rhincodon typus",-8.73333,111.01778,16714,2015,10,6,111.01778,-8.73333,"original",0,NA,NA,896.186462402344
"Rhincodon typus",-15.76444,108.50222,16738,2015,10,30,108.50222,-15.76444,"original",0,NA,NA,5580.7919921875
"Rhincodon typus",-11.51528,109.51389,16715,2015,10,7,109.51389,-11.51528,"original",0,NA,NA,4710.59912109375
"Rhincodon typus",-13.53917,115.85111,16718,2015,10,10,115.85111,-13.53917,"original",0,NA,NA,5651.763671875
"Rhincodon typus",-23.06889,113.59944,16712,2015,10,4,113.59944,-23.06889,"original",0,NA,NA,77.0263366699219
"Rhincodon typus",-12.24028,111.23611,16709,2015,10,1,111.23611,-12.24028,"original",0,NA,NA,2943.9443359375
"Rhincodon typus",-22.71083,113.57861,16739,2015,10,31,113.57861,-22.71083,"original",0,NA,NA,164.364624023438
"Rhincodon typus",-11.53111,109.54806,16714,2015,10,6,109.54806,-11.53111,"original",0,NA,NA,4710.59912109375
"Rhincodon typus",-22.69889,113.5825,16736,2015,10,28,113.5825,-22.69889,"original",0,NA,NA,164.364624023438
"Rhincodon typus",-23.29528,113.46556,16722,2015,10,14,113.46556,-23.29528,"original",0,NA,NA,77.0263366699219
"Rhincodon typus",-12.36,110.90667,16709,2015,10,1,110.90667,-12.36,"original",0,NA,NA,3420.16381835938
"Rhincodon typus",-22.88778,113.54,16730,2015,10,22,113.54,-22.88778,"original",0,NA,NA,96.4634246826172
"Rhincodon typus",-15.49222,114.3525,16736,2015,10,28,114.3525,-15.49222,"original",0,NA,NA,5539.86962890625
"Rhincodon typus",-22.9252077562327,113.559556786704,16722,2015,10,14,113.68611,-22.87944,"corrected",13.9380789014373,113.559556786704,-22.9252077562327,96.4634246826172
"Rhincodon typus",-12.80417,110.01833,16710,2015,10,2,110.01833,-12.80417,"original",0,NA,NA,4660.94482421875
"Rhincodon typus",-22.8,113.6,16735,2015,10,27,113.6,-22.8,"original",0,NA,NA,164.364624023438
"Rhincodon typus",-22.88472,113.68139,16729,2015,10,21,113.68139,-22.88472,"original",0,NA,NA,96.4634246826172
"Rhincodon typus",-12.62556,108.8575,16712,2015,10,4,108.8575,-12.62556,"original",0,NA,NA,4266.857421875
"Rhincodon typus",-14.17167,108.03,16729,2015,10,21,108.03,-14.17167,"original",0,NA,NA,5231.8583984375
"Rhincodon typus",-14.63,108.07528,16731,2015,10,23,108.07528,-14.63,"original",0,NA,NA,5517.5693359375
"Rhincodon typus",-22.72472,113.47528,16732,2015,10,24,113.47528,-22.72472,"original",0,NA,NA,164.364624023438
"Rhincodon typus",-12.14667,109.34389,16723,2015,10,15,109.34389,-12.14667,"original",0,NA,NA,4437.9736328125
"Rhincodon typus",-13.36361,108.65389,16726,2015,10,18,108.65389,-13.36361,"original",0,NA,NA,3226.42651367188
"Rhincodon typus",-22.79778,113.4975,16730,2015,10,22,113.4975,-22.79778,"original",0,NA,NA,164.364624023438
"Rhincodon typus",-8.73306,110.97861,16714,2015,10,6,110.97861,-8.73306,"original",0,NA,NA,896.186462402344
"Rhincodon typus",-22.9252077562327,113.559556786704,16723,2015,10,15,113.69917,-22.9025,"corrected",14.5416555493608,113.559556786704,-22.9252077562327,96.4634246826172
"Rhincodon typus",-8.55139,110.53472,16716,2015,10,8,110.53472,-8.55139,"original",0,NA,NA,416.280792236328
"Rhincodon typus",-13.95667,114.67611,16726,2015,10,18,114.67611,-13.95667,"original",0,NA,NA,5656.98779296875
"Rhincodon typus",-12.63972,109.02,16725,2015,10,17,109.02,-12.63972,"original",0,NA,NA,3923.78637695312
"Rhincodon typus",-8.5375,110.55778,16716,2015,10,8,110.55778,-8.5375,"original",0,NA,NA,416.280792236328
"Rhincodon typus",-22.85861,113.67444,16715,2015,10,7,113.67444,-22.85861,"original",0,NA,NA,96.4634246826172
"Rhincodon typus",-22.79278,113.44778,16734,2015,10,26,113.44778,-22.79278,"original",0,NA,NA,164.364624023438
"Rhincodon typus",-8.71306,110.63611,16716,2015,10,8,110.63611,-8.71306,"original",0,NA,NA,1032.78356933594
"Rhincodon typus",-22.885,113.66944,16733,2015,10,25,113.66944,-22.885,"original",0,NA,NA,96.4634246826172
"Rhincodon typus",-15.20444,113.42083,16739,2015,10,31,113.42083,-15.20444,"original",0,NA,NA,4846.7744140625
"Rhincodon typus",-23.02028,113.61,16709,2015,10,1,113.61,-23.02028,"original",0,NA,NA,96.4634246826172
"Rhincodon typus",-22.16278,113.64556,16737,2015,10,29,113.64556,-22.16278,"original",0,NA,NA,771.343627929688
"Rhincodon typus",-22.74889,113.575,16739,2015,10,31,113.575,-22.74889,"original",0,NA,NA,164.364624023438
"Rhincodon typus",-15.765,108.54111,16738,2015,10,30,108.54111,-15.765,"original",0,NA,NA,5580.7919921875
"Rhincodon typus",-22.865,113.67417,16728,2015,10,20,113.67417,-22.865,"original",0,NA,NA,96.4634246826172
"Rhincodon typus",-11.375,109.50528,16716,2015,10,8,109.50528,-11.375,"original",0,NA,NA,4710.59912109375
"Rhincodon typus",-12.19028,117.16444,16712,2015,10,4,117.16444,-12.19028,"original",0,NA,NA,5368.3779296875
"Rhincodon typus",-22.96028,113.62917,16717,2015,10,9,113.62917,-22.96028,"original",0,NA,NA,96.4634246826172
"Rhincodon typus",-23.06778,113.58639,16712,2015,10,4,113.58639,-23.06778,"original",0,NA,NA,77.0263366699219
"Rhincodon typus",-11.31944,109.52306,16718,2015,10,10,109.52306,-11.31944,"original",0,NA,NA,4972.2685546875
"Rhincodon typus",-11.50972,109.52056,16715,2015,10,7,109.52056,-11.50972,"original",0,NA,NA,4710.59912109375
"Rhincodon typus",-8.60056,110.03306,16728,2015,10,20,110.03306,-8.60056,"original",0,NA,NA,2250.1689453125
"Rhincodon typus",-14.87722,114.62333,16731,2015,10,23,114.62333,-14.87722,"original",0,NA,NA,5648.51953125
"Rhincodon typus",-22.9252077562327,113.559556786704,16722,2015,10,14,113.7,-23,"corrected",16.6143799399014,113.559556786704,-22.9252077562327,96.4634246826172
"Rhincodon typus",-22.9252077562327,113.559556786704,16729,2015,10,21,113.70583,-22.99028,"corrected",16.6421144428992,113.559556786704,-22.9252077562327,96.4634246826172
"Rhincodon typus",-11.54472,117.81333,16709,2015,10,1,117.81333,-11.54472,"original",0,NA,NA,5950.57177734375
"Rhincodon typus",-22.67528,113.56778,16736,2015,10,28,113.56778,-22.67528,"original",0,NA,NA,164.364624023438
"Rhincodon typus",-13.30361,116.03278,16717,2015,10,9,116.03278,-13.30361,"original",0,NA,NA,5609.662109375
"Rhincodon typus",-22.87806,113.68083,16728,2015,10,20,113.68083,-22.87806,"original",0,NA,NA,96.4634246826172
"Rhincodon typus",-11.32361,109.50667,16717,2015,10,9,109.50667,-11.32361,"original",0,NA,NA,4972.2685546875
"Rhincodon typus",-11.43694,109.51722,16720,2015,10,12,109.51722,-11.43694,"original",0,NA,NA,4710.59912109375
"Rhincodon typus",-13.54444,115.85083,16718,2015,10,10,115.85083,-13.54444,"original",0,NA,NA,5651.763671875
"Rhincodon typus",9.5761,123.39987,16739,2015,10,31,123.39987,9.5761,"original",0,NA,NA,238.074722290039
"Rhincodon typus",-23.174515235457,113.559556786704,16745,2015,11,6,113.72,-23.13,"corrected",17.1541934688524,113.559556786704,-23.174515235457,77.0263366699219
"Rhincodon typus",-23.174515235457,113.559556786704,16745,2015,11,6,113.71,-23.13,"corrected",16.1760001868536,113.559556786704,-23.174515235457,77.0263366699219
"Rhincodon typus",-22.6,113.62,16749,2015,11,10,113.62,-22.6,"original",0,NA,NA,164.364624023438
"Rhincodon typus",-22.6,113.61,16742,2015,11,3,113.61,-22.6,"original",0,NA,NA,164.364624023438
"Rhincodon typus",-22.6,113.62,16758,2015,11,19,113.62,-22.6,"original",0,NA,NA,164.364624023438
"Rhincodon typus",-3.24247,134.99295,16744,2015,11,5,134.99295,-3.24247,"original",0,NA,NA,71.0225524902344
"Rhincodon typus",-15.57861,113.44889,16742,2015,11,3,113.44889,-15.57861,"original",0,NA,NA,5074.11962890625
"Rhincodon typus",-15.54972,112.78028,16745,2015,11,6,112.78028,-15.54972,"original",0,NA,NA,5299.9482421875
"Rhincodon typus",-15.75889,114.44694,16752,2015,11,13,114.44694,-15.75889,"original",0,NA,NA,5599.80419921875
"Rhincodon typus",-23.04639,112.09778,16759,2015,11,20,112.09778,-23.04639,"original",0,NA,NA,3323.88842773438
"Rhincodon typus",-15.13389,108.86111,16741,2015,11,2,108.86111,-15.13389,"original",0,NA,NA,5213.10791015625
"Rhincodon typus",-14.59944,115.24306,16756,2015,11,17,115.24306,-14.59944,"original",0,NA,NA,5671.5283203125
"Rhincodon typus",-15.25028,112.9525,16747,2015,11,8,112.9525,-15.25028,"original",0,NA,NA,5227.90185546875
"Rhincodon typus",-15.88056,114.40417,16751,2015,11,12,114.40417,-15.88056,"original",0,NA,NA,5455.32373046875
"Rhincodon typus",-15.18222,113.48694,16740,2015,11,1,113.48694,-15.18222,"original",0,NA,NA,5159.4873046875
"Rhincodon typus",-10.98333,115.76194,16768,2015,11,29,115.76194,-10.98333,"original",0,NA,NA,4252.908203125
"Rhincodon typus",-15.28194,112.9525,16747,2015,11,8,112.9525,-15.28194,"original",0,NA,NA,5227.90185546875
"Rhincodon typus",-14.89333,108.94444,16742,2015,11,3,108.94444,-14.89333,"original",0,NA,NA,5266.177734375
"Rhincodon typus",-15.56472,113.39444,16742,2015,11,3,113.39444,-15.56472,"original",0,NA,NA,5307.81103515625
"Rhincodon typus",-22.9252077562327,113.559556786704,16751,2015,11,12,113.70056,-23.00278,"corrected",16.819204862091,113.559556786704,-22.9252077562327,96.4634246826172
"Rhincodon typus",-22.6759002770083,113.559556786704,16756,2015,11,17,113.7,-22.8,"corrected",19.9244097789753,113.559556786704,-22.6759002770083,164.364624023438
"Rhincodon typus",-23.83056,113.43194,16754,2015,11,15,113.43194,-23.83056,"original",0,NA,NA,58.9981498718262
"Rhincodon typus",-14.73667,114.72889,16755,2015,11,16,114.72889,-14.73667,"original",0,NA,NA,5747.28369140625
"Rhincodon typus",-8.2075,110.79972,16751,2015,11,12,110.79972,-8.2075,"original",0,NA,NA,127.388214111328
"Rhincodon typus",-22.8,113.6,16742,2015,11,3,113.6,-22.8,"original",0,NA,NA,164.364624023438
"Rhincodon typus",-22.7,113.6,16744,2015,11,5,113.6,-22.7,"original",0,NA,NA,164.364624023438
"Rhincodon typus",-15.56167,113.59278,16749,2015,11,10,113.59278,-15.56167,"original",0,NA,NA,5323.0029296875
"Rhincodon typus",-22.4265927977839,113.559556786704,16740,2015,11,1,113.7,-22.4,"corrected",14.7568732910328,113.559556786704,-22.4265927977839,410.919006347656
"Rhincodon typus",-22.61056,113.16556,16753,2015,11,14,113.16556,-22.61056,"original",0,NA,NA,1063.09838867188
"Rhincodon typus",-22.73222,113.54667,16747,2015,11,8,113.54667,-22.73222,"original",0,NA,NA,164.364624023438
"Rhincodon typus",-15.685,113.75472,16750,2015,11,11,113.75472,-15.685,"original",0,NA,NA,5479.67431640625
"Rhincodon typus",-22.7,113.6,16746,2015,11,7,113.6,-22.7,"original",0,NA,NA,164.364624023438
"Rhincodon typus",-25.6,112.9,16761,2015,11,22,112.9,-25.6,"original",0,NA,NA,77.0546112060547
"Rhincodon typus",-15.55167,108.73917,16740,2015,11,1,108.73917,-15.55167,"original",0,NA,NA,5616.7822265625
"Rhincodon typus",-22.4265927977839,113.559556786704,16740,2015,11,1,113.7,-22.5,"corrected",16.5837925746159,113.559556786704,-22.4265927977839,410.919006347656
"Rhincodon typus",-15.65667,112.88806,16745,2015,11,6,112.88806,-15.65667,"original",0,NA,NA,4600.64599609375
"Rhincodon typus",-22.43944,113.31611,16751,2015,11,12,113.31611,-22.43944,"original",0,NA,NA,1168.185546875
"Rhincodon typus",-11.11222,115.97083,16768,2015,11,29,115.97083,-11.11222,"original",0,NA,NA,5955.2197265625
"Rhincodon typus",-15.24833,112.96111,16747,2015,11,8,112.96111,-15.24833,"original",0,NA,NA,5227.90185546875
"Rhincodon typus",-14.73111,115.13306,16755,2015,11,16,115.13306,-14.73111,"original",0,NA,NA,5695.849609375
"Rhincodon typus",-10.98472,115.7575,16768,2015,11,29,115.7575,-10.98472,"original",0,NA,NA,4252.908203125
"Rhincodon typus",-15.04361,114.78806,16754,2015,11,15,114.78806,-15.04361,"original",0,NA,NA,5693.142578125
"Rhincodon typus",-15.35472,112.94444,16746,2015,11,7,112.94444,-15.35472,"original",0,NA,NA,5365.2734375
"Rhincodon typus",-15.23,113.48722,16740,2015,11,1,113.48722,-15.23,"original",0,NA,NA,5159.4873046875
"Rhincodon typus",-23.40972,113.44111,16746,2015,11,7,113.44111,-23.40972,"original",0,NA,NA,57.8942565917969
"Rhincodon typus",-15.24472,112.96639,16747,2015,11,8,112.96639,-15.24472,"original",0,NA,NA,5227.90185546875
"Rhincodon typus",-10.99528,115.75806,16768,2015,11,29,115.75806,-10.99528,"original",0,NA,NA,4252.908203125
"Rhincodon typus",-15.45056,114.9775,16753,2015,11,14,114.9775,-15.45056,"original",0,NA,NA,5680.88720703125
"Rhincodon typus",-8.54694,111.20194,16759,2015,11,20,111.20194,-8.54694,"original",0,NA,NA,355.197906494141
"Rhincodon typus",-15.56083,113.58583,16749,2015,11,10,113.58583,-15.56083,"original",0,NA,NA,5323.0029296875
"Rhincodon typus",-22.7,113.6,16765,2015,11,26,113.6,-22.7,"original",0,NA,NA,164.364624023438
"Rhincodon typus",-15.50778,113.52694,16741,2015,11,2,113.52694,-15.50778,"original",0,NA,NA,5323.0029296875
"Rhincodon typus",-13.70722,109.47833,16745,2015,11,6,109.47833,-13.70722,"original",0,NA,NA,4942.8759765625
"Rhincodon typus",-22.98472,112.45556,16758,2015,11,19,112.45556,-22.98472,"original",0,NA,NA,1353.79052734375
"Rhincodon typus",-15.28694,113.50556,16740,2015,11,1,113.50556,-15.28694,"original",0,NA,NA,5159.4873046875
"Rhincodon typus",-13.21167,109.46611,16746,2015,11,7,109.46611,-13.21167,"original",0,NA,NA,4069.94897460938
"Rhincodon typus",-22.65611,113.51194,16752,2015,11,13,113.51194,-22.65611,"original",0,NA,NA,164.364624023438
"Rhincodon typus",-23.06222,112.0825,16759,2015,11,20,112.0825,-23.06222,"original",0,NA,NA,2457.80126953125
"Rhincodon typus",-22.54139,113.44972,16752,2015,11,13,113.44972,-22.54139,"original",0,NA,NA,410.919006347656
"Rhincodon typus",-15.285,113.49917,16740,2015,11,1,113.49917,-15.285,"original",0,NA,NA,5159.4873046875
"Rhincodon typus",-11.04306,115.75861,16768,2015,11,29,115.75861,-11.04306,"original",0,NA,NA,4252.908203125
"Rhincodon typus",-15.68528,113.8375,16750,2015,11,11,113.8375,-15.68528,"original",0,NA,NA,5479.67431640625
"Rhincodon typus",-14.93944,108.89667,16742,2015,11,3,108.89667,-14.93944,"original",0,NA,NA,5266.177734375
"Rhincodon typus",-22.9925,112.21528,16759,2015,11,20,112.21528,-22.9925,"original",0,NA,NA,2182.60815429688
"Rhincodon typus",-22.81667,113.62222,16743,2015,11,4,113.62222,-22.81667,"original",0,NA,NA,96.4634246826172
"Rhincodon typus",-22.58306,113.18444,16753,2015,11,14,113.18444,-22.58306,"original",0,NA,NA,1063.09838867188
"Rhincodon typus",-15.30389,113.50861,16740,2015,11,1,113.50861,-15.30389,"original",0,NA,NA,5159.4873046875
"Rhincodon typus",-14.92167,108.91139,16742,2015,11,3,108.91139,-14.92167,"original",0,NA,NA,5266.177734375
"Rhincodon typus",-22.8,113.6,16756,2015,11,17,113.6,-22.8,"original",0,NA,NA,164.364624023438
"Rhincodon typus",-15.7225,113.26917,16742,2015,11,3,113.26917,-15.7225,"original",0,NA,NA,4750.10400390625
"Rhincodon typus",-25.11028,113.02944,16758,2015,11,19,113.02944,-25.11028,"original",0,NA,NA,47.9324760437012
"Rhincodon typus",-23.42111,113.4175,16746,2015,11,7,113.4175,-23.42111,"original",0,NA,NA,133.690658569336
"Rhincodon typus",-11.17778,115.98833,16767,2015,11,28,115.98833,-11.17778,"original",0,NA,NA,5955.2197265625
"Rhincodon typus",-15.65417,112.83583,16745,2015,11,6,112.83583,-15.65417,"original",0,NA,NA,4600.64599609375
"Rhincodon typus",-15.77444,113.89917,16750,2015,11,11,113.89917,-15.77444,"original",0,NA,NA,5479.67431640625
"Rhincodon typus",-8.71222,110.88806,16757,2015,11,18,110.88806,-8.71222,"original",0,NA,NA,987.101257324219
"Rhincodon typus",-15.71694,113.27583,16742,2015,11,3,113.27583,-15.71694,"original",0,NA,NA,4750.10400390625
"Rhincodon typus",-22.1772853185595,113.808864265928,16740,2015,11,1,113.8,-22.4,"corrected",24.6790413636136,113.808864265928,-22.1772853185595,199.812454223633
"Rhincodon typus",-14.64167,115.16944,16756,2015,11,17,115.16944,-14.64167,"original",0,NA,NA,5695.849609375
"Rhincodon typus",-11.215,115.97889,16767,2015,11,28,115.97889,-11.215,"original",0,NA,NA,5955.2197265625
"Rhincodon typus",-15.02028,115.23333,16754,2015,11,15,115.23333,-15.02028,"original",0,NA,NA,5704.62060546875
"Rhincodon typus",-15.32056,113.28139,16748,2015,11,9,113.28139,-15.32056,"original",0,NA,NA,4846.7744140625
"Rhincodon typus",-22.94278,111.87056,16761,2015,11,22,111.87056,-22.94278,"original",0,NA,NA,4316.20703125
"Rhincodon typus",-22.9252077562327,113.559556786704,16769,2015,11,30,113.7,-22.9,"corrected",14.6757946926051,113.559556786704,-22.9252077562327,96.4634246826172
"Rhincodon typus",-22.6,113.6,16741,2015,11,2,113.6,-22.6,"original",0,NA,NA,164.364624023438
"Rhincodon typus",-8.89278,114.20972,16762,2015,11,23,114.20972,-8.89278,"original",0,NA,NA,2033.08410644531
"Rhincodon typus",-15.56222,113.39139,16742,2015,11,3,113.39139,-15.56222,"original",0,NA,NA,5307.81103515625
"Rhincodon typus",-15.56389,114.66639,16752,2015,11,13,114.66639,-15.56389,"original",0,NA,NA,5642.130859375
"Rhincodon typus",-15.52472,113.47222,16741,2015,11,2,113.47222,-15.52472,"original",0,NA,NA,5323.0029296875
"Rhincodon typus",-13.70667,115.93167,16761,2015,11,22,115.93167,-13.70667,"original",0,NA,NA,5684.49853515625
"Rhincodon typus",-15.44722,108.76722,16740,2015,11,1,108.76722,-15.44722,"original",0,NA,NA,5616.7822265625
"Rhincodon typus",-22.65,113.55167,16747,2015,11,8,113.55167,-22.65,"original",0,NA,NA,164.364624023438
"Rhincodon typus",-22.9252077562327,113.559556786704,16755,2015,11,16,113.7,-22.9,"corrected",14.6757946926051,113.559556786704,-22.9252077562327,96.4634246826172
"Rhincodon typus",-14.53944,109.115,16743,2015,11,4,109.115,-14.53944,"original",0,NA,NA,3574.33715820312
"Rhincodon typus",-22.3,113.8,16740,2015,11,1,113.8,-22.3,"original",0,NA,NA,199.812454223633
"Rhincodon typus",-22.6,113.6,16766,2015,11,27,113.6,-22.6,"original",0,NA,NA,164.364624023438
"Rhincodon typus",-11.05917,115.99306,16768,2015,11,29,115.99306,-11.05917,"original",0,NA,NA,3908.98046875
"Rhincodon typus",-8.74611,114.085,16762,2015,11,23,114.085,-8.74611,"original",0,NA,NA,752.206176757812
"Rhincodon typus",-22.7,113.6,16747,2015,11,8,113.6,-22.7,"original",0,NA,NA,164.364624023438
"Rhincodon typus",-22.9252077562327,113.559556786704,16744,2015,11,5,113.7,-22.9,"corrected",14.6757946926051,113.559556786704,-22.9252077562327,96.4634246826172
"Rhincodon typus",-14.40528,115.87167,16756,2015,11,17,115.87167,-14.40528,"original",0,NA,NA,5788.43359375
"Rhincodon typus",-10.90083,115.78083,16769,2015,11,30,115.78083,-10.90083,"original",0,NA,NA,4252.908203125
"Rhincodon typus",-23.46278,113.45278,16747,2015,11,8,113.45278,-23.46278,"original",0,NA,NA,57.8942565917969
"Rhincodon typus",-23.42167,113.44306,16746,2015,11,7,113.44306,-23.42167,"original",0,NA,NA,57.8942565917969
"Rhincodon typus",-15.38972,112.945,16746,2015,11,7,112.945,-15.38972,"original",0,NA,NA,5365.2734375
"Rhincodon typus",-22.73528,113.55917,16747,2015,11,8,113.55917,-22.73528,"original",0,NA,NA,164.364624023438
"Rhincodon typus",-15.68417,112.89361,16744,2015,11,5,112.89361,-15.68417,"original",0,NA,NA,4600.64599609375
"Rhincodon typus",-15.7825,113.92,16750,2015,11,11,113.92,-15.7825,"original",0,NA,NA,5479.67431640625
"Rhincodon typus",-22.97056,111.78917,16760,2015,11,21,111.78917,-22.97056,"original",0,NA,NA,4316.20703125
"Rhincodon typus",-22.56833,113.54056,16741,2015,11,2,113.54056,-22.56833,"original",0,NA,NA,164.364624023438
"Rhincodon typus",-14.59028,115.2575,16756,2015,11,17,115.2575,-14.59028,"original",0,NA,NA,5671.5283203125
"Rhincodon typus",-15.72028,113.29778,16742,2015,11,3,113.29778,-15.72028,"original",0,NA,NA,4750.10400390625
"Rhincodon typus",-22.9252077562327,113.559556786704,16750,2015,11,11,113.8,-22.9,"corrected",24.8241479686729,113.559556786704,-22.9252077562327,96.4634246826172
"Rhincodon typus",-25.4,113,16759,2015,11,20,113,-25.4,"original",0,NA,NA,32.9635162353516
"Rhincodon typus",-22.84111,113.6575,16740,2015,11,1,113.6575,-22.84111,"original",0,NA,NA,96.4634246826172
"Rhincodon typus",-15.71444,113.32806,16743,2015,11,4,113.32806,-15.71444,"original",0,NA,NA,4750.10400390625
"Rhincodon typus",-15.66167,113.29222,16743,2015,11,4,113.29222,-15.66167,"original",0,NA,NA,4750.10400390625
"Rhincodon typus",-22.7,113.6,16767,2015,11,28,113.6,-22.7,"original",0,NA,NA,164.364624023438
"Rhincodon typus",-22.9252077562327,113.559556786704,16759,2015,11,20,113.8,-22.9,"corrected",24.8241479686729,113.559556786704,-22.9252077562327,96.4634246826172
"Rhincodon typus",-22.9252077562327,113.559556786704,16746,2015,11,7,113.7,-23,"corrected",16.6143799399014,113.559556786704,-22.9252077562327,96.4634246826172
"Rhincodon typus",-13.31694,109.52778,16746,2015,11,7,109.52778,-13.31694,"original",0,NA,NA,4069.94897460938
"Rhincodon typus",-15.47167,108.75639,16740,2015,11,1,108.75639,-15.47167,"original",0,NA,NA,5616.7822265625
"Rhincodon typus",-11.16222,115.99972,16767,2015,11,28,115.99972,-11.16222,"original",0,NA,NA,5955.2197265625
"Rhincodon typus",-8.71833,110.85278,16758,2015,11,19,110.85278,-8.71833,"original",0,NA,NA,987.101257324219
"Rhincodon typus",-15.78417,113.92972,16750,2015,11,11,113.92972,-15.78417,"original",0,NA,NA,5479.67431640625
"Rhincodon typus",-22.85333,112.60389,16757,2015,11,18,112.60389,-22.85333,"original",0,NA,NA,1353.79052734375
"Rhincodon typus",-22.6759002770083,113.559556786704,16745,2015,11,6,113.7,-22.8,"corrected",19.9244097789753,113.559556786704,-22.6759002770083,164.364624023438
"Rhincodon typus",-22.5,113.6,16741,2015,11,2,113.6,-22.5,"original",0,NA,NA,410.919006347656
"Rhincodon typus",-22.43583,113.31056,16751,2015,11,12,113.31056,-22.43583,"original",0,NA,NA,1168.185546875
"Rhincodon typus",-14.53306,109.09472,16743,2015,11,4,109.09472,-14.53306,"original",0,NA,NA,3574.33715820312
"Rhincodon typus",-15.72389,113.30222,16742,2015,11,3,113.30222,-15.72389,"original",0,NA,NA,4750.10400390625
"Rhincodon typus",-22.9252077562327,113.559556786704,16741,2015,11,2,113.7,-22.9,"corrected",14.6757946926051,113.559556786704,-22.9252077562327,96.4634246826172
"Rhincodon typus",-10.93778,115.77028,16769,2015,11,30,115.77028,-10.93778,"original",0,NA,NA,4252.908203125
"Rhincodon typus",-22.41944,113.29167,16751,2015,11,12,113.29167,-22.41944,"original",0,NA,NA,1168.185546875
"Rhincodon typus",-15.37944,108.81278,16740,2015,11,1,108.81278,-15.37944,"original",0,NA,NA,5616.7822265625
"Rhincodon typus",-15.30778,112.95972,16747,2015,11,8,112.95972,-15.30778,"original",0,NA,NA,5227.90185546875
"Rhincodon typus",-15.34056,108.85611,16741,2015,11,2,108.85611,-15.34056,"original",0,NA,NA,5616.7822265625
"Rhincodon typus",-23.84861,113.39833,16754,2015,11,15,113.39833,-23.84861,"original",0,NA,NA,58.9981498718262
"Rhincodon typus",-22.9252077562327,113.559556786704,16750,2015,11,11,113.71417,-22.96139,"corrected",16.356348994739,113.559556786704,-22.9252077562327,96.4634246826172
"Rhincodon typus",-14.17528,109.21389,16744,2015,11,5,109.21389,-14.17528,"original",0,NA,NA,4215.04443359375
"Rhincodon typus",-22.705,113.56806,16747,2015,11,8,113.56806,-22.705,"original",0,NA,NA,164.364624023438
"Rhincodon typus",-13.39806,115.98333,16762,2015,11,23,115.98333,-13.39806,"original",0,NA,NA,5664.78662109375
"Rhincodon typus",-8.48278,111.14778,16759,2015,11,20,111.14778,-8.48278,"original",0,NA,NA,344.114349365234
"Rhincodon typus",-15.62,113.66444,16750,2015,11,11,113.66444,-15.62,"original",0,NA,NA,5074.11962890625
"Rhincodon typus",-22.99167,111.98528,16760,2015,11,21,111.98528,-22.99167,"original",0,NA,NA,3323.88842773438
"Rhincodon typus",-25.02472,113.04528,16758,2015,11,19,113.04528,-25.02472,"original",0,NA,NA,51.7861557006836
"Rhincodon typus",-22.6,113.62,16784,2015,12,15,113.62,-22.6,"original",0,NA,NA,164.364624023438
"Rhincodon typus",-22.6,113.61,16784,2015,12,15,113.61,-22.6,"original",0,NA,NA,164.364624023438
"Rhincodon typus",-22.6,113.61,16774,2015,12,5,113.61,-22.6,"original",0,NA,NA,164.364624023438
"Rhincodon typus",-22.6,113.61,16796,2015,12,27,113.61,-22.6,"original",0,NA,NA,164.364624023438
"Rhincodon typus",-22.6,113.62,16774,2015,12,5,113.62,-22.6,"original",0,NA,NA,164.364624023438
"Rhincodon typus",-22.6,113.62,16775,2015,12,6,113.62,-22.6,"original",0,NA,NA,164.364624023438
"Rhincodon typus",-8.44278,112.84222,16782,2015,12,13,112.84222,-8.44278,"original",0,NA,NA,332.259063720703
"Rhincodon typus",-22.7,113.6,16782,2015,12,13,113.6,-22.7,"original",0,NA,NA,164.364624023438
"Rhincodon typus",-22.9252077562327,113.559556786704,16790,2015,12,21,113.69194,-22.90944,"corrected",13.6923137892433,113.559556786704,-22.9252077562327,96.4634246826172
"Rhincodon typus",-22.73917,113.56722,16775,2015,12,6,113.56722,-22.73917,"original",0,NA,NA,164.364624023438
"Rhincodon typus",-8.44472,112.91944,16781,2015,12,12,112.91944,-8.44472,"original",0,NA,NA,332.259063720703
"Rhincodon typus",-22.6,113.6,16770,2015,12,1,113.6,-22.6,"original",0,NA,NA,164.364624023438
"Rhincodon typus",-8.42194,112.89917,16780,2015,12,11,112.89917,-8.42194,"original",0,NA,NA,332.259063720703
"Rhincodon typus",-22.96056,113.68361,16772,2015,12,3,113.68361,-22.96056,"original",0,NA,NA,96.4634246826172
"Rhincodon typus",-22.6,113.6,16776,2015,12,7,113.6,-22.6,"original",0,NA,NA,164.364624023438
"Rhincodon typus",-8.41389,112.94111,16778,2015,12,9,112.94111,-8.41389,"original",0,NA,NA,384.561798095703
"Rhincodon typus",-22.9252077562327,113.559556786704,16774,2015,12,5,113.8,-22.9,"corrected",24.8241479686729,113.559556786704,-22.9252077562327,96.4634246826172
"Rhincodon typus",-22.7,113.6,16781,2015,12,12,113.6,-22.7,"original",0,NA,NA,164.364624023438
"Rhincodon typus",-22.6,113.6,16779,2015,12,10,113.6,-22.6,"original",0,NA,NA,164.364624023438
"Rhincodon typus",-8.40861,112.89806,16783,2015,12,14,112.89806,-8.40861,"original",0,NA,NA,332.259063720703
"Rhincodon typus",-22.6,113.6,16774,2015,12,5,113.6,-22.6,"original",0,NA,NA,164.364624023438
"Rhincodon typus",-8.40361,112.89444,16780,2015,12,11,112.89444,-8.40361,"original",0,NA,NA,332.259063720703
"Rhincodon typus",-22.9252077562327,113.559556786704,16790,2015,12,21,113.7,-22.9,"corrected",14.6757946926051,113.559556786704,-22.9252077562327,96.4634246826172
"Rhincodon typus",-22.55583,113.56528,16778,2015,12,9,113.56528,-22.55583,"original",0,NA,NA,164.364624023438
"Rhincodon typus",-22.4265927977839,113.559556786704,16776,2015,12,7,113.7,-22.5,"corrected",16.5837925746159,113.559556786704,-22.4265927977839,410.919006347656
"Rhincodon typus",-22.68222,113.56694,16783,2015,12,14,113.56694,-22.68222,"original",0,NA,NA,164.364624023438
"Rhincodon typus",-22.6,113.6,16778,2015,12,9,113.6,-22.6,"original",0,NA,NA,164.364624023438
"Rhincodon typus",-22.58194,113.57139,16778,2015,12,9,113.57139,-22.58194,"original",0,NA,NA,164.364624023438
"Rhincodon typus",-8.41639,112.90583,16781,2015,12,12,112.90583,-8.41639,"original",0,NA,NA,332.259063720703
"Rhincodon typus",-22.55806,113.55944,16777,2015,12,8,113.55944,-22.55806,"original",0,NA,NA,164.364624023438
"Rhincodon typus",-22.6,113.5,16779,2015,12,10,113.5,-22.6,"original",0,NA,NA,164.364624023438
"Rhincodon typus",-8.49889,112.91806,16778,2015,12,9,112.91806,-8.49889,"original",0,NA,NA,332.259063720703
"Rhincodon typus",-24.23778,112.73306,16770,2015,12,1,112.73306,-24.23778,"original",0,NA,NA,126.900917053223
"Rhincodon typus",-8.425,112.89806,16780,2015,12,11,112.89806,-8.425,"original",0,NA,NA,332.259063720703
"Rhincodon typus",-22.56278,113.55944,16777,2015,12,8,113.55944,-22.56278,"original",0,NA,NA,164.364624023438
"Rhincodon typus",-19.5,115.5,16633,2015,7,17,115.5,-19.5,"original",0,NA,NA,472.790313720703
"Rhincodon typus",-20.5,114.5,16617,2015,7,1,114.5,-20.5,"original",0,NA,NA,899.819152832031
"Rhincodon typus",-18.5,114.5,17020,2016,8,7,114.5,-18.5,"original",0,NA,NA,1672.50903320312
"Rhincodon typus",-12.5,120.5,17034,2016,8,21,120.5,-12.5,"original",0,NA,NA,2848.44262695312
"Rhincodon typus",-19.5,114.5,17014,2016,8,1,114.5,-19.5,"original",0,NA,NA,1435.76025390625
"Rhincodon typus",-16.5,115.5,17028,2016,8,15,115.5,-16.5,"original",0,NA,NA,4931.3837890625
"Rhincodon typus",-12.5,123.5,17021,2016,8,8,123.5,-12.5,"original",0,NA,NA,143.195007324219
"Rhincodon typus",-19.5,113.5,17144,2016,12,9,113.5,-19.5,"original",0,NA,NA,1004.37451171875
"Rhincodon typus",-21.4293628808864,115.304709141274,16969,2016,6,17,115.5,-21.5,"corrected",21.6994687755509,115.304709141274,-21.4293628808864,9.43358516693115
"Rhincodon typus",-11.5,119.5,17075,2016,10,1,119.5,-11.5,"original",0,NA,NA,4583.32421875
"Rhincodon typus",-18.5,116.5,17048,2016,9,4,116.5,-18.5,"original",0,NA,NA,1034.22229003906
"Rhincodon typus",-11.5,123.5,17023,2016,8,10,123.5,-11.5,"original",0,NA,NA,548.783813476562
"Rhincodon typus",-12.5,122.5,17054,2016,9,10,122.5,-12.5,"original",0,NA,NA,893.50732421875
"Rhincodon typus",-15.5,121.5,17376,2017,7,29,121.5,-15.5,"original",0,NA,NA,113.247817993164
"Rhincodon typus",-25.5,112.5,17154,2016,12,19,112.5,-25.5,"original",0,NA,NA,122.222373962402
"Rhincodon typus",-13.5,120.5,17018,2016,8,5,120.5,-13.5,"original",0,NA,NA,2252.50170898438
"Rhincodon typus",-23.5,113.5,17103,2016,10,29,113.5,-23.5,"original",0,NA,NA,57.8942565917969
"Rhincodon typus",-14.5,117.5,17011,2016,7,29,117.5,-14.5,"original",0,NA,NA,5754.39990234375
"Rhincodon typus",-22.5,113.5,16955,2016,6,3,113.5,-22.5,"original",0,NA,NA,410.919006347656
"Rhincodon typus",-14.5,121.5,17004,2016,7,22,121.5,-14.5,"original",0,NA,NA,864.933715820312
"Rhincodon typus",-15.5,116.5,17379,2017,8,1,116.5,-15.5,"original",0,NA,NA,5714.474609375
"Rhincodon typus",-17.5,117.5,17386,2017,8,8,117.5,-17.5,"original",0,NA,NA,2795.57299804688
"Rhincodon typus",-16.5,116.5,17377,2017,7,30,116.5,-16.5,"original",0,NA,NA,4427.55419921875
"Rhincodon typus",-21.9279778393352,113.808864265928,16588,2015,6,NA,113.98,-21.85,"corrected",19.6807468369157,113.808864265928,-21.9279778393352,402.422149658203
"Rhincodon typus",-21.9279778393352,114.307479224377,17365,2017,7,NA,114.13,-21.94,"corrected",18.383616134036,114.307479224377,-21.9279778393352,14.8947296142578
"Rhincodon typus",-21.89,113.91,16955,2016,6,NA,113.91,-21.89,"original",0,NA,NA,402.422149658203
"Rhincodon typus",-21.9279778393352,114.307479224377,17366,2017,7,NA,114.13,-21.94,"corrected",18.383616134036,114.307479224377,-21.9279778393352,14.8947296142578
"Rhincodon typus",-21.9279778393352,113.808864265928,16954,2016,6,NA,113.97,-21.84,"corrected",19.292828284408,113.808864265928,-21.9279778393352,402.422149658203
"Rhincodon typus",-14.6648,145.66299,16805,2016,1,NA,145.66299,-14.6648,"original",0,NA,NA,1009.67590332031
"Rhincodon typus",-19.5,116.5,17044,2016,8,31,116.5,-19.5,"original",0,NA,NA,110.10767364502
"Rhincodon typus",-18.5,112.5,17146,2016,12,11,112.5,-18.5,"original",0,NA,NA,2929.5810546875
"Rhincodon typus",-21.9279778393352,114.307479224377,17359,2017,7,NA,114.13,-21.94,"corrected",18.383616134036,114.307479224377,-21.9279778393352,14.8947296142578
"Rhincodon typus",-22.16,113.85,16587,2015,6,NA,113.85,-22.16,"original",0,NA,NA,199.812454223633
"Rhincodon typus",-18.5,115.5,17375,2017,7,28,115.5,-18.5,"original",0,NA,NA,1573.5302734375
"Rhincodon typus",-21.9279778393352,113.808864265928,16587,2015,6,NA,113.97,-21.84,"corrected",19.292828284408,113.808864265928,-21.9279778393352,402.422149658203
"Rhincodon typus",-8.5,111.5,17771,2018,8,28,111.5,-8.5,"original",0,NA,NA,311.208679199219
"Rhincodon typus",-22.05,113.88,16612,2015,6,NA,113.88,-22.05,"original",0,NA,NA,402.422149658203
"Rhincodon typus",-21.95,113.9,16955,2016,6,NA,113.9,-21.95,"original",0,NA,NA,402.422149658203
"Rhincodon typus",-21.9279778393352,114.307479224377,17368,2017,7,NA,114.13,-21.94,"corrected",18.383616134036,114.307479224377,-21.9279778393352,14.8947296142578
"Rhincodon typus",-18.5,118.5,17389,2017,8,11,118.5,-18.5,"original",0,NA,NA,157.411636352539
"Rhincodon typus",-22.4265927977839,114.307479224377,17324,2017,6,7,114.5,-22.5,"corrected",21.4174708150974,114.307479224377,-22.4265927977839,2.52048444747925
"Rhincodon typus",-21.5,114.5,16959,2016,6,7,114.5,-21.5,"original",0,NA,NA,106.52774810791
"Rhincodon typus",-24.4210526315789,113.310249307479,17573,2018,2,11,113.5,-24.5,"corrected",21.1322954656989,113.310249307479,-24.4210526315789,48.4295387268066
"Rhincodon typus",-21.9279778393352,113.808864265928,16954,2016,6,NA,113.96,-21.85,"corrected",17.8464838208128,113.808864265928,-21.9279778393352,402.422149658203
"Rhincodon typus",-20.5,115.5,16960,2016,6,8,115.5,-20.5,"original",0,NA,NA,24.2829113006592
"Rhincodon typus",-21.9279778393352,113.808864265928,16587,2015,6,NA,113.97,-21.85,"corrected",18.7575698756702,113.808864265928,-21.9279778393352,402.422149658203
"Rhincodon typus",-14.5,122.5,17008,2016,7,26,122.5,-14.5,"original",0,NA,NA,204.008224487305
"Rhincodon typus",-13.5,122.5,17006,2016,7,24,122.5,-13.5,"original",0,NA,NA,482.509704589844
"Rhincodon typus",-19.5,115.5,16966,2016,6,14,115.5,-19.5,"original",0,NA,NA,472.790313720703
"Rhincodon typus",-20.5,114.5,16959,2016,6,7,114.5,-20.5,"original",0,NA,NA,899.819152832031
"Rhincodon typus",-20.5,113.5,17374,2017,7,27,113.5,-20.5,"original",0,NA,NA,1087.18542480469
"Rhincodon typus",-36.2506,150.22701,16532,2015,4,NA,150.22701,-36.2506,"original",0,NA,NA,123.119979858398
"Rhincodon typus",-21.9279778393352,114.307479224377,17361,2017,7,NA,114.13,-21.94,"corrected",18.383616134036,114.307479224377,-21.9279778393352,14.8947296142578
"Rhincodon typus",-21.5,113.5,16953,2016,6,1,113.5,-21.5,"original",0,NA,NA,1128.33862304688
"Rhincodon typus",9.945,99.99,16516,2015,3,NA,99.99,9.945,"original",0,NA,NA,41.1316986083984
"Rhincodon typus",-22.17,113.85,16587,2015,6,NA,113.85,-22.17,"original",0,NA,NA,199.812454223633
"Rhincodon typus",-15.0469,145.743,17096,2016,10,NA,145.743,-15.0469,"original",0,NA,NA,625.093994140625
"Rhincodon typus",-26.38566,153.09017,18654,2021,1,27,153.09017,-26.38566,"original",0,NA,NA,40.5674171447754
"Rhincodon typus",-10.5,104.5,16644,2015,7,28,104.5,-10.5,"original",0,NA,NA,4450.51025390625
"Rhincodon typus",-23.91035,152.38398,18634,2021,1,7,152.38398,-23.91035,"original",0,NA,NA,72.1531295776367
"Rhincodon typus",-26.5,113.5,17172,2017,1,6,113.5,-26.5,"original",0,NA,NA,19.2153797149658
"Rhincodon typus",-18.5,117.5,17395,2017,8,17,117.5,-18.5,"original",0,NA,NA,617.604553222656
"Rhincodon typus",-25.5,113.5,17506,2017,12,6,113.5,-25.5,"original",0,NA,NA,13.8812952041626
"Rhincodon typus",-21.95,113.89,16955,2016,6,NA,113.89,-21.95,"original",0,NA,NA,402.422149658203
"Rhincodon typus",10.0909,99.817,16539,2015,4,NA,99.817,10.0909,"original",0,NA,NA,33.9330711364746
"Rhincodon typus",-22.5,112.5,16616,2015,6,30,112.5,-22.5,"original",0,NA,NA,3055.7109375
"Rhincodon typus",-22.15,113.85,16587,2015,6,NA,113.85,-22.15,"original",0,NA,NA,199.812454223633
"Rhincodon typus",-12.5,121.5,17037,2016,8,24,121.5,-12.5,"original",0,NA,NA,2725.5068359375
"Rhincodon typus",-19.5,112.5,17708,2018,6,26,112.5,-19.5,"original",0,NA,NA,1530.29187011719
"Rhincodon typus",-21.9279778393352,114.307479224377,17356,2017,7,NA,114.13,-21.94,"corrected",18.383616134036,114.307479224377,-21.9279778393352,14.8947296142578
"Rhincodon typus",-18.55567,147.20067,17129,2016,11,24,147.20067,-18.55567,"original",0,NA,NA,45.2377967834473
"Rhincodon typus",24.93421,135.35156,18570,2020,11,4,135.35156,24.93421,"original",0,NA,NA,5183.3369140625
"Rhincodon typus",27.4349030470915,120.789473684211,17921,2019,1,25,120.5,27.5,"corrected",29.5072112598276,120.789473684211,27.4349030470915,10.9657411575317
"Rhincodon typus",-15.87,100.993,16530,2015,4,NA,100.993,-15.87,"original",0,NA,NA,6257.68994140625
"Rhincodon typus",-36.26647,175.26819,19747,2024,1,25,175.26819,-36.26647,"original",0,NA,NA,39.3335571289062
"Rhincodon typus",-35.47951,174.81567,19728,2024,1,6,174.81567,-35.47951,"original",0,NA,NA,250.35237121582
"Rhincodon typus",-35.44089,174.75593,19759,2024,2,6,174.75593,-35.44089,"original",0,NA,NA,131.058074951172
"Rhincodon typus",-35.48789,174.75281,19759,2024,2,6,174.75281,-35.48789,"original",0,NA,NA,131.058074951172
"Rhincodon typus",-35.0911,174.38517,19758,2024,2,5,174.38517,-35.0911,"original",0,NA,NA,159.677001953125
"Rhincodon typus",-35.79735,175.03158,19774,2024,2,21,175.03158,-35.79735,"original",0,NA,NA,111.41813659668
"Rhincodon typus",-34.64534,173.43973,19364,2023,1,7,173.43973,-34.64534,"original",0,NA,NA,210.772262573242
"Rhincodon typus",-36.22497,175.80097,19019,2022,1,27,175.80097,-36.22497,"original",0,NA,NA,176.951705932617
"Rhincodon typus",-34.50347,173.58163,18638,2021,1,11,173.58163,-34.50347,"original",0,NA,NA,1383.56799316406
"Rhincodon typus",-36.1385041551247,175.637119113574,18775,2021,5,28,175.46768,-36.11776,"corrected",15.4252095583928,175.637119113574,-36.1385041551247,108.969383239746
"Rhincodon typus",-37.44046,176.25621,17557,2018,1,26,176.25621,-37.44046,"original",0,NA,NA,65.5527114868164
"Rhincodon typus",-36.8209,176.02065,17972,2019,3,17,176.02065,-36.8209,"original",0,NA,NA,176.936126708984
