"species","decimalLatitude","decimalLongitude","date","year","month","day"
"Rhincodon typus",10.14269,125.11648,19727,2024,1,5
"Rhincodon typus",-15.50013,145.63711,19739,2024,1,17
"Rhincodon typus",10.11895,99.93454,19741,2024,1,19
"Rhincodon typus",0.59421,123.18909,19753,2024,1,31
"Rhincodon typus",10.03251,125.09176,19726,2024,1,4
"Rhincodon typus",10.14935,125.11174,19726,2024,1,4
"Rhincodon typus",10.07761,125.02856,19726,2024,1,4
"Rhincodon typus",10.07548,125.08397,19726,2024,1,4
"Rhincodon typus",-10.53091,105.53926,19741,2024,1,19
"Rhincodon typus",-10.51229,105.61164,19732,2024,1,10
"Rhincodon typus",-10.51306,105.59072,19724,2024,1,2
"Rhincodon typus",-10.55877,105.64166,19734,2024,1,12
"Rhincodon typus",-12.30018,104.33928,19729,2024,1,7
"Rhincodon typus",-10.502,105.56604,19730,2024,1,8
"Rhincodon typus",-10.52255,105.54019,19725,2024,1,3
"Rhincodon typus",-10.52672,105.68397,19728,2024,1,6
"Rhincodon typus",-10.52454,105.62912,19733,2024,1,11
"Rhincodon typus",-10.50381,105.6512,19741,2024,1,19
"Rhincodon typus",-10.54559,105.62087,19734,2024,1,12
"Rhincodon typus",-10.49873,105.614,19740,2024,1,18
"Rhincodon typus",-10.49625,105.62534,19732,2024,1,10
"Rhincodon typus",-10.51325,105.61789,19735,2024,1,13
"Rhincodon typus",-10.52234,105.62432,19729,2024,1,7
"Rhincodon typus",-10.53748,105.63247,19753,2024,1,31
"Rhincodon typus",-10.51082,105.6163,19733,2024,1,11
"Rhincodon typus",-10.50642,105.62324,19732,2024,1,10
"Rhincodon typus",-10.5249,105.62839,19726,2024,1,4
"Rhincodon typus",-10.51386,105.55115,19744,2024,1,22
"Rhincodon typus",-10.46784,105.68131,19726,2024,1,4
"Rhincodon typus",-10.54599,105.60981,19752,2024,1,30
"Rhincodon typus",-10.50756,105.70586,19748,2024,1,26
"Rhincodon typus",-10.52212,105.61303,19749,2024,1,27
"Rhincodon typus",-10.51346,105.61981,19727,2024,1,5
"Rhincodon typus",-10.51282,105.61972,19739,2024,1,17
"Rhincodon typus",-10.52033,105.62461,19737,2024,1,15
"Rhincodon typus",-10.52173,105.63518,19727,2024,1,5
"Rhincodon typus",-10.51631,105.60926,19732,2024,1,10
"Rhincodon typus",-10.56598,105.55527,19733,2024,1,11
"Rhincodon typus",-10.50799,105.57663,19746,2024,1,24
"Rhincodon typus",-10.53279,105.63788,19729,2024,1,7
"Rhincodon typus",-10.52182,105.63647,19727,2024,1,5
"Rhincodon typus",-10.53537,105.61072,19751,2024,1,29
"Rhincodon typus",-10.47906,105.5772,19724,2024,1,2
"Rhincodon typus",-10.53292,105.6324,19734,2024,1,12
"Rhincodon typus",-10.46016,105.47976,19723,2024,1,1
"Rhincodon typus",-10.50283,105.55613,19743,2024,1,21
"Rhincodon typus",-11.34084,106.12076,19730,2024,1,8
"Rhincodon typus",-10.52228,105.63388,19731,2024,1,9
"Rhincodon typus",-12.10874,106.40763,19739,2024,1,17
"Rhincodon typus",-10.5462,105.68008,19739,2024,1,17
"Rhincodon typus",-10.52191,105.61961,19738,2024,1,16
"Rhincodon typus",-10.51835,105.5863,19728,2024,1,6
"Rhincodon typus",-10.51405,105.54305,19743,2024,1,21
"Rhincodon typus",-10.5106,105.61871,19726,2024,1,4
"Rhincodon typus",-10.52566,105.63888,19734,2024,1,12
"Rhincodon typus",-10.54916,105.63816,19732,2024,1,10
"Rhincodon typus",-10.51646,105.62287,19739,2024,1,17
"Rhincodon typus",-10.50471,105.56276,19730,2024,1,8
"Rhincodon typus",-10.51357,105.56876,19736,2024,1,14
"Rhincodon typus",-10.5036,105.58263,19742,2024,1,20
"Rhincodon typus",-10.55343,105.63211,19738,2024,1,16
"Rhincodon typus",-10.58761,105.63074,19733,2024,1,11
"Rhincodon typus",-10.5077,105.57168,19723,2024,1,1
"Rhincodon typus",-10.51173,105.61144,19740,2024,1,18
"Rhincodon typus",-10.51104,105.61148,19729,2024,1,7
"Rhincodon typus",-10.52376,105.62743,19735,2024,1,13
"Rhincodon typus",-10.5123,105.60805,19729,2024,1,7
"Rhincodon typus",-10.51752,105.62396,19731,2024,1,9
"Rhincodon typus",-10.47832,105.63452,19749,2024,1,27
"Rhincodon typus",-10.46104,105.61842,19742,2024,1,20
"Rhincodon typus",-10.45187,105.59751,19750,2024,1,28
"Rhincodon typus",-10.52185,105.63132,19732,2024,1,10
"Rhincodon typus",-10.49276,105.62896,19725,2024,1,3
"Rhincodon typus",-10.55797,105.62147,19737,2024,1,15
"Rhincodon typus",-10.5196,105.63197,19750,2024,1,28
"Rhincodon typus",-10.51973,105.62155,19739,2024,1,17
"Rhincodon typus",-10.54158,105.62531,19753,2024,1,31
"Rhincodon typus",-10.51717,105.61272,19731,2024,1,9
"Rhincodon typus",-12.9648,107.43807,19742,2024,1,20
"Rhincodon typus",-10.51653,105.60552,19742,2024,1,20
"Rhincodon typus",-10.51175,105.61545,19742,2024,1,20
"Rhincodon typus",-10.47595,105.62943,19747,2024,1,25
"Rhincodon typus",-10.53481,105.62698,19734,2024,1,12
"Rhincodon typus",-10.47145,105.60314,19750,2024,1,28
"Rhincodon typus",-10.51304,105.60421,19747,2024,1,25
"Rhincodon typus",-10.51087,105.621,19733,2024,1,11
"Rhincodon typus",-12.85037,103.40769,19729,2024,1,7
"Rhincodon typus",-10.52043,105.63497,19741,2024,1,19
"Rhincodon typus",-10.51752,105.58049,19736,2024,1,14
"Rhincodon typus",-10.50587,105.5874,19736,2024,1,14
"Rhincodon typus",-10.53541,105.68617,19739,2024,1,17
"Rhincodon typus",-10.51208,105.63051,19747,2024,1,25
"Rhincodon typus",-13.49543,106.76743,19742,2024,1,20
"Rhincodon typus",-10.50894,105.63816,19728,2024,1,6
"Rhincodon typus",-10.547,105.55182,19733,2024,1,11
"Rhincodon typus",-10.50726,105.60091,19728,2024,1,6
"Rhincodon typus",-10.5177,105.54157,19743,2024,1,21
"Rhincodon typus",-10.5181,105.62366,19747,2024,1,25
"Rhincodon typus",-10.52175,105.63115,19732,2024,1,10
"Rhincodon typus",-11.36723,108.36545,19750,2024,1,28
"Rhincodon typus",-10.52492,105.62591,19738,2024,1,16
"Rhincodon typus",-10.5035,105.64576,19727,2024,1,5
"Rhincodon typus",-10.51467,105.63512,19734,2024,1,12
"Rhincodon typus",-10.50028,105.56447,19730,2024,1,8
"Rhincodon typus",-10.51247,105.60594,19728,2024,1,6
"Rhincodon typus",-10.51642,105.61545,19728,2024,1,6
"Rhincodon typus",-10.51776,105.62101,19746,2024,1,24
"Rhincodon typus",-10.53486,105.60429,19747,2024,1,25
"Rhincodon typus",-10.50475,105.58296,19723,2024,1,1
"Rhincodon typus",-10.51278,105.61529,19726,2024,1,4
"Rhincodon typus",-10.47966,105.60721,19746,2024,1,24
"Rhincodon typus",-10.51262,105.61687,19740,2024,1,18
"Rhincodon typus",9.05932,123.26589,19769,2024,2,16
"Rhincodon typus",0.51774,123.01074,19770,2024,2,17
"Rhincodon typus",9.41217,123.50675,19758,2024,2,5
"Rhincodon typus",0.43292,123.03773,19770,2024,2,17
"Rhincodon typus",9.44548,123.37188,19755,2024,2,2
"Rhincodon typus",-10.5138,105.61135,19761,2024,2,8
"Rhincodon typus",-10.5266,105.60978,19781,2024,2,28
"Rhincodon typus",-10.50578,105.57156,19770,2024,2,17
"Rhincodon typus",-10.51161,105.61361,19765,2024,2,12
"Rhincodon typus",-10.58205,105.5837,19772,2024,2,19
"Rhincodon typus",-10.52919,105.62758,19761,2024,2,8
"Rhincodon typus",-10.49937,105.53758,19762,2024,2,9
"Rhincodon typus",-10.5159,105.63461,19755,2024,2,2
"Rhincodon typus",-10.51495,105.60855,19766,2024,2,13
"Rhincodon typus",-10.50369,105.57988,19775,2024,2,22
"Rhincodon typus",-10.5138,105.61082,19758,2024,2,5
"Rhincodon typus",-10.53288,105.62467,19761,2024,2,8
"Rhincodon typus",-10.46928,105.68507,19769,2024,2,16
"Rhincodon typus",-10.58495,105.51538,19769,2024,2,16
"Rhincodon typus",-10.51829,105.60177,19775,2024,2,22
"Rhincodon typus",-10.51042,105.56332,19775,2024,2,22
"Rhincodon typus",-10.50621,105.58306,19763,2024,2,10
"Rhincodon typus",-10.50051,105.56974,19765,2024,2,12
"Rhincodon typus",-10.52233,105.62901,19754,2024,2,1
"Rhincodon typus",-10.51377,105.61743,19757,2024,2,4
"Rhincodon typus",-10.51145,105.60272,19775,2024,2,22
"Rhincodon typus",-10.5333,105.59234,19781,2024,2,28
"Rhincodon typus",-10.52444,105.63173,19770,2024,2,17
"Rhincodon typus",-10.45399,105.72039,19756,2024,2,3
"Rhincodon typus",-10.51816,105.63234,19754,2024,2,1
"Rhincodon typus",-10.54487,105.58493,19765,2024,2,12
"Rhincodon typus",-10.51398,105.59033,19782,2024,2,29
"Rhincodon typus",-10.50719,105.54691,19779,2024,2,26
"Rhincodon typus",-10.51629,105.62633,19756,2024,2,3
"Rhincodon typus",-10.51211,105.63196,19769,2024,2,16
"Rhincodon typus",-10.51776,105.62352,19760,2024,2,7
"Rhincodon typus",-10.40046,105.68402,19757,2024,2,4
"Rhincodon typus",-10.50028,105.56472,19765,2024,2,12
"Rhincodon typus",-10.53155,105.62402,19782,2024,2,29
"Rhincodon typus",-10.50965,105.56746,19775,2024,2,22
"Rhincodon typus",-10.50139,105.58206,19764,2024,2,11
"Rhincodon typus",-10.52182,105.62997,19771,2024,2,18
"Rhincodon typus",-10.50662,105.61243,19767,2024,2,14
"Rhincodon typus",-10.52477,105.61883,19756,2024,2,3
"Rhincodon typus",-10.50256,105.60502,19760,2024,2,7
"Rhincodon typus",-10.52551,105.57868,19765,2024,2,12
"Rhincodon typus",-10.52854,105.66291,19758,2024,2,5
"Rhincodon typus",-10.50689,105.56012,19762,2024,2,9
"Rhincodon typus",-10.52971,105.63873,19770,2024,2,17
"Rhincodon typus",-10.51955,105.62727,19760,2024,2,7
"Rhincodon typus",-10.52377,105.62926,19775,2024,2,22
"Rhincodon typus",-10.52168,105.62411,19771,2024,2,18
"Rhincodon typus",-10.50264,105.59316,19763,2024,2,10
"Rhincodon typus",-10.50896,105.57166,19780,2024,2,27
"Rhincodon typus",-10.50641,105.56333,19775,2024,2,22
"Rhincodon typus",-10.51515,105.57364,19779,2024,2,26
"Rhincodon typus",-10.52089,105.61998,19755,2024,2,2
"Rhincodon typus",-10.52473,105.58817,19781,2024,2,28
"Rhincodon typus",-10.52469,105.56802,19763,2024,2,10
"Rhincodon typus",-10.50923,105.61286,19766,2024,2,13
"Rhincodon typus",-10.51646,105.64827,19778,2024,2,25
"Rhincodon typus",-10.51056,105.63048,19756,2024,2,3
"Rhincodon typus",-10.62559,105.56435,19773,2024,2,20
"Rhincodon typus",-10.5262,105.663,19767,2024,2,14
"Rhincodon typus",-10.50089,105.70366,19765,2024,2,12
"Rhincodon typus",-10.51049,105.62164,19778,2024,2,25
"Rhincodon typus",-10.57123,105.53283,19768,2024,2,15
"Rhincodon typus",-10.49659,105.56116,19780,2024,2,27
"Rhincodon typus",-10.4819,105.60195,19778,2024,2,25
"Rhincodon typus",-10.49463,105.62114,19766,2024,2,13
"Rhincodon typus",-10.5346,105.60721,19766,2024,2,13
"Rhincodon typus",-10.51422,105.63635,19755,2024,2,2
"Rhincodon typus",-10.52517,105.59291,19782,2024,2,29
"Rhincodon typus",-10.55561,105.67275,19782,2024,2,29
"Rhincodon typus",-10.51393,105.62687,19769,2024,2,16
"Rhincodon typus",-10.4973,105.5695,19780,2024,2,27
"Rhincodon typus",-10.56123,105.5578,19767,2024,2,14
"Rhincodon typus",-10.49472,105.54158,19762,2024,2,9
"Rhincodon typus",-10.52039,105.63525,19776,2024,2,23
"Rhincodon typus",10.16093,125.00766,19762,2024,2,9
"Rhincodon typus",9.5773,123.35198,19795,2024,3,13
"Rhincodon typus",-22.2435,113.68649,19809,2024,3,27
"Rhincodon typus",-22.23498,113.60744,19809,2024,3,27
"Rhincodon typus",-3.66527,133.72289,19803,2024,3,21
"Rhincodon typus",12.93149,123.40399,19810,2024,3,28
"Rhincodon typus",-10.51026,105.6025,19783,2024,3,1
"Rhincodon typus",-10.51507,105.62081,19792,2024,3,10
"Rhincodon typus",-10.50199,105.5665,19791,2024,3,9
"Rhincodon typus",-10.52743,105.62469,19792,2024,3,10
"Rhincodon typus",-10.47914,105.59742,19785,2024,3,3
"Rhincodon typus",-10.50868,105.60893,19792,2024,3,10
"Rhincodon typus",-10.51995,105.62841,19790,2024,3,8
"Rhincodon typus",-10.51931,105.62847,19785,2024,3,3
"Rhincodon typus",-11.1752,111.15346,19802,2024,3,20
"Rhincodon typus",-10.50929,105.6253,19784,2024,3,2
"Rhincodon typus",-10.5143,105.62734,19792,2024,3,10
"Rhincodon typus",-10.52262,105.63788,19786,2024,3,4
"Rhincodon typus",-10.51949,105.60971,19787,2024,3,5
"Rhincodon typus",-10.51835,105.62933,19784,2024,3,2
"Rhincodon typus",-10.50033,105.77338,19793,2024,3,11
"Rhincodon typus",-10.51751,105.62394,19791,2024,3,9
"Rhincodon typus",-10.51239,105.62001,19791,2024,3,9
"Rhincodon typus",-10.5087,105.59713,19783,2024,3,1
"Rhincodon typus",-10.5202,105.63146,19792,2024,3,10
"Rhincodon typus",-10.52229,105.64936,19785,2024,3,3
"Rhincodon typus",-10.52492,105.56138,19789,2024,3,7
"Rhincodon typus",-10.52314,105.6324,19784,2024,3,2
"Rhincodon typus",-10.52668,105.56569,19791,2024,3,9
"Rhincodon typus",-10.5439,105.61777,19790,2024,3,8
"Rhincodon typus",-10.50443,105.55059,19789,2024,3,7
"Rhincodon typus",-10.51054,105.57127,19788,2024,3,6
"Rhincodon typus",-10.51096,105.57119,19788,2024,3,6
"Rhincodon typus",-10.50421,105.57116,19791,2024,3,9
"Rhincodon typus",-10.52008,105.61368,19787,2024,3,5
"Rhincodon typus",-10.52139,105.57619,19788,2024,3,6
"Rhincodon typus",-21.91394,113.99326,19797,2024,3,15
"Rhincodon typus",-22.05922,113.98258,19818,2024,4,5
"Rhincodon typus",-22.70283,113.62539,19814,2024,4,1
"Rhincodon typus",9.52205,123.41962,19838,2024,4,25
"Rhincodon typus",9.52763,123.37623,19835,2024,4,22
"Rhincodon typus",-8.36541,124.95455,19831,2024,4,18
"Rhincodon typus",-8.68093,122.78857,19841,2024,4,28
"Rhincodon typus",-8.49321,124.39466,19829,2024,4,16
"Rhincodon typus",-8.47789,124.58925,19835,2024,4,22
"Rhincodon typus",-8.39935,124.84027,19833,2024,4,20
"Rhincodon typus",-8.54873,124.1739,19826,2024,4,13
"Rhincodon typus",-8.49247,124.45264,19830,2024,4,17
"Rhincodon typus",-8.3998,124.82428,19833,2024,4,20
"Rhincodon typus",-8.58866,124.0684,19826,2024,4,13
"Rhincodon typus",-8.36458,124.97096,19831,2024,4,18
"Rhincodon typus",-8.52419,123.19756,19843,2024,4,30
"Rhincodon typus",-8.43056,124.8141,19831,2024,4,18
"Rhincodon typus",-8.62669,123.62188,19836,2024,4,23
"Rhincodon typus",-8.42298,124.75833,19834,2024,4,21
"Rhincodon typus",-10.62366,110.42055,19827,2024,4,14
"Rhincodon typus",-8.40107,124.83748,19833,2024,4,20
"Rhincodon typus",-9.0981,123.87109,19839,2024,4,26
"Rhincodon typus",-9.95088,117.72593,19829,2024,4,16
"Rhincodon typus",-8.42015,124.71146,19834,2024,4,21
"Rhincodon typus",-8.43672,124.7394,19834,2024,4,21
"Rhincodon typus",-8.68858,122.79789,19841,2024,4,28
"Rhincodon typus",-8.49871,123.17432,19843,2024,4,30
"Rhincodon typus",-11.13272,114.82685,19835,2024,4,22
"Rhincodon typus",-8.34358,124.96664,19831,2024,4,18
"Rhincodon typus",-8.52775,124.41224,19836,2024,4,23
"Rhincodon typus",-8.49591,124.43941,19830,2024,4,17
"Rhincodon typus",-8.3871,124.81902,19833,2024,4,20
"Rhincodon typus",-8.44021,124.79274,19834,2024,4,21
"Rhincodon typus",-8.3986,124.8175,19833,2024,4,20
"Rhincodon typus",-8.4312,124.72634,19834,2024,4,21
"Rhincodon typus",-8.44013,124.79408,19834,2024,4,21
"Rhincodon typus",-8.40133,124.81919,19833,2024,4,20
"Rhincodon typus",-8.5183,123.22803,19843,2024,4,30
"Rhincodon typus",-8.40163,124.8398,19833,2024,4,20
"Rhincodon typus",-8.4239,124.73509,19834,2024,4,21
"Rhincodon typus",-8.52239,124.36129,19829,2024,4,16
"Rhincodon typus",-22.16963,113.74718,19848,2024,5,5
"Rhincodon typus",-5.65871,106.65012,19847,2024,5,4
"Rhincodon typus",9.45154,123.3391,19862,2024,5,19
"Rhincodon typus",-22.65811,113.66963,19873,2024,5,30
"Rhincodon typus",8.86836,119.82395,19861,2024,5,18
"Rhincodon typus",-21.85706,113.95527,19853,2024,5,10
"Rhincodon typus",9.45636,123.4846,19867,2024,5,24
"Rhincodon typus",-9.96573,121.12856,19858,2024,5,15
"Rhincodon typus",-9.43148,123.0172,19846,2024,5,3
"Rhincodon typus",-9.30515,122.654,19852,2024,5,9
"Rhincodon typus",-9.01205,122.44258,19849,2024,5,6
"Rhincodon typus",-9.69289,121.87329,19854,2024,5,11
"Rhincodon typus",-9.0079,122.48801,19849,2024,5,6
"Rhincodon typus",-9.02313,122.77134,19851,2024,5,8
"Rhincodon typus",-10.24052,111.67672,19848,2024,5,5
"Rhincodon typus",-9.76518,121.58499,19855,2024,5,12
"Rhincodon typus",-9.2358,122.48299,19847,2024,5,4
"Rhincodon typus",-9.27812,122.43783,19847,2024,5,4
"Rhincodon typus",-9.00861,122.71181,19850,2024,5,7
"Rhincodon typus",-9.12281,122.51408,19848,2024,5,5
"Rhincodon typus",-9.367,122.92938,19846,2024,5,3
"Rhincodon typus",-9.0069,122.49667,19849,2024,5,6
"Rhincodon typus",-9.52997,111.30502,19852,2024,5,9
"Rhincodon typus",-9.75889,121.63591,19855,2024,5,12
"Rhincodon typus",-9.01011,122.49471,19849,2024,5,6
"Rhincodon typus",-9.3325,123.22592,19845,2024,5,2
"Rhincodon typus",-9.01858,122.76293,19851,2024,5,8
"Rhincodon typus",-9.93726,121.16129,19857,2024,5,14
"Rhincodon typus",-8.99707,122.78469,19851,2024,5,8
"Rhincodon typus",-9.32089,123.22414,19845,2024,5,2
"Rhincodon typus",-8.90084,123.39132,19844,2024,5,1
"Rhincodon typus",-10.24265,111.77447,19848,2024,5,5
"Rhincodon typus",-9.25754,122.4622,19847,2024,5,4
"Rhincodon typus",-9.01692,122.71367,19851,2024,5,8
"Rhincodon typus",-9.37186,121.73647,19859,2024,5,16
"Rhincodon typus",-9.44797,123.01033,19846,2024,5,3
"Rhincodon typus",-8.99194,122.49084,19849,2024,5,6
"Rhincodon typus",-10.53365,112.33806,19847,2024,5,4
"Rhincodon typus",-9.68611,121.93128,19854,2024,5,11
"Rhincodon typus",-9.56326,111.59513,19853,2024,5,10
"Rhincodon typus",-9.06285,122.79085,19850,2024,5,7
"Rhincodon typus",-9.2642,122.4527,19847,2024,5,4
"Rhincodon typus",-9.28787,122.47474,19847,2024,5,4
"Rhincodon typus",-9.03182,122.46952,19848,2024,5,5
"Rhincodon typus",-9.3638,122.94387,19846,2024,5,3
"Rhincodon typus",-9.74477,121.62203,19855,2024,5,12
"Rhincodon typus",-9.68612,121.91948,19854,2024,5,11
"Rhincodon typus",-9.75973,121.63836,19855,2024,5,12
"Rhincodon typus",-9.36279,121.72698,19859,2024,5,16
"Rhincodon typus",-9.31353,122.63677,19852,2024,5,9
"Rhincodon typus",-8.98999,122.49859,19849,2024,5,6
"Rhincodon typus",-9.93887,121.16378,19857,2024,5,14
"Rhincodon typus",-9.5834,122.27455,19853,2024,5,10
"Rhincodon typus",-9.76407,121.63772,19855,2024,5,12
"Rhincodon typus",-9.01244,122.71393,19850,2024,5,7
"Rhincodon typus",-9.28783,122.49084,19847,2024,5,4
"Rhincodon typus",-9.63941,111.34244,19851,2024,5,8
"Rhincodon typus",-9.32843,123.22396,19845,2024,5,2
"Rhincodon typus",-10.56281,112.35738,19847,2024,5,4
"Rhincodon typus",-9.59323,122.31778,19853,2024,5,10
"Rhincodon typus",-22.15051,113.7351,19887,2024,6,13
"Rhincodon typus",-21.88663,113.86306,19887,2024,6,13
"Rhincodon typus",-21.91677,113.8184,19887,2024,6,13
"Rhincodon typus",-21.98794,113.87311,19887,2024,6,13
"Rhincodon typus",-21.8168,113.98599,19887,2024,6,13
"Rhincodon typus",-21.99986,113.93314,19887,2024,6,13
"Rhincodon typus",-22.03581,113.42767,19887,2024,6,13
"Rhincodon typus",-21.8716,113.7852,19887,2024,6,13
"Rhincodon typus",-8.77294,118.08521,19896,2024,6,22
"Rhincodon typus",-22.29685,113.60423,19899,2024,6,25
"Rhincodon typus",9.53498,123.86754,19901,2024,6,27
"Rhincodon typus",-8.37252,116.99029,19897,2024,6,23
"Rhincodon typus",-21.87686,113.61531,19886,2024,6,12
"Rhincodon typus",-21.81213,113.82143,19894,2024,6,20
"Rhincodon typus",9.46273,123.48118,19883,2024,6,9
"Rhincodon typus",-23.15798,113.78548,19882,2024,6,8
"Rhincodon typus",-6.26501,129.42708,19893,2024,6,19
"Rhincodon typus",-6.46535,130.5576,19896,2024,6,22
"Rhincodon typus",-4.25589,130.59413,19889,2024,6,15
"Rhincodon typus",-22.10622,113.83591,19918,2024,7,14
"Rhincodon typus",-22.00074,113.93914,19918,2024,7,14
"Rhincodon typus",-21.9428,113.89549,19913,2024,7,9
"Rhincodon typus",9.41009,123.26149,19923,2024,7,19
"Rhincodon typus",9.58608,123.37708,19922,2024,7,18
"Rhincodon typus",9.51609,123.37768,19922,2024,7,18
"Rhincodon typus",-21.82826,113.87725,19932,2024,7,28
"Rhincodon typus",9.46507,123.3843,19929,2024,7,25
"Rhincodon typus",9.50642,123.21995,19929,2024,7,25
"Rhincodon typus",9.52525,123.32389,19929,2024,7,25
"Rhincodon typus",9.4075,123.29376,19929,2024,7,25
"Rhincodon typus",9.49579,123.24478,19929,2024,7,25
"Rhincodon typus",9.49558,123.38125,19929,2024,7,25
"Rhincodon typus",9.58484,123.39479,19929,2024,7,25
"Rhincodon typus",9.48557,123.56203,19925,2024,7,21
"Rhincodon typus",9.49634,123.31916,19922,2024,7,18
"Rhincodon typus",-6.44631,125.50067,19911,2024,7,7
"Rhincodon typus",-6.37751,124.25762,19914,2024,7,10
"Rhincodon typus",-6.36941,124.18731,19914,2024,7,10
"Rhincodon typus",-6.36938,124.20664,19914,2024,7,10
"Rhincodon typus",-6.43382,125.55597,19911,2024,7,7
"Rhincodon typus",-7.87571,123.71462,19928,2024,7,24
"Rhincodon typus",-8.0331,123.9553,19928,2024,7,24
"Rhincodon typus",-6.31357,122.49235,19923,2024,7,19
"Rhincodon typus",-6.37551,124.19597,19914,2024,7,10
"Rhincodon typus",9.58303,123.9644,19950,2024,8,15
"Rhincodon typus",9.4807,123.45682,19948,2024,8,13
"Rhincodon typus",12.65288,121.61562,19959,2024,8,24
"Rhincodon typus",-21.67961,114.36068,19959,2024,8,24
"Rhincodon typus",10.18745,99.79192,19960,2024,8,25
"Rhincodon typus",9.41859,123.31285,19937,2024,8,2
"Rhincodon typus",-8.50694,118.13152,19937,2024,8,2
"Rhincodon typus",1.74974,118.14377,19956,2024,8,21
"Rhincodon typus",9.56363,123.54616,19963,2024,8,28
"Rhincodon typus",-21.85263,114.091,19989,2024,9,23
"Rhincodon typus",-8.46691,118.14315,19978,2024,9,12
"Rhincodon typus",-8.47025,118.07244,19993,2024,9,27
"Rhincodon typus",-8.37782,117.73139,19980,2024,9,14
"Rhincodon typus",-21.91065,113.94779,20016,2024,10,20
"Rhincodon typus",4.4042,118.87192,20016,2024,10,20
"Rhincodon typus",-3.39762,134.89944,20004,2024,10,8
"Rhincodon typus",-8.57023,118.15114,20021,2024,10,25
"Rhincodon typus",-22.14729,113.8072,20006,2024,10,10
"Rhincodon typus",-3.36002,134.99321,20026,2024,10,30
"Rhincodon typus",-11.75825,143.94473,20021,2024,10,25
"Rhincodon typus",-8.51564,125.99135,20015,2024,10,19
"Rhincodon typus",-8.79762,115.51403,20018,2024,10,22
"Rhincodon typus",-3.74696,133.69691,20046,2024,11,19
"Rhincodon typus",1.65458,118.07619,20043,2024,11,16
"Rhincodon typus",9.96511,124.24561,20040,2024,11,13
"Rhincodon typus",-8.32487,117.69934,20040,2024,11,13
"Rhincodon typus",-8.3937,127.01726,20059,2024,12,2
"Rhincodon typus",-5.66058,120.55782,20059,2024,12,2
"Rhincodon typus",-5.68002,120.5791,20059,2024,12,2
"Rhincodon typus",9.52378,123.31115,20066,2024,12,9
"Rhincodon typus",9.42916,123.67077,20085,2024,12,28
"Rhincodon typus",-8.43671,117.90921,19364,2023,1,7
"Rhincodon typus",-8.48024,117.85111,19364,2023,1,7
"Rhincodon typus",-7.70969,113.25944,19390,2023,2,2
"Rhincodon typus",9.40546,124.16667,19415,2023,2,27
"Rhincodon typus",9.56408,124.07848,19415,2023,2,27
"Rhincodon typus",-30.43162,153.0764,19429,2023,3,13
"Rhincodon typus",-21.92218,114.253,19443,2023,3,27
"Rhincodon typus",9.56115,123.44238,19426,2023,3,10
"Rhincodon typus",9.87738,123.44349,19453,2023,4,6
"Rhincodon typus",-22.32727,113.71494,19468,2023,4,21
"Rhincodon typus",-9.9186,144.04939,19476,2023,4,29
"Rhincodon typus",-21.82411,113.86202,19465,2023,4,18
"Rhincodon typus",-22.31105,166.0742,19450,2023,4,3
"Rhincodon typus",0.51197,123.05976,19457,2023,4,10
"Rhincodon typus",-21.92403,113.80457,19463,2023,4,16
"Rhincodon typus",-22.60849,113.29715,19464,2023,4,17
"Rhincodon typus",-8.51596,118.08471,19495,2023,5,18
"Rhincodon typus",-21.99533,113.87951,19513,2023,6,5
"Rhincodon typus",-21.96876,114.22181,19513,2023,6,5
"Rhincodon typus",-21.85608,113.66414,19518,2023,6,10
"Rhincodon typus",-21.80031,113.94817,19522,2023,6,14
"Rhincodon typus",4.50487,118.99053,19523,2023,6,15
"Rhincodon typus",23.28429,119.76823,19537,2023,6,29
"Rhincodon typus",8.84929,120.0518,19520,2023,6,12
"Rhincodon typus",12.71438,123.631,19524,2023,6,16
"Rhincodon typus",-8.52041,118.16577,19534,2023,6,26
"Rhincodon typus",-22.27103,166.05517,19533,2023,6,25
"Rhincodon typus",-21.84444,114.06796,19517,2023,6,9
"Rhincodon typus",-21.97978,113.95116,19509,2023,6,1
"Rhincodon typus",-8.13312,117.59455,19537,2023,6,29
"Rhincodon typus",-21.66207,114.113,19549,2023,7,11
"Rhincodon typus",4.44359,118.92274,19552,2023,7,14
"Rhincodon typus",9.54255,123.24641,19566,2023,7,28
"Rhincodon typus",9.5566,123.2996,19566,2023,7,28
"Rhincodon typus",-21.92211,113.96165,19563,2023,7,25
"Rhincodon typus",9.54468,123.26613,19553,2023,7,15
"Rhincodon typus",9.52228,123.53669,19544,2023,7,6
"Rhincodon typus",-8.51584,118.01857,19554,2023,7,16
"Rhincodon typus",10.04004,99.81981,19599,2023,8,30
"Rhincodon typus",-8.51562,118.11074,19579,2023,8,10
"Rhincodon typus",1.71231,118.41262,19596,2023,8,27
"Rhincodon typus",1.89136,118.41106,19596,2023,8,27
"Rhincodon typus",1.94471,118.56472,19596,2023,8,27
"Rhincodon typus",1.79098,118.59388,19596,2023,8,27
"Rhincodon typus",1.80888,118.41353,19596,2023,8,27
"Rhincodon typus",1.6215,118.54401,19596,2023,8,27
"Rhincodon typus",-20.95684,113.57492,19599,2023,8,30
"Rhincodon typus",9.57767,123.49196,19578,2023,8,9
"Rhincodon typus",9.44878,123.36629,19621,2023,9,21
"Rhincodon typus",9.52253,123.5805,19604,2023,9,4
"Rhincodon typus",-8.61268,117.65484,19603,2023,9,3
"Rhincodon typus",9.53638,123.57866,19641,2023,10,11
"Rhincodon typus",-2.5621,135.30172,19648,2023,10,18
"Rhincodon typus",-3.07029,135.09844,19644,2023,10,14
"Rhincodon typus",9.51954,123.25274,19672,2023,11,11
"Rhincodon typus",0.46157,123.10896,19668,2023,11,7
"Rhincodon typus",16.06525,94.28252,19679,2023,11,18
"Rhincodon typus",-12.33143,143.97761,19691,2023,11,30
"Rhincodon typus",9.53065,123.55981,19686,2023,11,25
"Rhincodon typus",9.46275,123.38106,19674,2023,11,13
"Rhincodon typus",-10.45768,105.63262,19670,2023,11,9
"Rhincodon typus",-10.51428,105.58296,19690,2023,11,29
"Rhincodon typus",-10.54809,105.62474,19681,2023,11,20
"Rhincodon typus",-10.50748,105.57948,19690,2023,11,29
"Rhincodon typus",-11.6975,103.9174,19686,2023,11,25
"Rhincodon typus",-10.42548,105.66295,19676,2023,11,15
"Rhincodon typus",-10.4605,105.574,19678,2023,11,17
"Rhincodon typus",-10.5011,105.6109,19690,2023,11,29
"Rhincodon typus",-10.5112,105.5839,19682,2023,11,21
"Rhincodon typus",-10.521,105.6069,19684,2023,11,23
"Rhincodon typus",-10.51172,105.63391,19687,2023,11,26
"Rhincodon typus",-11.4471,104.196,19684,2023,11,23
"Rhincodon typus",-10.5192,105.6299,19681,2023,11,20
"Rhincodon typus",-10.5006,105.589,19690,2023,11,29
"Rhincodon typus",-10.54319,105.65072,19679,2023,11,18
"Rhincodon typus",-10.5086,105.6073,19690,2023,11,29
"Rhincodon typus",-11.9754,103.8535,19687,2023,11,26
"Rhincodon typus",-10.4616,105.6133,19672,2023,11,11
"Rhincodon typus",-10.5146,105.6211,19689,2023,11,28
"Rhincodon typus",-10.4352,105.6336,19680,2023,11,19
"Rhincodon typus",-10.48502,105.52502,19675,2023,11,14
"Rhincodon typus",-10.4657,105.6145,19683,2023,11,22
"Rhincodon typus",-10.5167,105.6126,19679,2023,11,18
"Rhincodon typus",-10.4557,105.6433,19676,2023,11,15
"Rhincodon typus",-10.4354,105.62,19672,2023,11,11
"Rhincodon typus",-10.45898,105.63018,19674,2023,11,13
"Rhincodon typus",-10.4996,105.5726,19691,2023,11,30
"Rhincodon typus",-10.5473,105.6223,19681,2023,11,20
"Rhincodon typus",-10.5233,105.6154,19683,2023,11,22
"Rhincodon typus",-10.4582,105.6282,19685,2023,11,24
"Rhincodon typus",-10.5051,105.5742,19691,2023,11,30
"Rhincodon typus",-10.462,105.59558,19682,2023,11,21
"Rhincodon typus",-10.5348,105.6175,19681,2023,11,20
"Rhincodon typus",-10.51655,105.60997,19689,2023,11,28
"Rhincodon typus",-10.51334,105.61113,19690,2023,11,29
"Rhincodon typus",-10.50047,105.57257,19691,2023,11,30
"Rhincodon typus",-10.4656,105.6045,19674,2023,11,13
"Rhincodon typus",-10.4874,105.5485,19675,2023,11,14
"Rhincodon typus",-10.504,105.5769,19691,2023,11,30
"Rhincodon typus",-10.5123,105.6142,19683,2023,11,22
"Rhincodon typus",-10.4452,105.6185,19689,2023,11,28
"Rhincodon typus",-10.5169,105.6188,19689,2023,11,28
"Rhincodon typus",-10.519,105.5708,19690,2023,11,29
"Rhincodon typus",-10.5092,105.6039,19682,2023,11,21
"Rhincodon typus",-10.55615,105.66609,19689,2023,11,28
"Rhincodon typus",-10.47935,105.56027,19691,2023,11,30
"Rhincodon typus",-11.5088,104.1008,19685,2023,11,24
"Rhincodon typus",-10.52204,105.57554,19709,2023,12,18
"Rhincodon typus",-10.51038,105.57954,19720,2023,12,29
"Rhincodon typus",-12.83526,101.82012,19710,2023,12,19
"Rhincodon typus",-10.5026,105.5599,19704,2023,12,13
"Rhincodon typus",-10.5188,105.6047,19699,2023,12,8
"Rhincodon typus",-12.75987,101.39513,19706,2023,12,15
"Rhincodon typus",-10.5057,105.542,19692,2023,12,1
"Rhincodon typus",-10.51557,105.61376,19712,2023,12,21
"Rhincodon typus",-12.61558,102.32739,19702,2023,12,11
"Rhincodon typus",-12.5903,102.3306,19701,2023,12,10
"Rhincodon typus",-10.5178,105.6355,19697,2023,12,6
"Rhincodon typus",-10.5057,105.5611,19701,2023,12,10
"Rhincodon typus",-10.51766,105.62475,19706,2023,12,15
"Rhincodon typus",-10.4585,105.6017,19697,2023,12,6
"Rhincodon typus",-10.47417,105.52624,19704,2023,12,13
"Rhincodon typus",-10.50321,105.56409,19721,2023,12,30
"Rhincodon typus",-10.5108,105.5955,19699,2023,12,8
"Rhincodon typus",-12.0584,102.5505,19700,2023,12,9
"Rhincodon typus",-10.44816,105.6478,19703,2023,12,12
"Rhincodon typus",-12.96985,101.51882,19715,2023,12,24
"Rhincodon typus",-12.62655,101.75187,19707,2023,12,16
"Rhincodon typus",-10.54353,105.62874,19716,2023,12,25
"Rhincodon typus",-12.04743,102.62209,19699,2023,12,8
"Rhincodon typus",-10.4446,105.6041,19707,2023,12,16
"Rhincodon typus",-12.76848,101.8827,19705,2023,12,14
"Rhincodon typus",-10.51845,105.61222,19693,2023,12,2
"Rhincodon typus",-12.84732,101.78001,19711,2023,12,20
"Rhincodon typus",-10.52219,105.59601,19695,2023,12,4
"Rhincodon typus",-12.76153,102.25578,19702,2023,12,11
"Rhincodon typus",-10.5416,105.6258,19709,2023,12,18
"Rhincodon typus",-10.4523,105.5951,19697,2023,12,6
"Rhincodon typus",-10.52361,105.55313,19722,2023,12,31
"Rhincodon typus",-10.52407,105.6164,19718,2023,12,27
"Rhincodon typus",-11.8192,102.5582,19697,2023,12,6
"Rhincodon typus",-12.6,102.3253,19701,2023,12,10
"Rhincodon typus",-10.5067,105.5782,19692,2023,12,1
"Rhincodon typus",-12.95828,101.75637,19712,2023,12,21
"Rhincodon typus",-11.569,102.6797,19696,2023,12,5
"Rhincodon typus",-10.51016,105.5788,19720,2023,12,29
"Rhincodon typus",-10.52392,105.62619,19718,2023,12,27
"Rhincodon typus",-10.3954,105.6594,19706,2023,12,15
"Rhincodon typus",-10.5161,105.6378,19697,2023,12,6
"Rhincodon typus",-10.48133,105.59142,19706,2023,12,15
"Rhincodon typus",-12.2831,102.5033,19700,2023,12,9
"Rhincodon typus",-10.5095,105.54732,19722,2023,12,31
"Rhincodon typus",-10.52262,105.62525,19713,2023,12,22
"Rhincodon typus",-10.4908,105.6009,19699,2023,12,8
"Rhincodon typus",-10.505,105.64326,19712,2023,12,21
"Rhincodon typus",-12.67049,101.86286,19709,2023,12,18
"Rhincodon typus",-10.51002,105.61186,19699,2023,12,8
"Rhincodon typus",-10.51154,105.58063,19705,2023,12,14
"Rhincodon typus",-11.8317,102.5508,19697,2023,12,6
"Rhincodon typus",-10.51891,105.64175,19714,2023,12,23
"Rhincodon typus",-10.47853,105.63593,19703,2023,12,12
"Rhincodon typus",-12.85516,102.05462,19704,2023,12,13
"Rhincodon typus",-10.4687,105.5128,19707,2023,12,16
"Rhincodon typus",-10.5122,105.55402,19722,2023,12,31
"Rhincodon typus",-10.51378,105.62369,19718,2023,12,27
"Rhincodon typus",-10.47554,105.57528,19703,2023,12,12
"Rhincodon typus",-12.77982,101.93195,19704,2023,12,13
"Rhincodon typus",-11.8203,102.556,19697,2023,12,6
"Rhincodon typus",-10.4615,105.5935,19697,2023,12,6
"Rhincodon typus",-10.48625,105.55219,19715,2023,12,24
"Rhincodon typus",-10.52161,105.62501,19711,2023,12,20
"Rhincodon typus",-12.3009,102.5127,19700,2023,12,9
"Rhincodon typus",-12.6859,101.86064,19709,2023,12,18
"Rhincodon typus",-10.5159,105.6104,19696,2023,12,5
"Rhincodon typus",-11.532,102.7365,19696,2023,12,5
"Rhincodon typus",-10.56247,105.63984,19712,2023,12,21
"Rhincodon typus",-10.51647,105.5432,19722,2023,12,31
"Rhincodon typus",-10.5014,105.5727,19696,2023,12,5
"Rhincodon typus",-10.3923,105.6775,19706,2023,12,15
"Rhincodon typus",-10.51146,105.57889,19709,2023,12,18
"Rhincodon typus",-10.52,105.611,19693,2023,12,2
"Rhincodon typus",-10.5101,105.5921,19695,2023,12,4
"Rhincodon typus",-12.7845,102.2349,19702,2023,12,11
"Rhincodon typus",-10.4612,105.6049,19697,2023,12,6
"Rhincodon typus",-12.83871,101.81705,19710,2023,12,19
"Rhincodon typus",-12.85109,101.77946,19711,2023,12,20
"Rhincodon typus",-10.4623,105.5955,19697,2023,12,6
"Rhincodon typus",-10.5107,105.60491,19720,2023,12,29
"Rhincodon typus",-10.4264,105.6465,19706,2023,12,15
"Rhincodon typus",-10.4618,105.5812,19698,2023,12,7
"Rhincodon typus",-10.5224,105.6047,19696,2023,12,5
"Rhincodon typus",-10.5047,105.57197,19696,2023,12,5
"Rhincodon typus",-10.52784,105.61362,19694,2023,12,3
"Rhincodon typus",-10.4514,105.6475,19703,2023,12,12
"Rhincodon typus",-12.5935,102.3249,19701,2023,12,10
"Rhincodon typus",-10.5127,105.6183,19693,2023,12,2
"Rhincodon typus",-10.51119,105.60929,19718,2023,12,27
"Rhincodon typus",-10.50948,105.6036,19712,2023,12,21
"Rhincodon typus",-10.51767,105.62349,19713,2023,12,22
"Rhincodon typus",-10.52046,105.62152,19698,2023,12,7
"Rhincodon typus",-10.50136,105.60802,19694,2023,12,3
"Rhincodon typus",-10.54638,105.62768,19712,2023,12,21
"Rhincodon typus",-10.47743,105.67436,19711,2023,12,20
"Rhincodon typus",-10.422,105.6586,19706,2023,12,15
"Rhincodon typus",-10.5122,105.6148,19698,2023,12,7
"Rhincodon typus",-12.2992,102.5105,19700,2023,12,9
"Rhincodon typus",-12.3228,102.5041,19700,2023,12,9
"Rhincodon typus",-10.51469,105.61744,19721,2023,12,30
"Rhincodon typus",-12.68381,101.85749,19709,2023,12,18
"Rhincodon typus",-12.7439,102.1396,19703,2023,12,12
"Rhincodon typus",-12.61848,101.74956,19707,2023,12,16
"Rhincodon typus",-10.51046,105.60813,19715,2023,12,24
"Rhincodon typus",-10.51517,105.59741,19699,2023,12,8
"Rhincodon typus",-12.0852,102.5912,19699,2023,12,8
"Rhincodon typus",-12.5987,102.3223,19701,2023,12,10
"Rhincodon typus",-10.54986,105.61462,19710,2023,12,19
"Rhincodon typus",-10.51377,105.58641,19720,2023,12,29
"Rhincodon typus",-10.4859,105.5981,19699,2023,12,8
"Rhincodon typus",-11.55491,102.65237,19695,2023,12,4
"Rhincodon typus",-10.53907,105.63228,19716,2023,12,25
"Rhincodon typus",-11.8098,102.5698,19697,2023,12,6
"Rhincodon typus",-12.76547,101.87921,19705,2023,12,14
"Rhincodon typus",-10.54649,105.62456,19713,2023,12,22
"Rhincodon typus",-10.4467,105.6557,19703,2023,12,12
"Rhincodon typus",-10.531,105.60549,19694,2023,12,3
"Rhincodon typus",-10.4448,105.6664,19706,2023,12,15
"Rhincodon typus",-12.63349,101.73505,19707,2023,12,16
"Rhincodon typus",-12.3172,102.514,19700,2023,12,9
"Rhincodon typus",-12.7302,102.1541,19703,2023,12,12
"Rhincodon typus",-10.53189,105.56453,19720,2023,12,29
"Rhincodon typus",-10.51384,105.63483,19718,2023,12,27
"Rhincodon typus",-10.4909,105.5911,19696,2023,12,5
"Rhincodon typus",-10.51481,105.59184,19700,2023,12,9
"Rhincodon typus",-10.4629,105.5953,19698,2023,12,7
"Rhincodon typus",-12.78158,101.92631,19704,2023,12,13
"Rhincodon typus",-10.4841,105.58461,19709,2023,12,18
"Rhincodon typus",-10.5114,105.607,19699,2023,12,8
"Rhincodon typus",-12.83418,101.81508,19710,2023,12,19
"Rhincodon typus",-12.05487,102.62718,19699,2023,12,8
"Rhincodon typus",-12.61821,101.74877,19707,2023,12,16
"Rhincodon typus",-11.5682,102.6763,19696,2023,12,5
"Rhincodon typus",-10.49417,105.56712,19720,2023,12,29
"Rhincodon typus",-10.49676,105.54449,19701,2023,12,10
"Rhincodon typus",-12.7745,102.2617,19702,2023,12,11
"Rhincodon typus",-10.52621,105.63455,19719,2023,12,28
"Rhincodon typus",-10.52119,105.62788,19719,2023,12,28
"Rhincodon typus",-12.61731,101.75309,19707,2023,12,16
"Rhincodon typus",-10.4659,105.5994,19698,2023,12,7
"Rhincodon typus",-10.50299,105.56711,19693,2023,12,2
"Rhincodon typus",-13.44343,101.75012,19716,2023,12,25
"Rhincodon typus",-10.5036,105.5847,19700,2023,12,9
"Rhincodon typus",-10.41336,105.59844,19706,2023,12,15
"Rhincodon typus",9.45301,123.22953,19059,2022,3,8
"Rhincodon typus",-19.2044,114.17348,19108,2022,4,26
"Rhincodon typus",9.59922,123.52606,19088,2022,4,6
"Rhincodon typus",-25.3,114.6,19108,2022,4,26
"Rhincodon typus",8.55599,97.77224,19099,2022,4,17
"Rhincodon typus",10.13207,99.80201,19163,2022,6,20
"Rhincodon typus",-22.25841,113.61902,19197,2022,7,24
"Rhincodon typus",-23.18213,113.6176,19200,2022,7,27
"Rhincodon typus",-22.3,113.5,19195,2022,7,22
"Rhincodon typus",-21.96021,113.85577,19218,2022,8,14
"Rhincodon typus",9.51966,124.03988,19215,2022,8,11
"Rhincodon typus",-5.67501,120.54589,19235,2022,8,31
"Rhincodon typus",9.97218,123.25295,19243,2022,9,8
"Rhincodon typus",-21.9,114.1,19259,2022,9,24
"Rhincodon typus",2.13953,118.31193,19254,2022,9,19
"Rhincodon typus",-18.53601,147.08128,19239,2022,9,4
"Rhincodon typus",-18.89514,147.74026,19267,2022,10,2
"Rhincodon typus",-18.20407,147.31262,19295,2022,10,30
"Rhincodon typus",5.73284,100.35876,19294,2022,10,29
"Rhincodon typus",-18.54961,147.17465,19271,2022,10,6
"Rhincodon typus",9.49906,123.55446,19275,2022,10,10
"Rhincodon typus",9.50613,124.03187,19303,2022,11,7
"Rhincodon typus",-8.35394,118.20724,19306,2022,11,10
"Rhincodon typus",9.54615,123.27612,19331,2022,12,5
"Rhincodon typus",-10.56376,105.76689,19350,2022,12,24
"Rhincodon typus",-23.91034,152.38399,18634,2021,1,7
"Rhincodon typus",-26.38564,153.09017,18654,2021,1,27
"Rhincodon typus",-25.96844,153.17096,18671,2021,2,13
"Rhincodon typus",-30.2,153.3,18687,2021,3,1
"Rhincodon typus",-37.0095,149.93237,18723,2021,4,6
"Rhincodon typus",-36.80911,149.84476,18723,2021,4,6
"Rhincodon typus",-37.0097,149.93219,18723,2021,4,NA
"Rhincodon typus",-8.47122,117.93476,18734,2021,4,17
"Rhincodon typus",-36.99694,149.92612,18723,2021,4,6
"Rhincodon typus",-22,113.9,18759,2021,5,12
"Rhincodon typus",-21.96616,113.92805,18769,2021,5,22
"Rhincodon typus",-22.49556,113.62838,18803,2021,6,25
"Rhincodon typus",-22.17175,113.85287,18884,2021,9,14
"Rhincodon typus",6.30155,99.30958,18924,2021,10,24
"Rhincodon typus",-30.09251,153.20062,18977,2021,12,16
"Rhincodon typus",-30.09477,153.20106,18977,2021,12,NA
"Rhincodon typus",-32.40932,152.51503,18653,2021,1,NA
"Rhincodon typus",0.57257,123.00576,18279,2020,1,18
"Rhincodon typus",0.41085,123.13919,18279,2020,1,18
"Rhincodon typus",0.40414,123.08506,18279,2020,1,18
"Rhincodon typus",7.05203,98.87452,18300,2020,2,8
"Rhincodon typus",-30,153.5,18321,2020,2,29
"Rhincodon typus",-27.5,153.5,18316,2020,2,24
"Rhincodon typus",9.3405,97.95,18331,2020,3,10
"Rhincodon typus",6.35215,99.35846,18331,2020,3,10
"Rhincodon typus",13.56901,144.70896,18322,2020,3,1
"Rhincodon typus",7.62827,98.33117,18326,2020,3,5
"Rhincodon typus",8.99342,97.97235,18328,2020,3,7
"Rhincodon typus",9.4606,123.39166,18430,2020,6,17
"Rhincodon typus",5.88272,103.07689,18453,2020,7,10
"Rhincodon typus",-21.61554,113.67086,18465,2020,7,22
"Rhincodon typus",5.67428,103.11868,18497,2020,8,23
"Rhincodon typus",6.53433,99.20365,18548,2020,10,13
"Rhincodon typus",5.77772,103.10516,18554,2020,10,19
"Rhincodon typus",-8.16791,118.78557,18577,2020,11,11
"Rhincodon typus",9.47961,123.59799,17910,2019,1,14
"Rhincodon typus",-26.4,113.3,17909,2019,1,13
"Rhincodon typus",-29.94095,113.79606,17922,2019,1,26
"Rhincodon typus",-29.25872,113.17943,17904,2019,1,8
"Rhincodon typus",-30.12078,113.45626,17924,2019,1,28
"Rhincodon typus",-26.3,113.2,17911,2019,1,15
"Rhincodon typus",-32.44768,112.43924,17922,2019,1,26
"Rhincodon typus",-25.6,112.9,17918,2019,1,22
"Rhincodon typus",-31.04431,113.51849,17927,2019,1,31
"Rhincodon typus",-31.11266,113.55963,17919,2019,1,23
"Rhincodon typus",-25.9,113,17926,2019,1,30
"Rhincodon typus",-25.6,112.9,17912,2019,1,16
"Rhincodon typus",-25.9,113,17917,2019,1,21
"Rhincodon typus",-25.6,112.9,17916,2019,1,20
"Rhincodon typus",-25.6,112.9,17917,2019,1,21
"Rhincodon typus",-29.69545,113.50445,17923,2019,1,27
"Rhincodon typus",-26.5,113.5,17911,2019,1,15
"Rhincodon typus",-30.13612,113.42694,17924,2019,1,28
"Rhincodon typus",-25.6,112.9,17922,2019,1,26
"Rhincodon typus",-25.6,112.9,17913,2019,1,17
"Rhincodon typus",-25.54261,112.87183,17919,2019,1,23
"Rhincodon typus",-25.6,112.9,17926,2019,1,30
"Rhincodon typus",-25.6,112.9,17919,2019,1,23
"Rhincodon typus",-30.85693,113.63954,17909,2019,1,13
"Rhincodon typus",-29.69266,113.50644,17923,2019,1,27
"Rhincodon typus",-25.6,112.9,17920,2019,1,24
"Rhincodon typus",-31.13382,113.5619,17919,2019,1,23
"Rhincodon typus",-25.6,112.9,17927,2019,1,31
"Rhincodon typus",-25.6,112.9,17914,2019,1,18
"Rhincodon typus",-30.42032,113.68016,17915,2019,1,19
"Rhincodon typus",-25.6,112.9,17915,2019,1,19
"Rhincodon typus",-30.12916,113.40483,17924,2019,1,28
"Rhincodon typus",-25.9,113.1,17925,2019,1,29
"Rhincodon typus",-25.8,113,17909,2019,1,13
"Rhincodon typus",-25.7578,112.84113,17910,2019,1,14
"Rhincodon typus",-25.8,113,17910,2019,1,14
"Rhincodon typus",-29.14917,113.24734,17905,2019,1,9
"Rhincodon typus",-25.7,112.9,17918,2019,1,22
"Rhincodon typus",-25.8,113,17927,2019,1,31
"Rhincodon typus",-26.1,113.1,17907,2019,1,11
"Rhincodon typus",-25.42419,112.88014,17921,2019,1,25
"Rhincodon typus",-25.8,112.9,17925,2019,1,29
"Rhincodon typus",-25.8,113,17917,2019,1,21
"Rhincodon typus",-25.9,113,17909,2019,1,13
"Rhincodon typus",-25.6,113,17920,2019,1,24
"Rhincodon typus",-31.1497,113.70262,17920,2019,1,24
"Rhincodon typus",-30.13232,113.74889,17911,2019,1,15
"Rhincodon typus",-25.62793,112.79552,17920,2019,1,24
"Rhincodon typus",-26.1,113.1,17908,2019,1,12
"Rhincodon typus",-30.66491,113.87124,17921,2019,1,25
"Rhincodon typus",-29.28802,113.22158,17907,2019,1,11
"Rhincodon typus",-29.12909,113.28682,17905,2019,1,9
"Rhincodon typus",-31.5058,113.6649,17901,2019,1,5
"Rhincodon typus",-31.04603,113.46816,17927,2019,1,31
"Rhincodon typus",-25.6,113,17925,2019,1,29
"Rhincodon typus",-29.24693,113.18669,17904,2019,1,8
"Rhincodon typus",-30.93826,113.1993,17899,2019,1,3
"Rhincodon typus",-29.91085,113.79674,17922,2019,1,26
"Rhincodon typus",-30.71016,113.50796,17926,2019,1,30
"Rhincodon typus",-29.30263,113.23044,17907,2019,1,11
"Rhincodon typus",-29.13009,113.32661,17905,2019,1,9
"Rhincodon typus",-32.13374,114.02364,17919,2019,1,23
"Rhincodon typus",-30.64451,113.90311,17921,2019,1,25
"Rhincodon typus",-30.5155,113.41707,17925,2019,1,29
"Rhincodon typus",-25.6,113,17927,2019,1,31
"Rhincodon typus",-26.6,113.6,17898,2019,1,2
"Rhincodon typus",-25.75116,112.85408,17910,2019,1,14
"Rhincodon typus",-25.59434,112.73293,17920,2019,1,24
"Rhincodon typus",-30.71276,113.48106,17926,2019,1,30
"Rhincodon typus",-4.53691,134.4517,17946,2019,2,19
"Rhincodon typus",9.40581,123.47787,17933,2019,2,6
"Rhincodon typus",-25.6,112.9,17943,2019,2,16
"Rhincodon typus",-26.8,113.6,17953,2019,2,26
"Rhincodon typus",-25.96351,112.93513,17955,2019,2,28
"Rhincodon typus",-31.40168,113.39343,17930,2019,2,3
"Rhincodon typus",-25.6,112.9,17930,2019,2,3
"Rhincodon typus",-26,113.1,17937,2019,2,10
"Rhincodon typus",-26.34433,113.23227,17941,2019,2,14
"Rhincodon typus",-25.6,112.9,17946,2019,2,19
"Rhincodon typus",-26,113.1,17954,2019,2,27
"Rhincodon typus",-31.35032,113.36854,17929,2019,2,2
"Rhincodon typus",-25.5,112.9,17932,2019,2,5
"Rhincodon typus",-25.9,113.1,17954,2019,2,27
"Rhincodon typus",-25.6,112.9,17944,2019,2,17
"Rhincodon typus",-31.13291,113.53488,17930,2019,2,3
"Rhincodon typus",-25.9,113.1,17953,2019,2,26
"Rhincodon typus",-25.9,113,17936,2019,2,9
"Rhincodon typus",-25.9,113.1,17936,2019,2,9
"Rhincodon typus",-31.1306,113.54404,17930,2019,2,3
"Rhincodon typus",-26.6,113.6,17950,2019,2,23
"Rhincodon typus",-26.8,113.7,17952,2019,2,25
"Rhincodon typus",-25.7,113,17948,2019,2,21
"Rhincodon typus",-30.57477,113.27236,17935,2019,2,8
"Rhincodon typus",-30.59904,113.27191,17935,2019,2,8
"Rhincodon typus",-25.8,112.9,17941,2019,2,14
"Rhincodon typus",-25.6,112.9,17928,2019,2,1
"Rhincodon typus",-29.9262,113.2348,17951,2019,2,24
"Rhincodon typus",-26.6,113.5,17953,2019,2,26
"Rhincodon typus",-31.5175,113.25039,17931,2019,2,4
"Rhincodon typus",-25.5,112.9,17931,2019,2,4
"Rhincodon typus",-25.5,112.9,17930,2019,2,3
"Rhincodon typus",-26.1,113.2,17940,2019,2,13
"Rhincodon typus",-25.6,113,17931,2019,2,4
"Rhincodon typus",-25.6,112.9,17947,2019,2,20
"Rhincodon typus",-31.13473,113.5883,17931,2019,2,4
"Rhincodon typus",-25.8,113,17938,2019,2,11
"Rhincodon typus",-31.513,113.22706,17931,2019,2,4
"Rhincodon typus",-25.5,113,17931,2019,2,4
"Rhincodon typus",-25.44109,112.92083,17931,2019,2,4
"Rhincodon typus",-26.6,113.6,17948,2019,2,21
"Rhincodon typus",-31.40506,113.38853,17930,2019,2,3
"Rhincodon typus",-25.9,113,17938,2019,2,11
"Rhincodon typus",-30.7235,113.29616,17933,2019,2,6
"Rhincodon typus",-25.5,112.9,17942,2019,2,15
"Rhincodon typus",-25.46976,112.90454,17930,2019,2,3
"Rhincodon typus",-29.92622,113.23481,17951,2019,2,24
"Rhincodon typus",-31.13629,113.59062,17931,2019,2,4
"Rhincodon typus",-25.7,112.9,17947,2019,2,20
"Rhincodon typus",-26.5,113.4,17947,2019,2,20
"Rhincodon typus",-30.60884,113.82715,17954,2019,2,27
"Rhincodon typus",-33.06327,111.69096,17939,2019,2,12
"Rhincodon typus",-30.57284,113.26193,17935,2019,2,8
"Rhincodon typus",-25.6,112.9,17929,2019,2,2
"Rhincodon typus",-25.5,113,17932,2019,2,5
"Rhincodon typus",-25.9,113,17940,2019,2,13
"Rhincodon typus",-26.26189,113.10826,17941,2019,2,14
"Rhincodon typus",-25.48392,112.88024,17930,2019,2,3
"Rhincodon typus",-31.11036,113.54866,17930,2019,2,3
"Rhincodon typus",-30.37062,113.44448,17934,2019,2,7
"Rhincodon typus",-30.34207,113.44774,17934,2019,2,7
"Rhincodon typus",-30.3405,113.45522,17934,2019,2,7
"Rhincodon typus",-25.55468,112.86676,17947,2019,2,20
"Rhincodon typus",-25.5,112.9,17945,2019,2,18
"Rhincodon typus",-30.57,113.28336,17935,2019,2,8
"Rhincodon typus",-31.0712,113.53025,17928,2019,2,1
"Rhincodon typus",-26,113.1,17955,2019,2,28
"Rhincodon typus",-33.04766,111.69575,17939,2019,2,12
"Rhincodon typus",-31.4079,113.37002,17930,2019,2,3
"Rhincodon typus",-25.9,113,17934,2019,2,7
"Rhincodon typus",-30.82681,113.42872,17933,2019,2,6
"Rhincodon typus",-30.36506,113.44582,17934,2019,2,7
"Rhincodon typus",-25.98137,112.94446,17955,2019,2,28
"Rhincodon typus",-26.1,113.1,17938,2019,2,11
"Rhincodon typus",-31.38645,113.3319,17929,2019,2,2
"Rhincodon typus",-30.33768,113.4551,17934,2019,2,7
"Rhincodon typus",-30.63411,113.39492,17934,2019,2,7
"Rhincodon typus",9.44956,123.38559,17975,2019,3,20
"Rhincodon typus",9.46085,123.38,17977,2019,3,22
"Rhincodon typus",12.90746,123.54929,17957,2019,3,2
"Rhincodon typus",9.55642,123.30759,17977,2019,3,22
"Rhincodon typus",9.41272,98.12765,17969,2019,3,14
"Rhincodon typus",8.4582,97.68235,17969,2019,3,14
"Rhincodon typus",-25.6,113,17986,2019,3,31
"Rhincodon typus",-25.6,112.9,17976,2019,3,21
"Rhincodon typus",-23.05769,113.50501,17972,2019,3,17
"Rhincodon typus",-22.2,113.8,17973,2019,3,18
"Rhincodon typus",-22.1,113.9,17979,2019,3,24
"Rhincodon typus",-22,113.9,17976,2019,3,21
"Rhincodon typus",-26.5,113.4,17956,2019,3,1
"Rhincodon typus",-22.2,113.8,17980,2019,3,25
"Rhincodon typus",-25.8,113,17984,2019,3,29
"Rhincodon typus",-25.6,112.9,17985,2019,3,30
"Rhincodon typus",-25.70585,112.85707,17984,2019,3,29
"Rhincodon typus",-22.1,113.8,17977,2019,3,22
"Rhincodon typus",-25.5,113,17982,2019,3,27
"Rhincodon typus",-25.7,112.9,17983,2019,3,28
"Rhincodon typus",-24.8,113.1,17983,2019,3,28
"Rhincodon typus",-25.7,113,17963,2019,3,8
"Rhincodon typus",-25.75473,112.8085,17983,2019,3,28
"Rhincodon typus",-22.10348,113.75681,17980,2019,3,25
"Rhincodon typus",-25.5,113,17968,2019,3,13
"Rhincodon typus",-22.12673,113.7516,17980,2019,3,25
"Rhincodon typus",-25.7,113,17984,2019,3,29
"Rhincodon typus",-25.6,112.9,17982,2019,3,27
"Rhincodon typus",-26.7,113.5,17956,2019,3,1
"Rhincodon typus",-23.5487,113.59692,17970,2019,3,15
"Rhincodon typus",-25.5,112.9,17967,2019,3,12
"Rhincodon typus",-22.2,113.9,17973,2019,3,18
"Rhincodon typus",-26.5,113.4,17957,2019,3,2
"Rhincodon typus",-25.68761,112.89047,17977,2019,3,22
"Rhincodon typus",-25.6,113,17982,2019,3,27
"Rhincodon typus",-22.84003,113.29878,17984,2019,3,29
"Rhincodon typus",-25.6,112.9,17975,2019,3,20
"Rhincodon typus",-22.83833,113.29919,17984,2019,3,29
"Rhincodon typus",-25.9,113.1,17956,2019,3,1
"Rhincodon typus",-25.71316,112.8384,17984,2019,3,29
"Rhincodon typus",-21.3,114.9,17961,2019,3,6
"Rhincodon typus",-25.6,112.9,17974,2019,3,19
"Rhincodon typus",-23.46917,113.43563,17985,2019,3,30
"Rhincodon typus",-23.6,113.6,17970,2019,3,15
"Rhincodon typus",-22.3,113.8,17978,2019,3,23
"Rhincodon typus",-22,113.9,17974,2019,3,19
"Rhincodon typus",-25.6,112.9,17986,2019,3,31
"Rhincodon typus",-22.84001,113.29878,17984,2019,3,29
"Rhincodon typus",-25.6,112.9,17965,2019,3,10
"Rhincodon typus",-25.8,112.9,17978,2019,3,23
"Rhincodon typus",-22.40413,113.5385,17983,2019,3,28
"Rhincodon typus",-25.6,112.9,17964,2019,3,9
"Rhincodon typus",-25.6,112.9,17977,2019,3,22
"Rhincodon typus",-22.3,113.8,17982,2019,3,27
"Rhincodon typus",-25.6,113,17985,2019,3,30
"Rhincodon typus",-22.5,113.7,17972,2019,3,17
"Rhincodon typus",8.85884,119.99649,17989,2019,4,3
"Rhincodon typus",9.0126,123.25045,17989,2019,4,3
"Rhincodon typus",-22,113.9,18001,2019,4,15
"Rhincodon typus",-8.27824,116.13712,18014,2019,4,28
"Rhincodon typus",9.5268,123.59446,17994,2019,4,8
"Rhincodon typus",11.40908,124.0584,17993,2019,4,7
"Rhincodon typus",9.4851,123.56919,17995,2019,4,9
"Rhincodon typus",-22.7,113.6,18016,2019,4,30
"Rhincodon typus",-22.2,113.8,18009,2019,4,23
"Rhincodon typus",-23.32861,113.51387,17991,2019,4,5
"Rhincodon typus",-22.72315,113.58877,17992,2019,4,6
"Rhincodon typus",-22.9,113.6,18013,2019,4,27
"Rhincodon typus",-22.9606,113.70747,17997,2019,4,11
"Rhincodon typus",-22.70772,113.58695,17992,2019,4,6
"Rhincodon typus",-22.7,113.6,18001,2019,4,15
"Rhincodon typus",-22.88554,113.68733,18000,2019,4,14
"Rhincodon typus",-22.2,113.9,18009,2019,4,23
"Rhincodon typus",-22.7,113.6,18000,2019,4,14
"Rhincodon typus",-22.9,113.6,17991,2019,4,5
"Rhincodon typus",-25.1,113.1,17989,2019,4,3
"Rhincodon typus",-22.52499,113.267,17989,2019,4,3
"Rhincodon typus",-25.73034,112.79211,17987,2019,4,1
"Rhincodon typus",-22.8,113.6,18002,2019,4,16
"Rhincodon typus",-24.07169,113.36826,17988,2019,4,2
"Rhincodon typus",-22.9,113.7,18008,2019,4,22
"Rhincodon typus",-22.5,113.7,18010,2019,4,24
"Rhincodon typus",-22.9,113.7,18009,2019,4,23
"Rhincodon typus",-22.81801,113.57412,17993,2019,4,7
"Rhincodon typus",-23.86949,113.20716,17991,2019,4,5
"Rhincodon typus",-22.9,113.8,17996,2019,4,10
"Rhincodon typus",-22.9,113.7,17993,2019,4,7
"Rhincodon typus",-25.2,113,17989,2019,4,3
"Rhincodon typus",-24,113.3,17988,2019,4,2
"Rhincodon typus",-22.87218,113.63744,17991,2019,4,5
"Rhincodon typus",-22.9,113.7,17997,2019,4,11
"Rhincodon typus",-22.8,113.6,17998,2019,4,12
"Rhincodon typus",-23.48051,113.28857,17991,2019,4,5
"Rhincodon typus",-22.9,113.7,17996,2019,4,10
"Rhincodon typus",-22.7,113.6,17988,2019,4,2
"Rhincodon typus",-23,113.8,18004,2019,4,18
"Rhincodon typus",-22.7,113.6,18003,2019,4,17
"Rhincodon typus",-22.6,113.6,17987,2019,4,1
"Rhincodon typus",-24.23469,113.13618,17990,2019,4,4
"Rhincodon typus",-22.88742,113.67588,18010,2019,4,24
"Rhincodon typus",-23.4034,113.31678,17991,2019,4,5
"Rhincodon typus",-24.29947,113.08946,17990,2019,4,4
"Rhincodon typus",-22.68629,113.52364,18000,2019,4,14
"Rhincodon typus",-22.90146,113.65825,18000,2019,4,14
"Rhincodon typus",-22.7,113.6,17998,2019,4,12
"Rhincodon typus",-22.9,113.7,18003,2019,4,17
"Rhincodon typus",-22.9,113.8,18013,2019,4,27
"Rhincodon typus",-22.8,113.6,17991,2019,4,5
"Rhincodon typus",-23.39679,113.46358,17991,2019,4,5
"Rhincodon typus",-22.9,113.8,18009,2019,4,23
"Rhincodon typus",-22.7,113.6,17987,2019,4,1
"Rhincodon typus",-22.4,113.7,18012,2019,4,26
"Rhincodon typus",-22.9,113.7,17990,2019,4,4
"Rhincodon typus",-22.79303,113.54498,17992,2019,4,6
"Rhincodon typus",-22.9,113.6,18002,2019,4,16
"Rhincodon typus",-22.9,113.7,18013,2019,4,27
"Rhincodon typus",-22.89441,113.69615,18000,2019,4,14
"Rhincodon typus",-25,113,17989,2019,4,3
"Rhincodon typus",-22.83228,113.64323,17991,2019,4,5
"Rhincodon typus",-22.7,113.6,17990,2019,4,4
"Rhincodon typus",-23.30788,113.51727,17991,2019,4,5
"Rhincodon typus",-22.70871,113.58676,17987,2019,4,1
"Rhincodon typus",-23.26117,113.57756,17989,2019,4,3
"Rhincodon typus",-22.87289,113.69117,18008,2019,4,22
"Rhincodon typus",-22.8684,113.66991,18004,2019,4,18
"Rhincodon typus",-25.1767,113.00816,17989,2019,4,3
"Rhincodon typus",-25.8,112.9,17987,2019,4,1
"Rhincodon typus",-25.63594,112.78855,17987,2019,4,1
"Rhincodon typus",-23.92663,113.19887,17991,2019,4,5
"Rhincodon typus",-22,113.9,18007,2019,4,21
"Rhincodon typus",-23.07213,113.62905,17997,2019,4,11
"Rhincodon typus",-22.9,113.6,17993,2019,4,7
"Rhincodon typus",-23.57375,113.25544,17991,2019,4,5
"Rhincodon typus",-23.42985,113.38219,17991,2019,4,5
"Rhincodon typus",-24.80629,113.01512,17990,2019,4,4
"Rhincodon typus",-22.7,113.6,17989,2019,4,3
"Rhincodon typus",-22.8,113.7,17997,2019,4,11
"Rhincodon typus",-22.9,113.8,17990,2019,4,4
"Rhincodon typus",-22.8,113.6,18000,2019,4,14
"Rhincodon typus",-23.69161,113.31184,17989,2019,4,3
"Rhincodon typus",-24.23595,113.09382,17990,2019,4,4
"Rhincodon typus",-22.83264,113.65989,17991,2019,4,5
"Rhincodon typus",-22.96279,113.66097,18001,2019,4,15
"Rhincodon typus",-22.69875,113.58089,17987,2019,4,1
"Rhincodon typus",-24.23384,113.13665,17990,2019,4,4
"Rhincodon typus",-22.9,113.8,17997,2019,4,11
"Rhincodon typus",-22.8,113.7,18016,2019,4,30
"Rhincodon typus",-22.8,113.7,18015,2019,4,29
"Rhincodon typus",-22.9,113.7,18004,2019,4,18
"Rhincodon typus",-23.3361,113.52102,17991,2019,4,5
"Rhincodon typus",-25.16221,113.02963,17989,2019,4,3
"Rhincodon typus",-22.93669,113.71512,17996,2019,4,10
"Rhincodon typus",-22.71617,113.58214,17992,2019,4,6
"Rhincodon typus",-22.71862,113.58362,17992,2019,4,6
"Rhincodon typus",-22.4,113.7,18013,2019,4,27
"Rhincodon typus",-22.90155,113.65772,18000,2019,4,14
"Rhincodon typus",-22.6,113.7,17987,2019,4,1
"Rhincodon typus",-22.97684,113.71386,17995,2019,4,9
"Rhincodon typus",-23.62791,113.36355,17989,2019,4,3
"Rhincodon typus",-23.36436,113.45844,17991,2019,4,5
"Rhincodon typus",-22.8,113.7,18000,2019,4,14
"Rhincodon typus",-22.67964,113.56725,17988,2019,4,2
"Rhincodon typus",-22.71067,113.55569,18002,2019,4,16
"Rhincodon typus",-22.86978,113.68884,18009,2019,4,23
"Rhincodon typus",-22.69456,113.58012,17988,2019,4,2
"Rhincodon typus",-25.91637,112.8541,17987,2019,4,1
"Rhincodon typus",-22.71126,113.58225,18001,2019,4,15
"Rhincodon typus",-22.8,113.6,17992,2019,4,6
"Rhincodon typus",-22.82887,113.65884,17993,2019,4,7
"Rhincodon typus",-22.93783,113.71028,18004,2019,4,18
"Rhincodon typus",-23.33481,113.4087,17991,2019,4,5
"Rhincodon typus",-22.88863,113.64286,18002,2019,4,16
"Rhincodon typus",-23.68081,113.3197,17989,2019,4,3
"Rhincodon typus",-24.28262,113.08941,17990,2019,4,4
"Rhincodon typus",-22,113.8,18007,2019,4,21
"Rhincodon typus",-23.70882,113.30941,17989,2019,4,3
"Rhincodon typus",-24.21669,113.13525,17990,2019,4,4
"Rhincodon typus",-22.9,113.7,18016,2019,4,30
"Rhincodon typus",-22.67167,113.56233,17988,2019,4,2
"Rhincodon typus",-24.21032,113.13766,17990,2019,4,4
"Rhincodon typus",-22.3,113.7,18010,2019,4,24
"Rhincodon typus",-24.271,112.68183,17988,2019,4,2
"Rhincodon typus",-22.95987,113.58162,17995,2019,4,9
"Rhincodon typus",-24.07771,113.36365,17988,2019,4,2
"Rhincodon typus",-22.9,113.7,17991,2019,4,5
"Rhincodon typus",-22.9,113.8,17994,2019,4,8
"Rhincodon typus",-23.02095,113.69741,17998,2019,4,12
"Rhincodon typus",-26.03873,112.97244,17988,2019,4,2
"Rhincodon typus",-22.97267,113.70459,17997,2019,4,11
"Rhincodon typus",-22.9,113.7,17995,2019,4,9
"Rhincodon typus",-23.42127,113.30997,17991,2019,4,5
"Rhincodon typus",-22.9,113.7,17994,2019,4,8
"Rhincodon typus",-22.9,113.6,17999,2019,4,13
"Rhincodon typus",-25.9,113.1,17989,2019,4,3
"Rhincodon typus",-23.20278,113.61081,17989,2019,4,3
"Rhincodon typus",-19.5,104.5,18012,2019,4,26
"Rhincodon typus",9.55011,123.30727,18018,2019,5,2
"Rhincodon typus",-22.78678,113.73408,18022,2019,5,6
"Rhincodon typus",-22.8,113.6,18045,2019,5,29
"Rhincodon typus",-22.7621,113.55275,18044,2019,5,28
"Rhincodon typus",-22.6,113.7,18021,2019,5,5
"Rhincodon typus",-22.72943,113.58202,18021,2019,5,5
"Rhincodon typus",-22.9,113.7,18022,2019,5,6
"Rhincodon typus",-22.8,113.6,18021,2019,5,5
"Rhincodon typus",-22.88583,113.6648,18024,2019,5,8
"Rhincodon typus",-22.8,113.6,18028,2019,5,12
"Rhincodon typus",-22.8,113.7,18017,2019,5,1
"Rhincodon typus",-22.72595,113.54088,18017,2019,5,1
"Rhincodon typus",-22.45248,113.33074,18019,2019,5,3
"Rhincodon typus",-22.85828,113.67785,18020,2019,5,4
"Rhincodon typus",-22.8192,113.62919,18017,2019,5,1
"Rhincodon typus",-22.9,113.7,18018,2019,5,2
"Rhincodon typus",-22.8,113.6,18017,2019,5,1
"Rhincodon typus",-22.9,113.7,18027,2019,5,11
"Rhincodon typus",-22.9,113.7,18019,2019,5,3
"Rhincodon typus",-22.7,113.6,18018,2019,5,2
"Rhincodon typus",-22.8,113.7,18020,2019,5,4
"Rhincodon typus",-22.7,113.6,18021,2019,5,5
"Rhincodon typus",-22.8,113.6,18023,2019,5,7
"Rhincodon typus",-22.9,113.7,18026,2019,5,10
"Rhincodon typus",-22.9,113.6,18039,2019,5,23
"Rhincodon typus",-22.8,113.6,18032,2019,5,16
"Rhincodon typus",-22.74486,113.57539,18024,2019,5,8
"Rhincodon typus",-22.7,113.6,18020,2019,5,4
"Rhincodon typus",-22.9,113.7,18024,2019,5,8
"Rhincodon typus",-21.5,109.5,18018,2019,5,2
"Rhincodon typus",-22.77283,113.63515,18061,2019,6,14
"Rhincodon typus",-22.81957,113.69428,18061,2019,6,14
"Rhincodon typus",-21.95112,113.82363,18053,2019,6,6
"Rhincodon typus",5.8636,102.62224,18068,2019,6,21
"Rhincodon typus",-21.97474,113.45886,18077,2019,6,30
"Rhincodon typus",-22.1,113.8,18051,2019,6,4
"Rhincodon typus",-22,113.9,18056,2019,6,9
"Rhincodon typus",-22.69637,113.49525,18060,2019,6,13
"Rhincodon typus",-22,113.9,18052,2019,6,5
"Rhincodon typus",-22.14115,113.77145,18053,2019,6,6
"Rhincodon typus",-22.8,113.6,18061,2019,6,14
"Rhincodon typus",-22.62991,113.45752,18061,2019,6,14
"Rhincodon typus",-22.3,113.8,18053,2019,6,6
"Rhincodon typus",-22.8,113.7,18062,2019,6,15
"Rhincodon typus",-22.75085,113.58426,18062,2019,6,15
"Rhincodon typus",-22.23944,113.71392,18053,2019,6,6
"Rhincodon typus",-22.86494,113.61752,18049,2019,6,2
"Rhincodon typus",10.19592,99.75055,18121,2019,8,13
"Rhincodon typus",-1.10312,130.54463,18162,2019,9,23
"Rhincodon typus",9.5984,123.50542,18190,2019,10,21
"Rhincodon typus",-22.5,113.7,18175,2019,10,6
"Rhincodon typus",9.56011,123.46112,18214,2019,11,14
"Rhincodon typus",9.44789,123.36125,18220,2019,11,20
"Rhincodon typus",-4.55345,129.94892,18208,2019,11,8
"Rhincodon typus",11.84905,102.33094,18219,2019,11,19
"Rhincodon typus",10.10006,125.00538,18250,2019,12,20
"Rhincodon typus",-10.59263,105.5704,18255,2019,12,25
"Rhincodon typus",-10.52218,105.70018,18246,2019,12,16
"Rhincodon typus",9.47725,123.44486,17562,2018,1,31
"Rhincodon typus",-10.58463,105.65802,17548,2018,1,17
"Rhincodon typus",-13.2398,137.03688,17546,2018,1,15
"Rhincodon typus",-25.6,112.9,17550,2018,1,19
"Rhincodon typus",-25.6,112.9,17558,2018,1,27
"Rhincodon typus",-25.5,113,17551,2018,1,20
"Rhincodon typus",-25.6,113,17556,2018,1,25
"Rhincodon typus",-25,113.1,17558,2018,1,27
"Rhincodon typus",-31.70521,112.44489,17562,2018,1,31
"Rhincodon typus",-25.7,112.9,17553,2018,1,22
"Rhincodon typus",-31.91218,113.11009,17533,2018,1,2
"Rhincodon typus",-25.6,113,17559,2018,1,28
"Rhincodon typus",-25.6,112.9,17556,2018,1,25
"Rhincodon typus",-25.5,113,17555,2018,1,24
"Rhincodon typus",-25.5,112.9,17554,2018,1,23
"Rhincodon typus",-25.6,113,17555,2018,1,24
"Rhincodon typus",-25.1,113.2,17561,2018,1,30
"Rhincodon typus",-25.6,112.9,17554,2018,1,23
"Rhincodon typus",-25.6,113,17553,2018,1,22
"Rhincodon typus",-26.1,113.2,17549,2018,1,18
"Rhincodon typus",-25.8,112.9,17549,2018,1,18
"Rhincodon typus",-25.2,113.1,17561,2018,1,30
"Rhincodon typus",-25.8,113,17550,2018,1,19
"Rhincodon typus",-26.5,113.4,17552,2018,1,21
"Rhincodon typus",-26,113.2,17548,2018,1,17
"Rhincodon typus",-25.7,113,17549,2018,1,18
"Rhincodon typus",-31.94678,112.97926,17561,2018,1,30
"Rhincodon typus",-25.6,112.9,17555,2018,1,24
"Rhincodon typus",-31.60536,113.30079,17562,2018,1,31
"Rhincodon typus",-26.4,113.3,17551,2018,1,20
"Rhincodon typus",-32.63194,112.97062,17537,2018,1,6
"Rhincodon typus",-32.76822,112.92104,17538,2018,1,7
"Rhincodon typus",-30.05776,111.00205,17552,2018,1,21
"Rhincodon typus",-26.1,113.1,17548,2018,1,17
"Rhincodon typus",-30.46834,113.82647,17554,2018,1,23
"Rhincodon typus",-32.64156,112.93438,17537,2018,1,6
"Rhincodon typus",-25.9,113.1,17549,2018,1,18
"Rhincodon typus",-25.7,112.9,17559,2018,1,28
"Rhincodon typus",-26.3,113.3,17556,2018,1,25
"Rhincodon typus",-26,113.1,17560,2018,1,29
"Rhincodon typus",-29.51651,111.10353,17554,2018,1,23
"Rhincodon typus",-30.63496,113.39468,17559,2018,1,28
"Rhincodon typus",-29.96594,110.96349,17553,2018,1,22
"Rhincodon typus",-30.58435,114.36016,17555,2018,1,24
"Rhincodon typus",-32.74902,112.74365,17540,2018,1,9
"Rhincodon typus",-26.3,113.2,17558,2018,1,27
"Rhincodon typus",-25.5,112.9,17555,2018,1,24
"Rhincodon typus",-26.1,113.1,17546,2018,1,15
"Rhincodon typus",-25.6,112.9,17557,2018,1,26
"Rhincodon typus",-26.2,113.2,17549,2018,1,18
"Rhincodon typus",-25.4,113.1,17560,2018,1,29
"Rhincodon typus",-26.1,113.2,17547,2018,1,16
"Rhincodon typus",-25.8,113,17549,2018,1,18
"Rhincodon typus",-31.12513,114.20509,17558,2018,1,27
"Rhincodon typus",-25.6,112.9,17553,2018,1,22
"Rhincodon typus",-26.5,113.3,17552,2018,1,21
"Rhincodon typus",-25.6,113,17557,2018,1,26
"Rhincodon typus",-26,113.1,17548,2018,1,17
"Rhincodon typus",-24.83447,113.05972,17558,2018,1,27
"Rhincodon typus",-25.5,112.9,17551,2018,1,20
"Rhincodon typus",-26.2,113.2,17557,2018,1,26
"Rhincodon typus",-26.5,113.2,17555,2018,1,24
"Rhincodon typus",-32.72366,112.9246,17538,2018,1,7
"Rhincodon typus",-25.5,112.9,17552,2018,1,21
"Rhincodon typus",-25.5,113,17559,2018,1,28
"Rhincodon typus",-25.2,113.3,17560,2018,1,29
"Rhincodon typus",-25.3,113.2,17560,2018,1,29
"Rhincodon typus",-25.5,113,17556,2018,1,25
"Rhincodon typus",-25.5,112.9,17556,2018,1,25
"Rhincodon typus",-25.6,112.9,17552,2018,1,21
"Rhincodon typus",-25.6,112.9,17551,2018,1,20
"Rhincodon typus",-32.72789,112.92552,17538,2018,1,7
"Rhincodon typus",-25.5,113,17558,2018,1,27
"Rhincodon typus",-31.70257,112.4584,17562,2018,1,31
"Rhincodon typus",-26.4,113.3,17559,2018,1,28
"Rhincodon typus",-31.70803,112.4519,17562,2018,1,31
"Rhincodon typus",-32.6188,112.97766,17537,2018,1,6
"Rhincodon typus",-32.17786,112.90089,17554,2018,1,23
"Rhincodon typus",-31.48963,114.39275,17559,2018,1,28
"Rhincodon typus",-24.7,113.1,17559,2018,1,28
"Rhincodon typus",-25.52109,112.85238,17553,2018,1,22
"Rhincodon typus",-25.6,113,17551,2018,1,20
"Rhincodon typus",-31.91953,113.11489,17533,2018,1,2
"Rhincodon typus",-32.7668,112.91889,17538,2018,1,7
"Rhincodon typus",-30.58867,113.64244,17553,2018,1,22
"Rhincodon typus",-25.9,113,17549,2018,1,18
"Rhincodon typus",-26.1,113.2,17548,2018,1,17
"Rhincodon typus",-26.2,113.1,17549,2018,1,18
"Rhincodon typus",-30.05775,111.00204,17552,2018,1,21
"Rhincodon typus",-26.9,113.7,17554,2018,1,23
"Rhincodon typus",-32.71518,112.87183,17539,2018,1,8
"Rhincodon typus",-25.5,113,17553,2018,1,22
"Rhincodon typus",-31.57913,113.29257,17562,2018,1,31
"Rhincodon typus",-29.72078,111.54444,17555,2018,1,24
"Rhincodon typus",-26.3,113.3,17558,2018,1,27
"Rhincodon typus",-25.5,113,17552,2018,1,21
"Rhincodon typus",-32.73775,112.74169,17540,2018,1,9
"Rhincodon typus",-30.64056,113.25778,17560,2018,1,29
"Rhincodon typus",-32.73002,112.74128,17540,2018,1,9
"Rhincodon typus",-31.88684,113.09384,17533,2018,1,2
"Rhincodon typus",-25.24944,112.97382,17561,2018,1,30
"Rhincodon typus",-25.5,113,17554,2018,1,23
"Rhincodon typus",-25.6,112.9,17559,2018,1,28
"Rhincodon typus",-32.04091,113.10946,17533,2018,1,2
"Rhincodon typus",-26.2,113.1,17557,2018,1,26
"Rhincodon typus",-26.3,113.2,17556,2018,1,25
"Rhincodon typus",-29.52102,111.02561,17554,2018,1,23
"Rhincodon typus",-25.5,112.9,17553,2018,1,22
"Rhincodon typus",-25.6,113,17550,2018,1,19
"Rhincodon typus",-25.7,113,17553,2018,1,22
"Rhincodon typus",-29.51488,111.05952,17554,2018,1,23
"Rhincodon typus",-25.4,113,17560,2018,1,29
"Rhincodon typus",-25.7,113,17559,2018,1,28
"Rhincodon typus",-29.78482,111.53435,17555,2018,1,24
"Rhincodon typus",-26,113.1,17549,2018,1,18
"Rhincodon typus",-26.2,113.2,17548,2018,1,17
"Rhincodon typus",-26.41507,113.22333,17559,2018,1,28
"Rhincodon typus",-25.94751,112.88853,17550,2018,1,19
"Rhincodon typus",-26.5,113.4,17555,2018,1,24
"Rhincodon typus",-26.5,113.3,17555,2018,1,24
"Rhincodon typus",-30.72435,112.90336,17540,2018,1,9
"Rhincodon typus",-26.13319,113.06548,17560,2018,1,29
"Rhincodon typus",-30.21464,111.86244,17556,2018,1,25
"Rhincodon typus",-25.7,112.9,17557,2018,1,26
"Rhincodon typus",-30.87431,112.95993,17541,2018,1,10
"Rhincodon typus",-32.30645,112.99984,17536,2018,1,5
"Rhincodon typus",-26.05564,112.48,17560,2018,1,29
"Rhincodon typus",-29.82257,111.25966,17554,2018,1,23
"Rhincodon typus",-31.91227,113.08363,17533,2018,1,2
"Rhincodon typus",-11.5456,96.00009,17562,2018,1,31
"Rhincodon typus",-11.50288,96.219,17561,2018,1,30
"Rhincodon typus",-11.50648,96.27259,17560,2018,1,29
"Rhincodon typus",-11.51227,96.26577,17561,2018,1,30
"Rhincodon typus",-22.6,113.62,17566,2018,2,4
"Rhincodon typus",-22.6,113.61,17566,2018,2,4
"Rhincodon typus",-23.12,113.7,17568,2018,2,6
"Rhincodon typus",-30.5,114.5,17569,2018,2,7
"Rhincodon typus",-23.40638,113.46542,17574,2018,2,12
"Rhincodon typus",-25.7,113,17567,2018,2,5
"Rhincodon typus",-31.42731,112.60255,17582,2018,2,20
"Rhincodon typus",-31.84569,112.87427,17570,2018,2,8
"Rhincodon typus",-31.83828,112.88093,17570,2018,2,8
"Rhincodon typus",-31.13681,113.06036,17589,2018,2,27
"Rhincodon typus",-26.5,113.3,17564,2018,2,2
"Rhincodon typus",-31.48084,112.58597,17582,2018,2,20
"Rhincodon typus",-23.88069,113.06147,17575,2018,2,13
"Rhincodon typus",-31.91407,113.07338,17566,2018,2,4
"Rhincodon typus",-31.93801,112.97384,17567,2018,2,5
"Rhincodon typus",-31.03329,112.79564,17584,2018,2,22
"Rhincodon typus",-25.9,113,17567,2018,2,5
"Rhincodon typus",-31.94208,113.00325,17568,2018,2,6
"Rhincodon typus",-22.83459,112.44444,17588,2018,2,26
"Rhincodon typus",-31.75848,112.81623,17571,2018,2,9
"Rhincodon typus",-31.97744,112.54098,17574,2018,2,12
"Rhincodon typus",-31.40546,112.60678,17582,2018,2,20
"Rhincodon typus",-31.02793,113.28969,17588,2018,2,26
"Rhincodon typus",-31.60332,112.29513,17563,2018,2,1
"Rhincodon typus",-31.76723,112.81091,17571,2018,2,9
"Rhincodon typus",-31.60299,112.7932,17581,2018,2,19
"Rhincodon typus",-31.68251,112.98503,17576,2018,2,14
"Rhincodon typus",-25.8,112.9,17567,2018,2,5
"Rhincodon typus",-31.57148,112.77237,17581,2018,2,19
"Rhincodon typus",-26.5,113.3,17566,2018,2,4
"Rhincodon typus",-25,113.1,17579,2018,2,17
"Rhincodon typus",-25,113.1,17583,2018,2,21
"Rhincodon typus",-25.8,113,17574,2018,2,12
"Rhincodon typus",-26.5,113.3,17572,2018,2,10
"Rhincodon typus",-31.94766,112.87314,17569,2018,2,7
"Rhincodon typus",-31.73498,112.75122,17572,2018,2,10
"Rhincodon typus",-31.62338,112.97188,17576,2018,2,14
"Rhincodon typus",-25.9,113.1,17568,2018,2,6
"Rhincodon typus",-26.5,113.4,17565,2018,2,3
"Rhincodon typus",-31.22869,113.13133,17588,2018,2,26
"Rhincodon typus",-31.60331,112.76011,17581,2018,2,19
"Rhincodon typus",-31.92559,112.87939,17569,2018,2,7
"Rhincodon typus",-26.44891,113.23426,17565,2018,2,3
"Rhincodon typus",-31.12629,113.25184,17577,2018,2,15
"Rhincodon typus",-26.5,113.4,17572,2018,2,10
"Rhincodon typus",-26.5,113.3,17565,2018,2,3
"Rhincodon typus",-31.78398,112.82098,17571,2018,2,9
"Rhincodon typus",-31.70316,112.73527,17572,2018,2,10
"Rhincodon typus",-25.91008,112.97942,17567,2018,2,5
"Rhincodon typus",-31.92755,112.88967,17569,2018,2,7
"Rhincodon typus",-30.80129,113.57504,17578,2018,2,16
"Rhincodon typus",-31.66587,113.17256,17565,2018,2,3
"Rhincodon typus",-30.82249,113.90422,17580,2018,2,18
"Rhincodon typus",-31.40866,112.59962,17582,2018,2,20
"Rhincodon typus",-26,113.1,17567,2018,2,5
"Rhincodon typus",-23.4131,113.48013,17575,2018,2,13
"Rhincodon typus",-22.5,113.6,17582,2018,2,20
"Rhincodon typus",-31.65586,112.54416,17573,2018,2,11
"Rhincodon typus",-31.14292,113.23638,17577,2018,2,15
"Rhincodon typus",-26.5,113.3,17571,2018,2,9
"Rhincodon typus",-31.71119,112.7389,17572,2018,2,10
"Rhincodon typus",-31.02452,112.79256,17584,2018,2,22
"Rhincodon typus",-25,113.1,17578,2018,2,16
"Rhincodon typus",-23.41399,113.55309,17581,2018,2,19
"Rhincodon typus",-25.6,112.9,17568,2018,2,6
"Rhincodon typus",-26.4,113.3,17572,2018,2,10
"Rhincodon typus",-30.88229,112.93533,17585,2018,2,23
"Rhincodon typus",-24.35123,113.10106,17573,2018,2,11
"Rhincodon typus",-25,113.2,17577,2018,2,15
"Rhincodon typus",-31.14049,113.23167,17577,2018,2,15
"Rhincodon typus",-31.93834,112.97184,17567,2018,2,5
"Rhincodon typus",-31.92926,112.93925,17569,2018,2,7
"Rhincodon typus",-26.1,113.2,17573,2018,2,11
"Rhincodon typus",-26.6,113.5,17567,2018,2,5
"Rhincodon typus",-31.04897,112.78592,17584,2018,2,22
"Rhincodon typus",-31.61768,112.97284,17576,2018,2,14
"Rhincodon typus",-30.95108,113.83278,17579,2018,2,17
"Rhincodon typus",-31.85562,112.84885,17570,2018,2,8
"Rhincodon typus",-31.08639,112.69728,17583,2018,2,21
"Rhincodon typus",-25,113.1,17577,2018,2,15
"Rhincodon typus",-25,113,17579,2018,2,17
"Rhincodon typus",-31.09022,112.68481,17583,2018,2,21
"Rhincodon typus",-31.76395,112.80614,17571,2018,2,9
"Rhincodon typus",-31.84466,112.90067,17570,2018,2,8
"Rhincodon typus",-31.63783,112.40819,17563,2018,2,1
"Rhincodon typus",-31.09034,112.69577,17583,2018,2,21
"Rhincodon typus",-30.85696,112.96498,17585,2018,2,23
"Rhincodon typus",-31.91259,113.00853,17575,2018,2,13
"Rhincodon typus",-25.8,113,17566,2018,2,4
"Rhincodon typus",-25,113.1,17576,2018,2,14
"Rhincodon typus",-31.97348,113.10425,17567,2018,2,5
"Rhincodon typus",-32.02866,112.98876,17567,2018,2,5
"Rhincodon typus",-9.36516,98.0078,17585,2018,2,23
"Rhincodon typus",-9.3514,97.93307,17584,2018,2,22
"Rhincodon typus",-9.16308,97.72754,17581,2018,2,19
"Rhincodon typus",-9.32404,97.89756,17583,2018,2,21
"Rhincodon typus",-9.0462,97.68948,17576,2018,2,14
"Rhincodon typus",-9.01998,97.65793,17575,2018,2,13
"Rhincodon typus",-9.02937,97.65461,17575,2018,2,13
"Rhincodon typus",-29.5,114.5,17579,2018,2,17
"Rhincodon typus",-28.5,114.5,17583,2018,2,21
"Rhincodon typus",-24.5,112.5,17580,2018,2,18
"Rhincodon typus",-30.5,113.5,17568,2018,2,6
"Rhincodon typus",-23.5,112.5,17584,2018,2,22
"Rhincodon typus",-13.8238,136.38232,17593,2018,3,3
"Rhincodon typus",1.9871,118.62037,17612,2018,3,22
"Rhincodon typus",-23.13,113.73,17593,2018,3,3
"Rhincodon typus",-26,113.1,17605,2018,3,15
"Rhincodon typus",-32.1391,113.91906,17613,2018,3,23
"Rhincodon typus",-31.70033,113.86732,17597,2018,3,7
"Rhincodon typus",-22.7,113.6,17600,2018,3,10
"Rhincodon typus",-22,113.9,17610,2018,3,20
"Rhincodon typus",-22,113.9,17612,2018,3,22
"Rhincodon typus",-32.69114,113.34725,17600,2018,3,10
"Rhincodon typus",-22.71478,112.86161,17599,2018,3,9
"Rhincodon typus",-22.3,113.8,17591,2018,3,1
"Rhincodon typus",-22.83575,113.6609,17609,2018,3,19
"Rhincodon typus",-32.65184,113.19745,17600,2018,3,10
"Rhincodon typus",-22.7,113.6,17605,2018,3,15
"Rhincodon typus",-22.7,113.6,17604,2018,3,14
"Rhincodon typus",-31.54629,111.60043,17592,2018,3,2
"Rhincodon typus",-22.67506,113.53159,17607,2018,3,17
"Rhincodon typus",-32.6772,113.33908,17600,2018,3,10
"Rhincodon typus",-32.18033,113.94616,17614,2018,3,24
"Rhincodon typus",-22.9,113.8,17621,2018,3,31
"Rhincodon typus",-22,113.9,17607,2018,3,17
"Rhincodon typus",-21.7,114.4,17617,2018,3,27
"Rhincodon typus",-22.9,113.8,17620,2018,3,30
"Rhincodon typus",-22,113.9,17605,2018,3,15
"Rhincodon typus",-32.61799,113.21725,17599,2018,3,9
"Rhincodon typus",-21.57849,114.26116,17616,2018,3,26
"Rhincodon typus",-22.9,113.6,17608,2018,3,18
"Rhincodon typus",-25.8,113,17599,2018,3,9
"Rhincodon typus",-22,113.9,17592,2018,3,2
"Rhincodon typus",-22.9,113.7,17620,2018,3,30
"Rhincodon typus",-22.1,113.9,17597,2018,3,7
"Rhincodon typus",-22,113.9,17598,2018,3,8
"Rhincodon typus",-22.8,113.7,17617,2018,3,27
"Rhincodon typus",-21.9,113.9,17599,2018,3,9
"Rhincodon typus",-32.15145,113.91549,17612,2018,3,22
"Rhincodon typus",-21.8,114.1,17600,2018,3,10
"Rhincodon typus",-22.8,113.7,17612,2018,3,22
"Rhincodon typus",-31.35993,114.18057,17619,2018,3,29
"Rhincodon typus",-22,113.9,17606,2018,3,16
"Rhincodon typus",-32.67687,113.32735,17600,2018,3,10
"Rhincodon typus",-32.6322,113.21023,17599,2018,3,9
"Rhincodon typus",-22,113.9,17615,2018,3,25
"Rhincodon typus",-22.7,113.6,17594,2018,3,4
"Rhincodon typus",-22,114,17609,2018,3,19
"Rhincodon typus",-22.69391,113.57515,17606,2018,3,16
"Rhincodon typus",-22.8,113.7,17603,2018,3,13
"Rhincodon typus",-21.9,113.9,17613,2018,3,23
"Rhincodon typus",-22.7,113.6,17602,2018,3,12
"Rhincodon typus",-22.1,113.8,17611,2018,3,21
"Rhincodon typus",-22.8,113.7,17616,2018,3,26
"Rhincodon typus",-22,113.9,17593,2018,3,3
"Rhincodon typus",-31.31343,114.20406,17619,2018,3,29
"Rhincodon typus",-21.55453,114.2865,17619,2018,3,29
"Rhincodon typus",-22,113.9,17608,2018,3,18
"Rhincodon typus",-22.8,113.7,17607,2018,3,17
"Rhincodon typus",-22,113.9,17604,2018,3,14
"Rhincodon typus",-25.29989,112.74342,17610,2018,3,20
"Rhincodon typus",-22.1,113.9,17611,2018,3,21
"Rhincodon typus",-25.8,113,17596,2018,3,6
"Rhincodon typus",-21.57315,114.26374,17618,2018,3,28
"Rhincodon typus",-32.20398,113.95335,17614,2018,3,24
"Rhincodon typus",-32.20652,113.96384,17614,2018,3,24
"Rhincodon typus",-22.74497,113.54306,17615,2018,3,25
"Rhincodon typus",-32.20742,113.96392,17614,2018,3,24
"Rhincodon typus",-22.8,113.7,17608,2018,3,18
"Rhincodon typus",-25.8,113,17598,2018,3,8
"Rhincodon typus",-32.62113,113.21886,17599,2018,3,9
"Rhincodon typus",-31.13228,114.30355,17619,2018,3,29
"Rhincodon typus",-31.49941,114.15194,17618,2018,3,28
"Rhincodon typus",-22.73311,113.55314,17616,2018,3,26
"Rhincodon typus",-32.14708,113.93774,17614,2018,3,24
"Rhincodon typus",-22.7432,113.54872,17615,2018,3,25
"Rhincodon typus",-22.8,113.6,17601,2018,3,11
"Rhincodon typus",-33.02247,112.28901,17609,2018,3,19
"Rhincodon typus",-22.7,113.6,17601,2018,3,11
"Rhincodon typus",-25.92614,112.92951,17597,2018,3,7
"Rhincodon typus",-22,113.8,17615,2018,3,25
"Rhincodon typus",-31.92843,114.18176,17617,2018,3,27
"Rhincodon typus",-22.8,113.7,17609,2018,3,19
"Rhincodon typus",-7.50835,96.83628,17599,2018,3,9
"Rhincodon typus",-7.39649,96.22103,17601,2018,3,11
"Rhincodon typus",-7.63461,98.07962,17595,2018,3,5
"Rhincodon typus",-7.63464,98.07944,17595,2018,3,5
"Rhincodon typus",9.33932,98.0983,17627,2018,4,6
"Rhincodon typus",10.08294,99.87905,17638,2018,4,17
"Rhincodon typus",1.87036,118.11587,17642,2018,4,21
"Rhincodon typus",-14.07145,136.25883,17642,2018,4,21
"Rhincodon typus",-23.13,113.71,17644,2018,4,23
"Rhincodon typus",7.59488,98.88302,17622,2018,4,1
"Rhincodon typus",-8.34376,117.72854,17651,2018,4,30
"Rhincodon typus",-22.9,113.7,17641,2018,4,20
"Rhincodon typus",-22.11242,113.77889,17647,2018,4,26
"Rhincodon typus",-22.1,113.8,17644,2018,4,23
"Rhincodon typus",-22.3,113.8,17637,2018,4,16
"Rhincodon typus",-21.59807,114.2462,17622,2018,4,1
"Rhincodon typus",-22.7,113.6,17631,2018,4,10
"Rhincodon typus",-21.60078,114.2515,17630,2018,4,9
"Rhincodon typus",-29.93585,114.15716,17629,2018,4,8
"Rhincodon typus",-21.67451,114.07026,17633,2018,4,12
"Rhincodon typus",-22.1,113.8,17638,2018,4,17
"Rhincodon typus",-22,113.9,17644,2018,4,23
"Rhincodon typus",-21.9,113.9,17651,2018,4,30
"Rhincodon typus",-22,113.9,17639,2018,4,18
"Rhincodon typus",-22.4,113.7,17630,2018,4,9
"Rhincodon typus",-22.2,113.8,17646,2018,4,25
"Rhincodon typus",-22.4,113.8,17635,2018,4,14
"Rhincodon typus",-22.2,113.8,17645,2018,4,24
"Rhincodon typus",-22.9,113.7,17625,2018,4,4
"Rhincodon typus",-21.57341,114.24106,17645,2018,4,24
"Rhincodon typus",-23,113.7,17629,2018,4,8
"Rhincodon typus",-22.04022,113.79499,17647,2018,4,26
"Rhincodon typus",-22.8,113.7,17624,2018,4,3
"Rhincodon typus",-29.86203,114.05061,17631,2018,4,10
"Rhincodon typus",-21.95797,113.80706,17647,2018,4,26
"Rhincodon typus",-21.56589,114.2777,17629,2018,4,8
"Rhincodon typus",-22.1,113.9,17644,2018,4,23
"Rhincodon typus",-22.2,113.9,17645,2018,4,24
"Rhincodon typus",-22.8,113.7,17630,2018,4,9
"Rhincodon typus",-22.1,113.8,17641,2018,4,20
"Rhincodon typus",-21.59634,114.23272,17628,2018,4,7
"Rhincodon typus",-21.57939,114.1973,17648,2018,4,27
"Rhincodon typus",-22.1,113.9,17645,2018,4,24
"Rhincodon typus",-22.8,113.6,17632,2018,4,11
"Rhincodon typus",-22.1,113.9,17638,2018,4,17
"Rhincodon typus",-22.7,113.6,17630,2018,4,9
"Rhincodon typus",-21.90227,113.80134,17647,2018,4,26
"Rhincodon typus",-22.7,113.6,17624,2018,4,3
"Rhincodon typus",-23,113.7,17628,2018,4,7
"Rhincodon typus",-22.75027,113.57732,17632,2018,4,11
"Rhincodon typus",-21.60329,114.23127,17628,2018,4,7
"Rhincodon typus",-30.1644,113.87545,17628,2018,4,7
"Rhincodon typus",-23.01422,113.71153,17626,2018,4,5
"Rhincodon typus",-22.9,113.8,17630,2018,4,9
"Rhincodon typus",-30.66833,113.793,17624,2018,4,3
"Rhincodon typus",-21.57497,114.217,17632,2018,4,11
"Rhincodon typus",-23,113.7,17626,2018,4,5
"Rhincodon typus",-22,113.9,17642,2018,4,21
"Rhincodon typus",-21.9,114,17651,2018,4,30
"Rhincodon typus",-23.0475,113.69155,17627,2018,4,6
"Rhincodon typus",-22.4,113.7,17646,2018,4,25
"Rhincodon typus",-21.9,113.9,17647,2018,4,26
"Rhincodon typus",-21.57925,114.2024,17632,2018,4,11
"Rhincodon typus",-21.9,114.6,17650,2018,4,29
"Rhincodon typus",10.1238,99.7926,17679,2018,5,28
"Rhincodon typus",9.79373,99.97434,17654,2018,5,3
"Rhincodon typus",-22.59,113.61,17663,2018,5,12
"Rhincodon typus",-3.17877,134.90012,17652,2018,5,1
"Rhincodon typus",-22,113.9,17658,2018,5,7
"Rhincodon typus",-21.9,114,17657,2018,5,6
"Rhincodon typus",-22,113.9,17668,2018,5,17
"Rhincodon typus",-22.21862,113.7465,17671,2018,5,20
"Rhincodon typus",-21.7933,113.93429,17655,2018,5,4
"Rhincodon typus",-22,113.9,17660,2018,5,9
"Rhincodon typus",-22.08704,113.7457,17672,2018,5,21
"Rhincodon typus",-22.4,113.7,17664,2018,5,13
"Rhincodon typus",-21.8,114.1,17653,2018,5,2
"Rhincodon typus",-22.1,113.9,17668,2018,5,17
"Rhincodon typus",-22.2,113.8,17669,2018,5,18
"Rhincodon typus",-22.09783,113.80199,17656,2018,5,5
"Rhincodon typus",-22,114,17655,2018,5,4
"Rhincodon typus",-22.1,113.9,17658,2018,5,7
"Rhincodon typus",-21.72709,114.02056,17655,2018,5,4
"Rhincodon typus",-22.2,113.8,17671,2018,5,20
"Rhincodon typus",-22.2,113.8,17670,2018,5,19
"Rhincodon typus",-22.2,113.8,17674,2018,5,23
"Rhincodon typus",-22.1,113.8,17661,2018,5,10
"Rhincodon typus",-22.1,113.8,17672,2018,5,21
"Rhincodon typus",-22.2,113.8,17681,2018,5,30
"Rhincodon typus",-22,113.9,17659,2018,5,8
"Rhincodon typus",-22.1,113.9,17672,2018,5,21
"Rhincodon typus",-22,113.9,17674,2018,5,23
"Rhincodon typus",-22,113.9,17653,2018,5,2
"Rhincodon typus",-22,113.9,17652,2018,5,1
"Rhincodon typus",-21.9,113.9,17654,2018,5,3
"Rhincodon typus",-22,113.9,17656,2018,5,5
"Rhincodon typus",-22.3,113.8,17655,2018,5,4
"Rhincodon typus",-22.2,113.8,17667,2018,5,16
"Rhincodon typus",-22.2,113.8,17657,2018,5,6
"Rhincodon typus",-21.9,114,17654,2018,5,3
"Rhincodon typus",-22.17778,113.76791,17655,2018,5,4
"Rhincodon typus",-22,113.9,17672,2018,5,21
"Rhincodon typus",-22.3,113.7,17663,2018,5,12
"Rhincodon typus",-21.9,113.9,17677,2018,5,26
"Rhincodon typus",-21.9,113.9,17652,2018,5,1
"Rhincodon typus",-21.70476,114.05146,17654,2018,5,3
"Rhincodon typus",-22.1,113.8,17670,2018,5,19
"Rhincodon typus",-22,113.9,17657,2018,5,6
"Rhincodon typus",-22.3,113.7,17657,2018,5,6
"Rhincodon typus",-22.2,113.8,17655,2018,5,4
"Rhincodon typus",-21.9,113.9,17662,2018,5,11
"Rhincodon typus",-22,113.9,17661,2018,5,10
"Rhincodon typus",-21.9,114,17658,2018,5,7
"Rhincodon typus",0.56283,123.08397,17701,2018,6,19
"Rhincodon typus",0.52544,123.12378,17701,2018,6,19
"Rhincodon typus",0.44433,123.0133,17701,2018,6,19
"Rhincodon typus",8.98269,119.93,17704,2018,6,22
"Rhincodon typus",8.86439,119.85534,17704,2018,6,22
"Rhincodon typus",8.82402,119.89023,17704,2018,6,22
"Rhincodon typus",-3.20416,135.11353,17700,2018,6,18
"Rhincodon typus",-3.37818,135.04604,17700,2018,6,18
"Rhincodon typus",-19.9934,115.44793,17696,2018,6,14
"Rhincodon typus",-22,113.9,17691,2018,6,9
"Rhincodon typus",-22.0253,113.8004,17692,2018,6,10
"Rhincodon typus",-21.5687,114.23619,17692,2018,6,10
"Rhincodon typus",-22,113.9,17707,2018,6,25
"Rhincodon typus",-21.9,114,17705,2018,6,23
"Rhincodon typus",-22,113.9,17709,2018,6,27
"Rhincodon typus",-22.8,113.6,17712,2018,6,30
"Rhincodon typus",-21.9,114,17686,2018,6,4
"Rhincodon typus",-20.02209,115.43914,17696,2018,6,14
"Rhincodon typus",-22,113.9,17706,2018,6,24
"Rhincodon typus",-22,113.9,17694,2018,6,12
"Rhincodon typus",-19.87629,115.45418,17687,2018,6,5
"Rhincodon typus",-21.9,113.9,17690,2018,6,8
"Rhincodon typus",-9.5,110.5,17741,2018,7,29
"Rhincodon typus",-10.5,109.5,17741,2018,7,29
"Rhincodon typus",-20.00293,115.33768,17740,2018,7,28
"Rhincodon typus",-22.2,113.8,17742,2018,7,30
"Rhincodon typus",-21.55251,113.58808,17738,2018,7,26
"Rhincodon typus",-21.40009,114.10757,17740,2018,7,28
"Rhincodon typus",-20.81718,114.35462,17739,2018,7,27
"Rhincodon typus",-20.48576,114.8867,17739,2018,7,27
"Rhincodon typus",-21.57684,113.74167,17739,2018,7,27
"Rhincodon typus",-21.60098,114.29082,17738,2018,7,26
"Rhincodon typus",-21.56438,113.73555,17739,2018,7,27
"Rhincodon typus",-22,113.8,17730,2018,7,18
"Rhincodon typus",-22,113.9,17737,2018,7,25
"Rhincodon typus",-21.65362,113.84066,17738,2018,7,26
"Rhincodon typus",-20.71001,114.965,17743,2018,7,31
"Rhincodon typus",-21.47957,113.84439,17739,2018,7,27
"Rhincodon typus",-20.65401,114.94606,17743,2018,7,31
"Rhincodon typus",-22,113.9,17731,2018,7,19
"Rhincodon typus",-20.3707,114.98146,17743,2018,7,31
"Rhincodon typus",-21.59743,113.84425,17738,2018,7,26
"Rhincodon typus",-20.61591,114.94222,17743,2018,7,31
"Rhincodon typus",-21.52396,113.55298,17738,2018,7,26
"Rhincodon typus",-21.39177,114.10987,17740,2018,7,28
"Rhincodon typus",-20.42054,114.98398,17743,2018,7,31
"Rhincodon typus",-21.6521,113.84113,17738,2018,7,26
"Rhincodon typus",-21.57255,113.71349,17738,2018,7,26
"Rhincodon typus",-20.17952,115.09778,17740,2018,7,28
"Rhincodon typus",-22,113.9,17716,2018,7,4
"Rhincodon typus",-21.57631,113.63407,17739,2018,7,27
"Rhincodon typus",-22.8,113.6,17715,2018,7,3
"Rhincodon typus",-20.66265,114.95409,17743,2018,7,31
"Rhincodon typus",-20.44522,114.97817,17743,2018,7,31
"Rhincodon typus",-22.4,113.7,17726,2018,7,14
"Rhincodon typus",-20.76027,114.97367,17743,2018,7,31
"Rhincodon typus",-20.66724,114.95481,17743,2018,7,31
"Rhincodon typus",-20.98317,114.30709,17738,2018,7,26
"Rhincodon typus",-21.65929,113.84687,17738,2018,7,26
"Rhincodon typus",-21.48496,113.88351,17739,2018,7,27
"Rhincodon typus",-22.3,113.7,17726,2018,7,14
"Rhincodon typus",-21.73458,113.82772,17738,2018,7,26
"Rhincodon typus",-20.50138,114.92262,17739,2018,7,27
"Rhincodon typus",-21.87975,113.86807,17713,2018,7,1
"Rhincodon typus",-22,113.9,17722,2018,7,10
"Rhincodon typus",-21.67159,113.8327,17738,2018,7,26
"Rhincodon typus",-21.92456,113.86582,17725,2018,7,13
"Rhincodon typus",-22,113.9,17714,2018,7,2
"Rhincodon typus",-20.63834,114.94274,17743,2018,7,31
"Rhincodon typus",-21.21211,114.04706,17740,2018,7,28
"Rhincodon typus",-22.1,113.9,17733,2018,7,21
"Rhincodon typus",-22.1,113.8,17734,2018,7,22
"Rhincodon typus",-20.59995,114.92891,17743,2018,7,31
"Rhincodon typus",-22,113.8,17735,2018,7,23
"Rhincodon typus",-9.5,109.5,17741,2018,7,29
"Rhincodon typus",-10.5,113.5,17724,2018,7,12
"Rhincodon typus",-11.5,114.5,17722,2018,7,10
"Rhincodon typus",-7.5,106.5,17743,2018,7,31
"Rhincodon typus",-11.5,110.5,17739,2018,7,27
"Rhincodon typus",-17.5,138.5,17739,2018,7,27
"Rhincodon typus",-10.5,110.5,17740,2018,7,28
"Rhincodon typus",-22.32058,113.76915,17752,2018,8,9
"Rhincodon typus",-12.5,102.5,17762,2018,8,19
"Rhincodon typus",-13.5,102.5,17764,2018,8,21
"Rhincodon typus",-14.5,113.5,17749,2018,8,6
"Rhincodon typus",-11.5,106.5,17757,2018,8,14
"Rhincodon typus",-17.67375,114.2891,17756,2018,8,13
"Rhincodon typus",-14.42051,118.72259,17754,2018,8,11
"Rhincodon typus",-19.888,115.02881,17754,2018,8,11
"Rhincodon typus",-20.14639,114.91824,17754,2018,8,11
"Rhincodon typus",-17.91096,117.53347,17747,2018,8,4
"Rhincodon typus",-19.71357,116.02758,17750,2018,8,7
"Rhincodon typus",-19.8146,113.34144,17772,2018,8,29
"Rhincodon typus",-19.64751,115.5244,17766,2018,8,23
"Rhincodon typus",-14.18648,118.84926,17755,2018,8,12
"Rhincodon typus",-20.18537,114.97289,17744,2018,8,1
"Rhincodon typus",-19.50485,116.52983,17747,2018,8,4
"Rhincodon typus",-19.79719,115.68795,17745,2018,8,2
"Rhincodon typus",-21.23601,114.67031,17756,2018,8,13
"Rhincodon typus",-19.9326,116.53395,17749,2018,8,6
"Rhincodon typus",-22,113.9,17759,2018,8,16
"Rhincodon typus",-22,113.9,17764,2018,8,21
"Rhincodon typus",-22,113.9,17763,2018,8,20
"Rhincodon typus",-18.59906,115.71964,17752,2018,8,9
"Rhincodon typus",-19.06354,117.72729,17745,2018,8,2
"Rhincodon typus",-19.52247,116.50182,17747,2018,8,4
"Rhincodon typus",-18.38458,114.97787,17760,2018,8,17
"Rhincodon typus",-15.07797,118.40909,17753,2018,8,10
"Rhincodon typus",-19.77176,113.34723,17772,2018,8,29
"Rhincodon typus",-18.62558,115.73018,17752,2018,8,9
"Rhincodon typus",-21.4594,114.70869,17756,2018,8,13
"Rhincodon typus",-19.18188,117.66425,17745,2018,8,2
"Rhincodon typus",-22.15003,113.76075,17763,2018,8,20
"Rhincodon typus",-17.0017,118.13151,17749,2018,8,6
"Rhincodon typus",-19.90922,115.17372,17744,2018,8,1
"Rhincodon typus",-14.21627,118.83472,17755,2018,8,12
"Rhincodon typus",-17.70752,114.2782,17756,2018,8,13
"Rhincodon typus",-16.96931,114.45976,17761,2018,8,18
"Rhincodon typus",-19.67951,115.53864,17766,2018,8,23
"Rhincodon typus",-19.88157,115.06986,17754,2018,8,11
"Rhincodon typus",-17.95691,117.55675,17747,2018,8,4
"Rhincodon typus",-19.7682,115.44558,17769,2018,8,26
"Rhincodon typus",-15.06981,118.41955,17753,2018,8,10
"Rhincodon typus",-20.54064,114.52377,17745,2018,8,2
"Rhincodon typus",-19.88186,115.05992,17754,2018,8,11
"Rhincodon typus",-21.89765,113.58766,17760,2018,8,17
"Rhincodon typus",-19.89936,115.00125,17754,2018,8,11
"Rhincodon typus",-19.713,115.51249,17767,2018,8,24
"Rhincodon typus",-21.39688,114.7187,17756,2018,8,13
"Rhincodon typus",-22.1,113.9,17761,2018,8,18
"Rhincodon typus",-19.79154,115.67424,17745,2018,8,2
"Rhincodon typus",-22,113.8,17764,2018,8,21
"Rhincodon typus",-19.79687,115.68113,17745,2018,8,2
"Rhincodon typus",-14.57319,120.72529,17769,2018,8,26
"Rhincodon typus",-19.79565,115.68017,17745,2018,8,2
"Rhincodon typus",-20.62043,114.46974,17745,2018,8,2
"Rhincodon typus",-14.8774,118.42518,17753,2018,8,10
"Rhincodon typus",-19.88262,113.32634,17772,2018,8,29
"Rhincodon typus",-22,113.9,17766,2018,8,23
"Rhincodon typus",-19.93195,115.16322,17744,2018,8,1
"Rhincodon typus",-22.1,113.8,17761,2018,8,18
"Rhincodon typus",-19.91089,116.40426,17749,2018,8,6
"Rhincodon typus",-15.08348,118.4119,17753,2018,8,10
"Rhincodon typus",-19.91937,116.60921,17749,2018,8,6
"Rhincodon typus",-18.77213,117.48186,17746,2018,8,3
"Rhincodon typus",-20.5312,114.98253,17755,2018,8,12
"Rhincodon typus",-19.9576,116.57745,17749,2018,8,6
"Rhincodon typus",-15.81789,118.67584,17751,2018,8,8
"Rhincodon typus",-19.86132,113.32338,17772,2018,8,29
"Rhincodon typus",-19.98553,115.15074,17744,2018,8,1
"Rhincodon typus",-22.1,113.8,17763,2018,8,20
"Rhincodon typus",-13.66467,119.10539,17756,2018,8,13
"Rhincodon typus",-20.60007,114.98658,17755,2018,8,12
"Rhincodon typus",-19.84721,115.68707,17745,2018,8,2
"Rhincodon typus",-18.99807,117.75014,17745,2018,8,2
"Rhincodon typus",-19.79836,113.34328,17772,2018,8,29
"Rhincodon typus",-21.98258,113.85286,17764,2018,8,21
"Rhincodon typus",-21.86847,113.85059,17767,2018,8,24
"Rhincodon typus",-21.95166,113.8603,17759,2018,8,16
"Rhincodon typus",-20.46918,115.0874,17772,2018,8,29
"Rhincodon typus",-17.29572,117.14691,17748,2018,8,5
"Rhincodon typus",-20.36245,114.81889,17753,2018,8,10
"Rhincodon typus",-19.92472,113.33024,17772,2018,8,29
"Rhincodon typus",-21.9,113.9,17747,2018,8,4
"Rhincodon typus",-19.50979,115.53254,17746,2018,8,3
"Rhincodon typus",-19.75217,115.57279,17765,2018,8,22
"Rhincodon typus",-20.18547,114.97293,17744,2018,8,1
"Rhincodon typus",-17.67482,114.29271,17756,2018,8,13
"Rhincodon typus",-19.69365,115.51543,17767,2018,8,24
"Rhincodon typus",-16.33797,118.2323,17750,2018,8,7
"Rhincodon typus",-19.97561,116.44342,17749,2018,8,6
"Rhincodon typus",-20.6307,114.45348,17745,2018,8,2
"Rhincodon typus",-21.27985,114.17587,17745,2018,8,2
"Rhincodon typus",-19.94904,115.70914,17747,2018,8,4
"Rhincodon typus",-14.19571,118.83486,17755,2018,8,12
"Rhincodon typus",-19.87605,115.05957,17754,2018,8,11
"Rhincodon typus",-19.76352,115.3864,17768,2018,8,25
"Rhincodon typus",-19.92037,116.6302,17749,2018,8,6
"Rhincodon typus",-19.74973,113.41424,17773,2018,8,30
"Rhincodon typus",-14.74041,118.33947,17754,2018,8,11
"Rhincodon typus",-21.97031,113.77868,17765,2018,8,22
"Rhincodon typus",-19.21843,117.64162,17745,2018,8,2
"Rhincodon typus",-21.22984,114.64145,17756,2018,8,13
"Rhincodon typus",-10.5,105.5,17757,2018,8,14
"Rhincodon typus",-15.5,117.5,17770,2018,8,27
"Rhincodon typus",-13.5,118.5,17773,2018,8,30
"Rhincodon typus",-13.5,117.5,17772,2018,8,29
"Rhincodon typus",-10.5,104.5,17758,2018,8,15
"Rhincodon typus",-12.5,103.5,17762,2018,8,19
"Rhincodon typus",-11.5,104.5,17759,2018,8,16
"Rhincodon typus",-8.5,130.5,17757,2018,8,14
"Rhincodon typus",-16.5,112.5,17745,2018,8,2
"Rhincodon typus",-6.5,133.5,17763,2018,8,20
"Rhincodon typus",-5.5,133.5,17773,2018,8,30
"Rhincodon typus",-7.5,108.5,17746,2018,8,3
"Rhincodon typus",-14.5,101.5,17773,2018,8,30
"Rhincodon typus",-15.5,112.5,17745,2018,8,2
"Rhincodon typus",-15.5,113.5,17749,2018,8,6
"Rhincodon typus",-13.5,109.5,17753,2018,8,10
"Rhincodon typus",-14.5,109.5,17753,2018,8,10
"Rhincodon typus",-11.5,107.5,17756,2018,8,13
"Rhincodon typus",-11.5,108.5,17756,2018,8,13
"Rhincodon typus",10.17619,99.96872,17783,2018,9,9
"Rhincodon typus",-7.5,102.5,17800,2018,9,26
"Rhincodon typus",-7.5,103.5,17799,2018,9,25
"Rhincodon typus",-21.84165,113.53573,17800,2018,9,26
"Rhincodon typus",-18.42599,116.20389,17785,2018,9,11
"Rhincodon typus",-21.72057,113.61701,17801,2018,9,27
"Rhincodon typus",-21.68745,113.59258,17801,2018,9,27
"Rhincodon typus",-21.9,113.9,17777,2018,9,3
"Rhincodon typus",-21.27438,113.56651,17790,2018,9,16
"Rhincodon typus",-21.67726,113.80535,17786,2018,9,12
"Rhincodon typus",-20.20741,115.10783,17779,2018,9,5
"Rhincodon typus",-21.04612,113.03903,17792,2018,9,18
"Rhincodon typus",-19.68322,115.82973,17781,2018,9,7
"Rhincodon typus",-21.73151,113.79736,17787,2018,9,13
"Rhincodon typus",-20.15425,113.87854,17776,2018,9,2
"Rhincodon typus",-21.82871,113.90955,17778,2018,9,4
"Rhincodon typus",-21.68142,113.80577,17786,2018,9,12
"Rhincodon typus",-22.29568,113.68186,17799,2018,9,25
"Rhincodon typus",-21.74895,113.58935,17801,2018,9,27
"Rhincodon typus",-21.6364,113.63214,17801,2018,9,27
"Rhincodon typus",-22.01035,113.40988,17788,2018,9,14
"Rhincodon typus",-22.1625,113.61844,17799,2018,9,25
"Rhincodon typus",-20.20455,115.10795,17779,2018,9,5
"Rhincodon typus",-19.30924,115.44114,17791,2018,9,17
"Rhincodon typus",-20.26539,115.1903,17780,2018,9,6
"Rhincodon typus",-21.6424,113.81614,17786,2018,9,12
"Rhincodon typus",-21.15356,114.10911,17795,2018,9,21
"Rhincodon typus",-21.24483,113.2289,17791,2018,9,17
"Rhincodon typus",-21.08597,113.17705,17791,2018,9,17
"Rhincodon typus",-21.75207,113.80204,17802,2018,9,28
"Rhincodon typus",-22.02363,113.3458,17788,2018,9,14
"Rhincodon typus",-19.81306,115.65883,17798,2018,9,24
"Rhincodon typus",-22.6,113.6,17780,2018,9,6
"Rhincodon typus",-25.7,113,17788,2018,9,14
"Rhincodon typus",-21.69614,113.55334,17802,2018,9,28
"Rhincodon typus",-21.90333,113.81388,17788,2018,9,14
"Rhincodon typus",-21.05264,113.0568,17792,2018,9,18
"Rhincodon typus",-21.66335,113.56984,17801,2018,9,27
"Rhincodon typus",-22.01046,113.40646,17788,2018,9,14
"Rhincodon typus",-21.75244,113.80357,17802,2018,9,28
"Rhincodon typus",-20.02087,113.94896,17775,2018,9,1
"Rhincodon typus",-21.74452,113.59247,17801,2018,9,27
"Rhincodon typus",-21.52765,113.80747,17786,2018,9,12
"Rhincodon typus",-21.52554,113.81575,17786,2018,9,12
"Rhincodon typus",-18.42749,116.15181,17785,2018,9,11
"Rhincodon typus",-21.68308,113.53968,17800,2018,9,26
"Rhincodon typus",-21.64802,113.8158,17786,2018,9,12
"Rhincodon typus",-21.87588,113.54203,17800,2018,9,26
"Rhincodon typus",-18.85048,115.78208,17784,2018,9,10
"Rhincodon typus",-21.08242,113.18098,17791,2018,9,17
"Rhincodon typus",-18.30137,116.23323,17784,2018,9,10
"Rhincodon typus",-21.64306,113.81748,17786,2018,9,12
"Rhincodon typus",-21.83183,113.53366,17800,2018,9,26
"Rhincodon typus",-21.68175,113.8049,17786,2018,9,12
"Rhincodon typus",-21.5447,113.70636,17776,2018,9,2
"Rhincodon typus",-21.65377,113.64669,17801,2018,9,27
"Rhincodon typus",-21.82511,113.57598,17800,2018,9,26
"Rhincodon typus",-21.66219,113.59577,17801,2018,9,27
"Rhincodon typus",-9.5,121.5,17776,2018,9,2
"Rhincodon typus",-11.5,118.5,17776,2018,9,2
"Rhincodon typus",-13.5,121.5,17785,2018,9,11
"Rhincodon typus",-14.5,120.5,17792,2018,9,18
"Rhincodon typus",-13.5,123.5,17802,2018,9,28
"Rhincodon typus",-13.5,98.5,17802,2018,9,28
"Rhincodon typus",-12.5,99.5,17779,2018,9,5
"Rhincodon typus",-13.5,100.5,17776,2018,9,2
"Rhincodon typus",-14.5,99.5,17799,2018,9,25
"Rhincodon typus",-13.5,99.5,17802,2018,9,28
"Rhincodon typus",-8.37623,117.75521,17819,2018,10,15
"Rhincodon typus",-3.26277,135.0286,17817,2018,10,13
"Rhincodon typus",-3.23618,134.99878,17827,2018,10,23
"Rhincodon typus",-20.4,115.7,17833,2018,10,29
"Rhincodon typus",-26.25727,112.38814,17835,2018,10,31
"Rhincodon typus",-20.32763,115.35518,17833,2018,10,29
"Rhincodon typus",-21.9,113.9,17812,2018,10,8
"Rhincodon typus",-26.1,113.1,17823,2018,10,19
"Rhincodon typus",-20.4348,115.36256,17831,2018,10,27
"Rhincodon typus",-25.8,112.9,17827,2018,10,23
"Rhincodon typus",-25.5,112.9,17811,2018,10,7
"Rhincodon typus",-25.5,113,17811,2018,10,7
"Rhincodon typus",-25.6,112.9,17826,2018,10,22
"Rhincodon typus",-26,113.1,17822,2018,10,18
"Rhincodon typus",-26.3,113.3,17826,2018,10,22
"Rhincodon typus",-20.30223,115.39602,17831,2018,10,27
"Rhincodon typus",-25.6,113,17824,2018,10,20
"Rhincodon typus",-26.1,113.1,17819,2018,10,15
"Rhincodon typus",-20.4,115.7,17831,2018,10,27
"Rhincodon typus",-25.6,113,17810,2018,10,6
"Rhincodon typus",-25.96524,112.81357,17822,2018,10,18
"Rhincodon typus",-25.6,112.9,17814,2018,10,10
"Rhincodon typus",-25.9,113.1,17822,2018,10,18
"Rhincodon typus",-20.31705,115.62605,17830,2018,10,26
"Rhincodon typus",-20.35889,115.43633,17833,2018,10,29
"Rhincodon typus",-25.98411,112.79842,17822,2018,10,18
"Rhincodon typus",-25.8,113,17815,2018,10,11
"Rhincodon typus",-20.33855,115.37481,17831,2018,10,27
"Rhincodon typus",-25.8,113,17818,2018,10,14
"Rhincodon typus",-20.5,115.8,17829,2018,10,25
"Rhincodon typus",-20.71301,114.83905,17805,2018,10,1
"Rhincodon typus",-25.6,112.9,17812,2018,10,8
"Rhincodon typus",-26,113.1,17825,2018,10,21
"Rhincodon typus",-26.2,113.2,17827,2018,10,23
"Rhincodon typus",-20.25473,115.39383,17834,2018,10,30
"Rhincodon typus",-26.2554,112.38958,17835,2018,10,31
"Rhincodon typus",-25.7,112.9,17816,2018,10,12
"Rhincodon typus",-25.6,112.9,17825,2018,10,21
"Rhincodon typus",-22.3,113.8,17812,2018,10,8
"Rhincodon typus",-25.5,113,17813,2018,10,9
"Rhincodon typus",-26.2,113.2,17819,2018,10,15
"Rhincodon typus",-19.93372,115.78216,17817,2018,10,13
"Rhincodon typus",-25.5,112.9,17813,2018,10,9
"Rhincodon typus",-26.1,113.1,17833,2018,10,29
"Rhincodon typus",-25.6,112.8,17814,2018,10,10
"Rhincodon typus",-25.69665,112.88123,17812,2018,10,8
"Rhincodon typus",-20.34572,115.38425,17832,2018,10,28
"Rhincodon typus",-25.6,112.9,17823,2018,10,19
"Rhincodon typus",-20.5,115.7,17824,2018,10,20
"Rhincodon typus",-20.33178,115.37074,17833,2018,10,29
"Rhincodon typus",-26.1,113.2,17818,2018,10,14
"Rhincodon typus",-25.7,112.9,17815,2018,10,11
"Rhincodon typus",-25.7,112.9,17820,2018,10,16
"Rhincodon typus",-26.1,113.2,17823,2018,10,19
"Rhincodon typus",-20.3,115.6,17834,2018,10,30
"Rhincodon typus",-21.9,114,17814,2018,10,10
"Rhincodon typus",-26.1,113.2,17819,2018,10,15
"Rhincodon typus",-20.02907,115.95488,17810,2018,10,6
"Rhincodon typus",-25.7,113,17813,2018,10,9
"Rhincodon typus",-25.7,113,17812,2018,10,8
"Rhincodon typus",-20.34883,115.39882,17830,2018,10,26
"Rhincodon typus",-25.8,112.9,17815,2018,10,11
"Rhincodon typus",-25.5,112.9,17812,2018,10,8
"Rhincodon typus",-26.2499,112.40561,17835,2018,10,31
"Rhincodon typus",-20.27665,115.66304,17831,2018,10,27
"Rhincodon typus",-20.4,115.7,17832,2018,10,28
"Rhincodon typus",-20.35954,115.38512,17830,2018,10,26
"Rhincodon typus",-20.36071,115.42994,17833,2018,10,29
"Rhincodon typus",-25.82955,112.76135,17821,2018,10,17
"Rhincodon typus",-20.21324,115.40615,17834,2018,10,30
"Rhincodon typus",-26,113.2,17818,2018,10,14
"Rhincodon typus",-20.03152,115.95731,17810,2018,10,6
"Rhincodon typus",-26.1,113.1,17818,2018,10,14
"Rhincodon typus",-20.29903,115.39692,17831,2018,10,27
"Rhincodon typus",-25.5,113,17814,2018,10,10
"Rhincodon typus",-25.7,113,17816,2018,10,12
"Rhincodon typus",-8.5,101.5,17812,2018,10,8
"Rhincodon typus",-12.5,117.5,17829,2018,10,25
"Rhincodon typus",-12.5,118.5,17827,2018,10,23
"Rhincodon typus",-12.5,116.5,17833,2018,10,29
"Rhincodon typus",-8.5,99.5,17812,2018,10,8
"Rhincodon typus",-11.5,98.5,17808,2018,10,4
"Rhincodon typus",-8.5,100.5,17813,2018,10,9
"Rhincodon typus",-12.5,97.5,17806,2018,10,2
"Rhincodon typus",-12.5,98.5,17805,2018,10,1
"Rhincodon typus",-11.5,100.5,17814,2018,10,10
"Rhincodon typus",-11.5,99.5,17814,2018,10,10
"Rhincodon typus",9.51637,123.48965,17838,2018,11,3
"Rhincodon typus",9.48811,123.56224,17838,2018,11,3
"Rhincodon typus",9.4751,123.52678,17838,2018,11,3
"Rhincodon typus",-24.4,113.4,17860,2018,11,25
"Rhincodon typus",-21.34502,111.57574,17858,2018,11,23
"Rhincodon typus",-26.39089,112.16728,17841,2018,11,6
"Rhincodon typus",-20.18544,115.40458,17846,2018,11,11
"Rhincodon typus",-20.10138,115.4192,17846,2018,11,11
"Rhincodon typus",-24.5,113.4,17858,2018,11,23
"Rhincodon typus",-24.5,113.4,17861,2018,11,26
"Rhincodon typus",-20.39992,115.34997,17837,2018,11,2
"Rhincodon typus",-26.3,113.2,17842,2018,11,7
"Rhincodon typus",-26.96182,113.16637,17841,2018,11,6
"Rhincodon typus",-25,113.1,17839,2018,11,4
"Rhincodon typus",-24.4,113.5,17861,2018,11,26
"Rhincodon typus",-24.06416,113.35697,17864,2018,11,29
"Rhincodon typus",-24.4,113.4,17863,2018,11,28
"Rhincodon typus",-26.93995,113.56949,17841,2018,11,6
"Rhincodon typus",-21.34504,111.57573,17858,2018,11,23
"Rhincodon typus",-26.39337,112.16833,17841,2018,11,6
"Rhincodon typus",-24.5,113.4,17859,2018,11,24
"Rhincodon typus",-26.43811,110.71669,17865,2018,11,30
"Rhincodon typus",-26.96572,113.56142,17841,2018,11,6
"Rhincodon typus",-20.36886,115.31555,17845,2018,11,10
"Rhincodon typus",-25.28741,112.49276,17856,2018,11,21
"Rhincodon typus",-26.94608,113.57022,17841,2018,11,6
"Rhincodon typus",-25,113.1,17840,2018,11,5
"Rhincodon typus",-26.95217,113.55908,17841,2018,11,6
"Rhincodon typus",-20.36066,115.31632,17837,2018,11,2
"Rhincodon typus",-24.4,113.3,17860,2018,11,25
"Rhincodon typus",8.82714,97.7948,17868,2018,12,3
"Rhincodon typus",-8.53392,117.79235,17877,2018,12,12
"Rhincodon typus",-28.90694,112.64316,17867,2018,12,2
"Rhincodon typus",-26.6,113.6,17892,2018,12,27
"Rhincodon typus",-28.91084,112.65498,17867,2018,12,2
"Rhincodon typus",-13.5,101.5,17769,2018,8,26
"Rhincodon typus",-31.5,113.5,17549,2018,1,18
"Rhincodon typus",-31.5,114.5,17553,2018,1,22
"Rhincodon typus",-5.5,132.5,17777,2018,9,3
"Rhincodon typus",-12.5,100.5,17779,2018,9,5
"Rhincodon typus",-12.5,101.5,17781,2018,9,7
"Rhincodon typus",-8.5,109.5,17754,2018,8,11
"Rhincodon typus",-8.5,108.5,17743,2018,7,31
"Rhincodon typus",-8.5,110.5,17760,2018,8,17
"Rhincodon typus",-14.5,100.5,17774,2018,8,31
"Rhincodon typus",-7.5,109.5,17752,2018,8,9
"Rhincodon typus",9.50363,123.416,17191,2017,1,25
"Rhincodon typus",9.43192,123.34077,17194,2017,1,28
"Rhincodon typus",-2.29517,130.74376,17167,2017,1,1
"Rhincodon typus",-23,113.76,17192,2017,1,26
"Rhincodon typus",-21.88,113.91,17184,2017,1,18
"Rhincodon typus",-22.6,113.62,17191,2017,1,25
"Rhincodon typus",-22.6,113.61,17191,2017,1,25
"Rhincodon typus",-21.89,113.92,17184,2017,1,18
"Rhincodon typus",-23,113.76,17196,2017,1,30
"Rhincodon typus",-21.89,113.92,17183,2017,1,17
"Rhincodon typus",9.91091,123.45416,17167,2017,1,1
"Rhincodon typus",-26.5,112.5,17191,2017,1,25
"Rhincodon typus",9.61519,123.37302,17207,2017,2,10
"Rhincodon typus",-23,113.76,17219,2017,2,22
"Rhincodon typus",-21.9,113.93,17225,2017,2,28
"Rhincodon typus",-23.13,113.72,17202,2017,2,5
"Rhincodon typus",-23.13,113.71,17201,2017,2,4
"Rhincodon typus",-23,113.76,17220,2017,2,23
"Rhincodon typus",-23,113.76,17222,2017,2,25
"Rhincodon typus",-23.12,113.7,17201,2017,2,4
"Rhincodon typus",-23.13,113.73,17215,2017,2,18
"Rhincodon typus",-3.78547,133.90507,17203,2017,2,6
"Rhincodon typus",9.5701,123.41521,17217,2017,2,20
"Rhincodon typus",-30.20214,153.26696,17226,2017,3,1
"Rhincodon typus",9.55905,123.50603,17235,2017,3,10
"Rhincodon typus",-21.88,113.91,17235,2017,3,10
"Rhincodon typus",-22.59,113.61,17245,2017,3,20
"Rhincodon typus",-21.9,113.93,17230,2017,3,5
"Rhincodon typus",-21.88,113.91,17252,2017,3,27
"Rhincodon typus",-22.6,113.62,17237,2017,3,12
"Rhincodon typus",-22.6,113.61,17248,2017,3,23
"Rhincodon typus",-21.89,113.92,17230,2017,3,5
"Rhincodon typus",-21.88,113.91,17255,2017,3,30
"Rhincodon typus",-21.9,113.93,17243,2017,3,18
"Rhincodon typus",-21.88,113.91,17254,2017,3,29
"Rhincodon typus",-22.59,113.61,17248,2017,3,23
"Rhincodon typus",-21.9,113.93,17248,2017,3,23
"Rhincodon typus",-21.89,113.92,17247,2017,3,22
"Rhincodon typus",-22.6,113.61,17245,2017,3,20
"Rhincodon typus",-21.88,113.91,17249,2017,3,24
"Rhincodon typus",-23,113.76,17230,2017,3,5
"Rhincodon typus",-21.89,113.92,17251,2017,3,26
"Rhincodon typus",-22.6,113.61,17242,2017,3,17
"Rhincodon typus",-23,113.76,17229,2017,3,4
"Rhincodon typus",-21.89,113.92,17246,2017,3,21
"Rhincodon typus",-21.88,113.91,17251,2017,3,26
"Rhincodon typus",-22.6,113.62,17242,2017,3,17
"Rhincodon typus",-22.6,113.61,17236,2017,3,11
"Rhincodon typus",-21.89,113.92,17254,2017,3,29
"Rhincodon typus",-21.89,113.92,17235,2017,3,10
"Rhincodon typus",-22.59,113.61,17237,2017,3,12
"Rhincodon typus",-21.89,113.92,17240,2017,3,15
"Rhincodon typus",-22.59,113.61,17236,2017,3,11
"Rhincodon typus",-21.89,113.92,17239,2017,3,14
"Rhincodon typus",-21.88,113.91,17247,2017,3,22
"Rhincodon typus",-21.88,113.91,17250,2017,3,25
"Rhincodon typus",-21.9,113.93,17240,2017,3,15
"Rhincodon typus",-22.6,113.62,17254,2017,3,29
"Rhincodon typus",-22.6,113.61,17237,2017,3,12
"Rhincodon typus",-21.9,113.93,17236,2017,3,11
"Rhincodon typus",-27.5,153.5,17237,2017,3,12
"Rhincodon typus",12.96875,123.52603,17266,2017,4,10
"Rhincodon typus",-22.92769,113.73895,17263,2017,4,7
"Rhincodon typus",-21.9,113.93,17268,2017,4,12
"Rhincodon typus",-21.88,113.91,17257,2017,4,1
"Rhincodon typus",-22.59,113.61,17259,2017,4,3
"Rhincodon typus",-22.6,113.62,17261,2017,4,5
"Rhincodon typus",-21.89,113.92,17257,2017,4,1
"Rhincodon typus",-21.9,113.93,17260,2017,4,4
"Rhincodon typus",-21.89,113.92,17260,2017,4,4
"Rhincodon typus",-22.6,113.61,17257,2017,4,1
"Rhincodon typus",-3.20142,134.90125,17273,2017,4,17
"Rhincodon typus",-3.2,134.9,17272,2017,4,16
"Rhincodon typus",-3.1,134.91,17279,2017,4,23
"Rhincodon typus",-21.86473,113.91187,17278,2017,4,22
"Rhincodon typus",8.96983,120.11706,17282,2017,4,26
"Rhincodon typus",-21.87907,113.96756,17290,2017,5,4
"Rhincodon typus",9.94472,99.9908,17292,2017,5,6
"Rhincodon typus",10.0582,99.8113,17294,2017,5,8
"Rhincodon typus",9.07441,120.55701,17314,2017,5,28
"Rhincodon typus",8.94672,120.68915,17316,2017,5,30
"Rhincodon typus",-21.89,113.92,17312,2017,5,26
"Rhincodon typus",-21.88,113.91,17296,2017,5,10
"Rhincodon typus",-22.6,113.62,17295,2017,5,9
"Rhincodon typus",-22.6,113.61,17292,2017,5,6
"Rhincodon typus",-22.6,113.62,17298,2017,5,12
"Rhincodon typus",-22.6,113.61,17295,2017,5,9
"Rhincodon typus",-21.9,113.93,17299,2017,5,13
"Rhincodon typus",-21.89,113.92,17288,2017,5,2
"Rhincodon typus",-21.89,113.92,17299,2017,5,13
"Rhincodon typus",-21.88,113.91,17288,2017,5,2
"Rhincodon typus",-21.8941,113.84416,17289,2017,5,3
"Rhincodon typus",9.52962,123.54984,17303,2017,5,17
"Rhincodon typus",4.81532,103.677,17321,2017,6,4
"Rhincodon typus",-22.11283,113.66774,17341,2017,6,24
"Rhincodon typus",-22.06119,113.69348,17341,2017,6,24
"Rhincodon typus",-22.12343,113.64196,17341,2017,6,24
"Rhincodon typus",-8.33276,117.56901,17347,2017,6,30
"Rhincodon typus",-21.88,113.91,17332,2017,6,15
"Rhincodon typus",-21.9,113.93,17336,2017,6,19
"Rhincodon typus",-21.9,113.93,17338,2017,6,21
"Rhincodon typus",-21.9,113.93,17318,2017,6,1
"Rhincodon typus",-21.9,113.93,17321,2017,6,4
"Rhincodon typus",10.31455,123.88734,17336,2017,6,19
"Rhincodon typus",-21.72011,113.96342,17368,2017,7,21
"Rhincodon typus",-21.7188,113.87781,17368,2017,7,21
"Rhincodon typus",2.12218,118.34545,17363,2017,7,16
"Rhincodon typus",8.0788,113.08512,17363,2017,7,16
"Rhincodon typus",-21.94,114.13,17366,2017,7,19
"Rhincodon typus",-21.94,114.13,17368,2017,7,21
"Rhincodon typus",-21.94,114.13,17365,2017,7,18
"Rhincodon typus",-21.88,113.91,17376,2017,7,29
"Rhincodon typus",-21.9,113.93,17367,2017,7,20
"Rhincodon typus",-21.89,113.92,17367,2017,7,20
"Rhincodon typus",-21.88,113.91,17375,2017,7,28
"Rhincodon typus",-21.9,113.93,17370,2017,7,23
"Rhincodon typus",-21.89,113.92,17374,2017,7,27
"Rhincodon typus",-21.88,113.91,17367,2017,7,20
"Rhincodon typus",-21.88,113.91,17370,2017,7,23
"Rhincodon typus",-21.88,113.91,17377,2017,7,30
"Rhincodon typus",-22.6,113.61,17363,2017,7,16
"Rhincodon typus",-21.89,113.92,17370,2017,7,23
"Rhincodon typus",-21.88,113.91,17374,2017,7,27
"Rhincodon typus",-21.89,113.92,17368,2017,7,21
"Rhincodon typus",-21.88,113.91,17368,2017,7,21
"Rhincodon typus",-21.89,113.92,17375,2017,7,28
"Rhincodon typus",-21.94,114.13,17361,2017,7,14
"Rhincodon typus",-21.94,114.13,17359,2017,7,12
"Rhincodon typus",-24.94,114.13,17366,2017,7,19
"Rhincodon typus",-21.94,114.13,17356,2017,7,9
"Rhincodon typus",-21.9,113.93,17369,2017,7,22
"Rhincodon typus",-21.88,113.91,17378,2017,7,31
"Rhincodon typus",-21.89,113.92,17378,2017,7,31
"Rhincodon typus",-22.6,113.62,17363,2017,7,16
"Rhincodon typus",-21.9,113.93,17372,2017,7,25
"Rhincodon typus",-21.9,113.93,17368,2017,7,21
"Rhincodon typus",-21.9,113.93,17376,2017,7,29
"Rhincodon typus",-21.88,113.91,17366,2017,7,19
"Rhincodon typus",9.79692,118.95792,17371,2017,7,24
"Rhincodon typus",9.8066,118.8751,17372,2017,7,25
"Rhincodon typus",9.9275,119.1306,17368,2017,7,21
"Rhincodon typus",9.7777,118.8834,17366,2017,7,19
"Rhincodon typus",9.7977,118.9068,17369,2017,7,22
"Rhincodon typus",-3.2246,134.91153,17376,2017,7,29
"Rhincodon typus",-3.1805,134.94417,17375,2017,7,28
"Rhincodon typus",-3.20803,134.94795,17376,2017,7,29
"Rhincodon typus",-14.5,119.5,17371,2017,7,24
"Rhincodon typus",-22,113.8,17375,2017,7,28
"Rhincodon typus",-21.23209,110.61247,17378,2017,7,31
"Rhincodon typus",-22.1,113.8,17375,2017,7,28
"Rhincodon typus",-21.77507,113.90875,17371,2017,7,24
"Rhincodon typus",-21.55348,114.32766,17364,2017,7,17
"Rhincodon typus",-21.60591,114.3167,17370,2017,7,23
"Rhincodon typus",-22,113.9,17373,2017,7,26
"Rhincodon typus",-21.58498,113.51319,17370,2017,7,23
"Rhincodon typus",-21.55442,113.54339,17372,2017,7,25
"Rhincodon typus",-21.5247,114.22022,17361,2017,7,14
"Rhincodon typus",-21.80092,113.80149,17369,2017,7,22
"Rhincodon typus",-21.73003,113.64466,17368,2017,7,21
"Rhincodon typus",-21.78196,113.99194,17370,2017,7,23
"Rhincodon typus",-21.83545,113.83601,17372,2017,7,25
"Rhincodon typus",-21.8,114.1,17369,2017,7,22
"Rhincodon typus",-21.10864,110.38861,17378,2017,7,31
"Rhincodon typus",-22.7,113.6,17365,2017,7,18
"Rhincodon typus",-21.9,114,17369,2017,7,22
"Rhincodon typus",-21.8104,113.82173,17368,2017,7,21
"Rhincodon typus",-21.72063,113.89832,17373,2017,7,26
"Rhincodon typus",-22,113.9,17375,2017,7,28
"Rhincodon typus",-21.9,113.9,17368,2017,7,21
"Rhincodon typus",-21.9,113.9,17376,2017,7,29
"Rhincodon typus",-21.73535,114.09457,17370,2017,7,23
"Rhincodon typus",-21.9,114,17372,2017,7,25
"Rhincodon typus",-21.8,114,17369,2017,7,22
"Rhincodon typus",-23.08175,113.1071,17370,2017,7,23
"Rhincodon typus",-21.80669,113.80837,17372,2017,7,25
"Rhincodon typus",-21.2001,114.28773,17374,2017,7,27
"Rhincodon typus",-22.11134,113.81452,17375,2017,7,28
"Rhincodon typus",-21.9,114,17373,2017,7,26
"Rhincodon typus",-22.4,113.7,17362,2017,7,15
"Rhincodon typus",-20.83961,114.33322,17375,2017,7,28
"Rhincodon typus",-21.82502,113.81842,17372,2017,7,25
"Rhincodon typus",-21.56899,114.25272,17366,2017,7,19
"Rhincodon typus",-21.9,114,17368,2017,7,21
"Rhincodon typus",-20.59804,114.4453,17376,2017,7,29
"Rhincodon typus",-21.5285,113.72647,17374,2017,7,27
"Rhincodon typus",-21.8,114,17367,2017,7,20
"Rhincodon typus",-21.56343,114.27102,17359,2017,7,12
"Rhincodon typus",-21.8,114.1,17366,2017,7,19
"Rhincodon typus",-21.9,113.9,17367,2017,7,20
"Rhincodon typus",-21.08859,114.74441,17373,2017,7,26
"Rhincodon typus",-21.80068,113.98639,17370,2017,7,23
"Rhincodon typus",-21.9,113.9,17370,2017,7,23
"Rhincodon typus",-21.79664,113.95442,17376,2017,7,29
"Rhincodon typus",-21.54526,114.25579,17361,2017,7,14
"Rhincodon typus",-21.59754,114.28546,17370,2017,7,23
"Rhincodon typus",-21.71844,114.02827,17365,2017,7,18
"Rhincodon typus",-21.59977,113.7437,17375,2017,7,28
"Rhincodon typus",-21.83442,113.89555,17374,2017,7,27
"Rhincodon typus",-20.00841,115.15452,17377,2017,7,30
"Rhincodon typus",-21.80682,113.94742,17370,2017,7,23
"Rhincodon typus",-21.71537,113.88482,17373,2017,7,26
"Rhincodon typus",-21.79719,114.00465,17369,2017,7,22
"Rhincodon typus",-21.81758,113.91505,17369,2017,7,22
"Rhincodon typus",-21.8154,113.82752,17372,2017,7,25
"Rhincodon typus",-21.42642,110.83467,17378,2017,7,31
"Rhincodon typus",-21.83552,113.83616,17372,2017,7,25
"Rhincodon typus",-21.9,113.9,17369,2017,7,22
"Rhincodon typus",-21.32667,113.95538,17374,2017,7,27
"Rhincodon typus",-21.71323,111.1116,17377,2017,7,30
"Rhincodon typus",-21.55941,114.26967,17373,2017,7,26
"Rhincodon typus",-20.5276,114.41664,17376,2017,7,29
"Rhincodon typus",-21.95354,113.82586,17375,2017,7,28
"Rhincodon typus",-21.60396,114.1731,17361,2017,7,14
"Rhincodon typus",-21.9,114,17370,2017,7,23
"Rhincodon typus",-21.79144,113.7983,17366,2017,7,19
"Rhincodon typus",-21.52123,113.94451,17367,2017,7,20
"Rhincodon typus",-21.9,114,17367,2017,7,20
"Rhincodon typus",-21.23214,110.61244,17378,2017,7,31
"Rhincodon typus",-21.27243,110.72784,17378,2017,7,31
"Rhincodon typus",-21.6668,113.96277,17371,2017,7,24
"Rhincodon typus",-21.8,114,17368,2017,7,21
"Rhincodon typus",-21.56464,113.72057,17375,2017,7,28
"Rhincodon typus",-21.8,114,17365,2017,7,18
"Rhincodon typus",-21.49368,113.58434,17373,2017,7,26
"Rhincodon typus",-20.7215,114.3522,17375,2017,7,28
"Rhincodon typus",-21.9,113.9,17378,2017,7,31
"Rhincodon typus",-21.84845,113.91032,17371,2017,7,24
"Rhincodon typus",-21.7805,113.80786,17369,2017,7,22
"Rhincodon typus",-22.3,113.7,17362,2017,7,15
"Rhincodon typus",-21.95821,113.77492,17376,2017,7,29
"Rhincodon typus",-21.9,114,17366,2017,7,19
"Rhincodon typus",-21.82515,113.92645,17372,2017,7,25
"Rhincodon typus",-23.08044,113.10614,17370,2017,7,23
"Rhincodon typus",-21.61199,114.2987,17369,2017,7,22
"Rhincodon typus",-21.80449,113.9046,17371,2017,7,24
"Rhincodon typus",-21.81318,113.92376,17367,2017,7,20
"Rhincodon typus",-22.2,113.8,17361,2017,7,14
"Rhincodon typus",-21.82229,113.82154,17372,2017,7,25
"Rhincodon typus",-21.67696,114.09211,17365,2017,7,18
"Rhincodon typus",-22.05959,113.81279,17375,2017,7,28
"Rhincodon typus",-21.57971,114.32197,17371,2017,7,24
"Rhincodon typus",-21.49677,114.12946,17362,2017,7,15
"Rhincodon typus",-21.9,113.9,17375,2017,7,28
"Rhincodon typus",-21.95341,113.85477,17373,2017,7,26
"Rhincodon typus",-20.84437,114.32603,17375,2017,7,28
"Rhincodon typus",-21.9,113.9,17359,2017,7,12
"Rhincodon typus",-21.88553,113.83877,17373,2017,7,26
"Rhincodon typus",-21.39803,110.81306,17378,2017,7,31
"Rhincodon typus",-21.57045,114.19949,17360,2017,7,13
"Rhincodon typus",-21.55179,114.36918,17364,2017,7,17
"Rhincodon typus",-21.574,114.35119,17364,2017,7,17
"Rhincodon typus",-23.59645,112.81317,17371,2017,7,24
"Rhincodon typus",-20.64022,114.38277,17375,2017,7,28
"Rhincodon typus",-21.94201,113.83918,17373,2017,7,26
"Rhincodon typus",-21.21682,110.57764,17378,2017,7,31
"Rhincodon typus",-21.83171,113.84858,17372,2017,7,25
"Rhincodon typus",-21.8,114,17370,2017,7,23
"Rhincodon typus",-21.62051,114.30967,17369,2017,7,22
"Rhincodon typus",-21.49961,114.29385,17361,2017,7,14
"Rhincodon typus",-21.6,114.3,17370,2017,7,23
"Rhincodon typus",-23.71771,111.64675,17373,2017,7,26
"Rhincodon typus",-21.72655,114.0444,17365,2017,7,18
"Rhincodon typus",-22,113.9,17356,2017,7,9
"Rhincodon typus",-21.97353,113.84379,17375,2017,7,28
"Rhincodon typus",-21.9,114,17375,2017,7,28
"Rhincodon typus",-21.62509,114.21015,17364,2017,7,17
"Rhincodon typus",-21.82751,113.8364,17372,2017,7,25
"Rhincodon typus",-20.6418,114.37916,17375,2017,7,28
"Rhincodon typus",-20.16012,115.23071,17376,2017,7,29
"Rhincodon typus",-21.81632,113.9356,17371,2017,7,24
"Rhincodon typus",-21.59041,113.51405,17370,2017,7,23
"Rhincodon typus",-21.83532,113.92185,17370,2017,7,23
"Rhincodon typus",-21.92673,113.82508,17373,2017,7,26
"Rhincodon typus",-21.96646,113.83989,17375,2017,7,28
"Rhincodon typus",-21.94002,111.1588,17376,2017,7,29
"Rhincodon typus",-21.78164,113.88929,17371,2017,7,24
"Rhincodon typus",-21.6213,114.21654,17362,2017,7,15
"Rhincodon typus",-21.8,114,17366,2017,7,19
"Rhincodon typus",-21.58706,113.50364,17370,2017,7,23
"Rhincodon typus",-21.84271,113.9041,17371,2017,7,24
"Rhincodon typus",-21.79835,113.96945,17370,2017,7,23
"Rhincodon typus",-21.56322,114.3134,17371,2017,7,24
"Rhincodon typus",-21.83144,113.92391,17376,2017,7,29
"Rhincodon typus",-21.78119,113.88445,17371,2017,7,24
"Rhincodon typus",-21.75283,113.67398,17372,2017,7,25
"Rhincodon typus",-21.82065,113.83651,17372,2017,7,25
"Rhincodon typus",-21.57097,114.27151,17372,2017,7,25
"Rhincodon typus",-21.94469,113.84383,17373,2017,7,26
"Rhincodon typus",-21.82551,113.73655,17369,2017,7,22
"Rhincodon typus",-21.60122,114.09072,17363,2017,7,16
"Rhincodon typus",-22.5,113.7,17363,2017,7,16
"Rhincodon typus",-21.7187,114.03881,17365,2017,7,18
"Rhincodon typus",-21.72533,114.03825,17365,2017,7,18
"Rhincodon typus",-21.74568,114.03685,17365,2017,7,18
"Rhincodon typus",-21.92849,113.82591,17373,2017,7,26
"Rhincodon typus",-21.5888,111.1155,17378,2017,7,31
"Rhincodon typus",-21.5194,113.9532,17367,2017,7,20
"Rhincodon typus",-21.56549,114.26889,17373,2017,7,26
"Rhincodon typus",-21.9,113.9,17371,2017,7,24
"Rhincodon typus",-21.73717,113.98265,17365,2017,7,18
"Rhincodon typus",-22.02278,113.8348,17375,2017,7,28
"Rhincodon typus",-21.78889,113.91629,17371,2017,7,24
"Rhincodon typus",-21.71682,114.04498,17365,2017,7,18
"Rhincodon typus",-21.57135,114.21045,17360,2017,7,13
"Rhincodon typus",-21.80432,113.91205,17371,2017,7,24
"Rhincodon typus",-21.81598,113.84338,17372,2017,7,25
"Rhincodon typus",-21.6,114.3,17364,2017,7,17
"Rhincodon typus",-21.77535,113.90319,17371,2017,7,24
"Rhincodon typus",-21.61344,114.29752,17369,2017,7,22
"Rhincodon typus",-21.76852,111.18412,17377,2017,7,30
"Rhincodon typus",-21.9,113.9,17374,2017,7,27
"Rhincodon typus",-20.7203,114.37764,17375,2017,7,28
"Rhincodon typus",-21.8,114,17373,2017,7,26
"Rhincodon typus",-21.93427,113.85038,17373,2017,7,26
"Rhincodon typus",-21.9,113.9,17373,2017,7,26
"Rhincodon typus",-21.6,114.3,17363,2017,7,16
"Rhincodon typus",-21.56008,114.26802,17359,2017,7,12
"Rhincodon typus",-22.05423,113.81872,17375,2017,7,28
"Rhincodon typus",-22,113.9,17374,2017,7,27
"Rhincodon typus",-21.58107,114.3051,17371,2017,7,24
"Rhincodon typus",-20.596,114.42343,17376,2017,7,29
"Rhincodon typus",-21.83315,113.82268,17372,2017,7,25
"Rhincodon typus",-20.58689,115.29854,17378,2017,7,31
"Rhincodon typus",-21.82961,113.83486,17372,2017,7,25
"Rhincodon typus",-21.93355,113.83174,17373,2017,7,26
"Rhincodon typus",-21.8,114.1,17377,2017,7,30
"Rhincodon typus",-22.7,113.6,17366,2017,7,19
"Rhincodon typus",-20.16272,115.23316,17375,2017,7,28
"Rhincodon typus",-21.81318,113.83041,17372,2017,7,25
"Rhincodon typus",-21.57133,114.24828,17366,2017,7,19
"Rhincodon typus",-21.43405,114.54752,17368,2017,7,21
"Rhincodon typus",-21.43395,114.54765,17368,2017,7,21
"Rhincodon typus",-21.43995,110.83828,17378,2017,7,31
"Rhincodon typus",-20.16906,115.22763,17375,2017,7,28
"Rhincodon typus",-21.80904,113.96395,17370,2017,7,23
"Rhincodon typus",-21.54879,114.19547,17361,2017,7,14
"Rhincodon typus",-23.80175,112.25024,17372,2017,7,25
"Rhincodon typus",-22,113.9,17376,2017,7,29
"Rhincodon typus",-20.16925,115.22756,17375,2017,7,28
"Rhincodon typus",-21.96819,113.8447,17375,2017,7,28
"Rhincodon typus",-21.554,114.19221,17361,2017,7,14
"Rhincodon typus",-21.8,114,17378,2017,7,31
"Rhincodon typus",-21.58124,114.29383,17372,2017,7,25
"Rhincodon typus",-21.78664,113.8935,17371,2017,7,24
"Rhincodon typus",-21.9,113.9,17366,2017,7,19
"Rhincodon typus",-21.82987,113.73971,17369,2017,7,22
"Rhincodon typus",-21.55678,114.25469,17360,2017,7,13
"Rhincodon typus",-17.5,116.5,17377,2017,7,30
"Rhincodon typus",-21.9,113.93,17380,2017,8,2
"Rhincodon typus",-21.89,113.92,17380,2017,8,2
"Rhincodon typus",-21.88,113.91,17379,2017,8,1
"Rhincodon typus",-21.89,113.92,17409,2017,8,31
"Rhincodon typus",-21.89,113.92,17379,2017,8,1
"Rhincodon typus",-21.89,113.92,17385,2017,8,7
"Rhincodon typus",-3.20803,134.94795,17381,2017,8,3
"Rhincodon typus",-22.76947,111.75017,17400,2017,8,22
"Rhincodon typus",-22.53179,111.07628,17398,2017,8,20
"Rhincodon typus",-19.75216,115.64515,17400,2017,8,22
"Rhincodon typus",-20.22852,115.68914,17391,2017,8,13
"Rhincodon typus",-19.6793,115.64889,17400,2017,8,22
"Rhincodon typus",-22.21685,110.99281,17397,2017,8,19
"Rhincodon typus",-19.52856,115.31613,17382,2017,8,4
"Rhincodon typus",-19.72451,115.69242,17409,2017,8,31
"Rhincodon typus",-22.79728,110.07721,17387,2017,8,9
"Rhincodon typus",-19.67029,115.66431,17399,2017,8,21
"Rhincodon typus",-22.76626,110.17638,17385,2017,8,7
"Rhincodon typus",-20.97189,114.58556,17403,2017,8,25
"Rhincodon typus",-21.349,114.65247,17384,2017,8,6
"Rhincodon typus",-22.5,113.7,17404,2017,8,26
"Rhincodon typus",-22.1,113.8,17382,2017,8,4
"Rhincodon typus",-19.67293,115.72655,17387,2017,8,9
"Rhincodon typus",-21.00119,114.31923,17387,2017,8,9
"Rhincodon typus",-20.02444,115.36405,17391,2017,8,13
"Rhincodon typus",-17.7012,114.99748,17390,2017,8,12
"Rhincodon typus",-20.99636,114.636,17407,2017,8,29
"Rhincodon typus",-19.24325,116.16708,17395,2017,8,17
"Rhincodon typus",-21.93934,113.84453,17379,2017,8,1
"Rhincodon typus",-22.6,113.6,17403,2017,8,25
"Rhincodon typus",-22.83677,110.09808,17386,2017,8,8
"Rhincodon typus",-20.28957,114.81228,17393,2017,8,15
"Rhincodon typus",-21.32001,114.31787,17387,2017,8,9
"Rhincodon typus",-20.11592,115.46411,17394,2017,8,16
"Rhincodon typus",-19.67006,115.65017,17404,2017,8,26
"Rhincodon typus",-19.98081,109.73402,17406,2017,8,28
"Rhincodon typus",-19.74483,115.68228,17400,2017,8,22
"Rhincodon typus",-19.71291,115.58106,17400,2017,8,22
"Rhincodon typus",-22.79374,110.07736,17387,2017,8,9
"Rhincodon typus",-20.77591,114.88525,17394,2017,8,16
"Rhincodon typus",-19.92136,114.46604,17380,2017,8,2
"Rhincodon typus",-21.43968,114.5383,17392,2017,8,14
"Rhincodon typus",-22.6,113.6,17405,2017,8,27
"Rhincodon typus",-19.67481,115.67258,17409,2017,8,31
"Rhincodon typus",-19.71851,115.70884,17397,2017,8,19
"Rhincodon typus",-21.01238,109.87439,17379,2017,8,1
"Rhincodon typus",-19.76015,115.68752,17402,2017,8,24
"Rhincodon typus",-22.81306,110.09614,17387,2017,8,9
"Rhincodon typus",-19.75732,115.26103,17392,2017,8,14
"Rhincodon typus",-21.19708,110.07714,17380,2017,8,2
"Rhincodon typus",-22.6,113.6,17404,2017,8,26
"Rhincodon typus",-19.97896,115.3972,17388,2017,8,10
"Rhincodon typus",-20.36515,114.84594,17387,2017,8,9
"Rhincodon typus",-19.54226,115.28817,17382,2017,8,4
"Rhincodon typus",-19.73642,116.09626,17391,2017,8,13
"Rhincodon typus",-19.89904,114.40496,17380,2017,8,2
"Rhincodon typus",-20.24455,115.32508,17393,2017,8,15
"Rhincodon typus",-19.94372,115.64712,17389,2017,8,11
"Rhincodon typus",-21.19808,110.07765,17380,2017,8,2
"Rhincodon typus",-20.92007,114.53467,17403,2017,8,25
"Rhincodon typus",-19.37023,116.54779,17390,2017,8,12
"Rhincodon typus",-21.9,113.9,17380,2017,8,2
"Rhincodon typus",-19.98845,115.32012,17389,2017,8,11
"Rhincodon typus",-19.73013,116.13887,17396,2017,8,18
"Rhincodon typus",-20.12114,115.44525,17394,2017,8,16
"Rhincodon typus",-20.08428,115.2451,17390,2017,8,12
"Rhincodon typus",-21.03975,109.99323,17379,2017,8,1
"Rhincodon typus",-22.38128,111.96567,17402,2017,8,24
"Rhincodon typus",-18.76014,115.89696,17388,2017,8,10
"Rhincodon typus",-20.20543,115.68473,17391,2017,8,13
"Rhincodon typus",-19.8057,115.36545,17393,2017,8,15
"Rhincodon typus",-20.61665,114.75701,17393,2017,8,15
"Rhincodon typus",-19.30916,116.71723,17399,2017,8,21
"Rhincodon typus",-19.20985,116.42747,17394,2017,8,16
"Rhincodon typus",-19.70771,116.12986,17396,2017,8,18
"Rhincodon typus",-20.06929,115.37809,17390,2017,8,12
"Rhincodon typus",-20.06077,115.38544,17391,2017,8,13
"Rhincodon typus",-17.11924,116.62892,17395,2017,8,17
"Rhincodon typus",-19.9834,115.62049,17388,2017,8,10
"Rhincodon typus",-19.34071,116.19339,17395,2017,8,17
"Rhincodon typus",-22.7,113.6,17402,2017,8,24
"Rhincodon typus",-19.27631,115.74918,17405,2017,8,27
"Rhincodon typus",-22.80502,110.07383,17387,2017,8,9
"Rhincodon typus",-22.6,113.6,17402,2017,8,24
"Rhincodon typus",-19.41163,116.21974,17390,2017,8,12
"Rhincodon typus",-21.57155,114.27115,17409,2017,8,31
"Rhincodon typus",-20.95656,114.56956,17403,2017,8,25
"Rhincodon typus",-21.21664,114.62653,17390,2017,8,12
"Rhincodon typus",-20.36313,114.92267,17379,2017,8,1
"Rhincodon typus",-19.52302,109.50265,17407,2017,8,29
"Rhincodon typus",-20.03808,115.3618,17391,2017,8,13
"Rhincodon typus",-19.70578,115.64207,17383,2017,8,5
"Rhincodon typus",-20.15036,115.49047,17395,2017,8,17
"Rhincodon typus",-22.67774,113.56103,17401,2017,8,23
"Rhincodon typus",-21.60675,114.25385,17406,2017,8,28
"Rhincodon typus",-19.74855,115.679,17402,2017,8,24
"Rhincodon typus",-22.03444,111.82192,17403,2017,8,25
"Rhincodon typus",-21.53729,110.99999,17404,2017,8,26
"Rhincodon typus",-21.93707,113.84805,17379,2017,8,1
"Rhincodon typus",-20.04082,115.34405,17387,2017,8,9
"Rhincodon typus",-22.19365,113.73254,17383,2017,8,5
"Rhincodon typus",-22.6,113.6,17409,2017,8,31
"Rhincodon typus",-19.66853,115.67236,17399,2017,8,21
"Rhincodon typus",-21.9,114,17381,2017,8,3
"Rhincodon typus",-20.97484,114.59216,17403,2017,8,25
"Rhincodon typus",-19.89835,115.39461,17393,2017,8,15
"Rhincodon typus",-19.73765,115.67175,17401,2017,8,23
"Rhincodon typus",-21.58168,114.15282,17384,2017,8,6
"Rhincodon typus",-22.77384,110.25634,17385,2017,8,7
"Rhincodon typus",-22.21477,110.99012,17397,2017,8,19
"Rhincodon typus",-19.62935,115.2638,17397,2017,8,19
"Rhincodon typus",-22.74726,110.16892,17385,2017,8,7
"Rhincodon typus",-22.62432,110.24212,17385,2017,8,7
"Rhincodon typus",-20.08778,115.50123,17394,2017,8,16
"Rhincodon typus",-21.76841,111.45516,17403,2017,8,25
"Rhincodon typus",-19.84428,115.39663,17388,2017,8,10
"Rhincodon typus",-21.43973,114.5715,17392,2017,8,14
"Rhincodon typus",-19.88307,115.45773,17388,2017,8,10
"Rhincodon typus",-20.30657,115.30717,17380,2017,8,2
"Rhincodon typus",-19.90852,115.64084,17387,2017,8,9
"Rhincodon typus",-17.99799,113.79988,17389,2017,8,11
"Rhincodon typus",-19.70357,115.6162,17383,2017,8,5
"Rhincodon typus",-22.29778,110.26244,17384,2017,8,6
"Rhincodon typus",-21.82296,113.93316,17379,2017,8,1
"Rhincodon typus",-19.21763,116.29581,17394,2017,8,16
"Rhincodon typus",-20.1026,115.46177,17394,2017,8,16
"Rhincodon typus",-19.98074,115.27683,17388,2017,8,10
"Rhincodon typus",-19.97905,115.42063,17388,2017,8,10
"Rhincodon typus",-19.35736,116.35072,17390,2017,8,12
"Rhincodon typus",-21.78528,113.93819,17379,2017,8,1
"Rhincodon typus",-19.19081,116.39011,17394,2017,8,16
"Rhincodon typus",-19.0056,115.95448,17387,2017,8,9
"Rhincodon typus",-22.5646,112.08635,17402,2017,8,24
"Rhincodon typus",-20.01998,115.36353,17391,2017,8,13
"Rhincodon typus",-19.7795,115.3755,17396,2017,8,18
"Rhincodon typus",-20.03931,115.45854,17391,2017,8,13
"Rhincodon typus",-21.93145,113.83879,17380,2017,8,2
"Rhincodon typus",-19.74431,115.70845,17402,2017,8,24
"Rhincodon typus",-20.23607,115.32705,17393,2017,8,15
"Rhincodon typus",-21.43303,114.62441,17384,2017,8,6
"Rhincodon typus",-19.72309,115.5086,17399,2017,8,21
"Rhincodon typus",-21.30809,114.71129,17407,2017,8,29
"Rhincodon typus",-20.09695,115.45176,17390,2017,8,12
"Rhincodon typus",-21.13238,110.03859,17380,2017,8,2
"Rhincodon typus",-21.48386,114.50135,17404,2017,8,26
"Rhincodon typus",-20.20382,114.72588,17379,2017,8,1
"Rhincodon typus",-19.98223,115.40793,17388,2017,8,10
"Rhincodon typus",-21.43859,114.57213,17392,2017,8,14
"Rhincodon typus",-21.30674,110.20631,17381,2017,8,3
"Rhincodon typus",-20.15859,115.51794,17394,2017,8,16
"Rhincodon typus",-20.44191,114.84177,17395,2017,8,17
"Rhincodon typus",-22.94962,109.99433,17386,2017,8,8
"Rhincodon typus",-19.3647,115.72374,17398,2017,8,20
"Rhincodon typus",-22,113.9,17379,2017,8,1
"Rhincodon typus",-19.75237,115.66467,17402,2017,8,24
"Rhincodon typus",-19.52918,115.31979,17382,2017,8,4
"Rhincodon typus",-19.75599,115.79857,17387,2017,8,9
"Rhincodon typus",-21.30966,114.31704,17387,2017,8,9
"Rhincodon typus",-20.22912,115.32818,17393,2017,8,15
"Rhincodon typus",-21.61238,114.2489,17406,2017,8,28
"Rhincodon typus",-21.51877,114.28732,17405,2017,8,27
"Rhincodon typus",-20.16036,115.49362,17380,2017,8,2
"Rhincodon typus",-18.82721,115.43409,17407,2017,8,29
"Rhincodon typus",-21.2435,110.12855,17380,2017,8,2
"Rhincodon typus",-22.45018,112.04993,17402,2017,8,24
"Rhincodon typus",-20.91316,114.84663,17394,2017,8,16
"Rhincodon typus",-20.17931,115.32233,17392,2017,8,14
"Rhincodon typus",-19.73303,115.63662,17399,2017,8,21
"Rhincodon typus",-20.03881,115.3457,17387,2017,8,9
"Rhincodon typus",-21.4514,114.46496,17404,2017,8,26
"Rhincodon typus",-19.81065,115.37165,17393,2017,8,15
"Rhincodon typus",-19.37365,116.34823,17390,2017,8,12
"Rhincodon typus",-20.97179,114.83872,17394,2017,8,16
"Rhincodon typus",-19.3496,116.38768,17395,2017,8,17
"Rhincodon typus",-19.68928,115.56078,17387,2017,8,9
"Rhincodon typus",-19.71546,115.57696,17400,2017,8,22
"Rhincodon typus",-22,113.8,17379,2017,8,1
"Rhincodon typus",-20.2239,115.34404,17393,2017,8,15
"Rhincodon typus",-21.21696,114.62701,17390,2017,8,12
"Rhincodon typus",-20.96702,114.5665,17403,2017,8,25
"Rhincodon typus",-20.74975,114.89016,17394,2017,8,16
"Rhincodon typus",-21.44192,110.73484,17404,2017,8,26
"Rhincodon typus",-21.05465,110.2733,17379,2017,8,1
"Rhincodon typus",-20.24019,115.67899,17391,2017,8,13
"Rhincodon typus",-20.41771,114.8285,17395,2017,8,17
"Rhincodon typus",-22.39645,110.98958,17398,2017,8,20
"Rhincodon typus",-22.19588,113.73925,17383,2017,8,5
"Rhincodon typus",-17.11614,116.64539,17395,2017,8,17
"Rhincodon typus",-20.07168,115.38842,17390,2017,8,12
"Rhincodon typus",-19.70873,115.73321,17397,2017,8,19
"Rhincodon typus",-21.83068,111.58584,17403,2017,8,25
"Rhincodon typus",-21.17292,110.10472,17380,2017,8,2
"Rhincodon typus",-20.24545,115.29071,17394,2017,8,16
"Rhincodon typus",-20.11946,115.06568,17388,2017,8,10
"Rhincodon typus",-22.69942,111.22208,17399,2017,8,21
"Rhincodon typus",-22.30971,110.95352,17398,2017,8,20
"Rhincodon typus",-19.75285,115.62218,17400,2017,8,22
"Rhincodon typus",-22.06315,113.75233,17379,2017,8,1
"Rhincodon typus",-18.24826,114.54209,17389,2017,8,11
"Rhincodon typus",-21.09901,114.70496,17408,2017,8,30
"Rhincodon typus",-20.89473,114.55848,17403,2017,8,25
"Rhincodon typus",-22.43252,110.28997,17384,2017,8,6
"Rhincodon typus",-21.4353,114.45148,17404,2017,8,26
"Rhincodon typus",-21.38694,110.09115,17382,2017,8,4
"Rhincodon typus",-20.11741,115.46869,17394,2017,8,16
"Rhincodon typus",-19.57348,116.30111,17390,2017,8,12
"Rhincodon typus",-17.87216,115.03568,17390,2017,8,12
"Rhincodon typus",-22.67763,112.23072,17401,2017,8,23
"Rhincodon typus",-22.7885,111.99126,17401,2017,8,23
"Rhincodon typus",-19.73501,115.67267,17402,2017,8,24
"Rhincodon typus",-20.20506,114.74414,17379,2017,8,1
"Rhincodon typus",-20.39001,115.21097,17381,2017,8,3
"Rhincodon typus",-20.63313,114.75333,17393,2017,8,15
"Rhincodon typus",-20.18021,115.32006,17392,2017,8,14
"Rhincodon typus",-19.68947,115.6646,17407,2017,8,29
"Rhincodon typus",-17.74592,115.00161,17390,2017,8,12
"Rhincodon typus",-21.10654,110.37524,17379,2017,8,1
"Rhincodon typus",-21.49222,114.24728,17408,2017,8,30
"Rhincodon typus",-19.54127,114.65284,17394,2017,8,16
"Rhincodon typus",-20.12481,115.2657,17381,2017,8,3
"Rhincodon typus",-19.91942,116.6138,17391,2017,8,13
"Rhincodon typus",-21.54752,114.17738,17384,2017,8,6
"Rhincodon typus",-22.19015,113.72598,17383,2017,8,5
"Rhincodon typus",-19.69159,115.6542,17407,2017,8,29
"Rhincodon typus",-20.04806,114.71824,17379,2017,8,1
"Rhincodon typus",-19.72624,115.58982,17388,2017,8,10
"Rhincodon typus",-20.55737,114.8127,17383,2017,8,5
"Rhincodon typus",-17.97475,108.21965,17409,2017,8,31
"Rhincodon typus",-20.98239,114.81634,17394,2017,8,16
"Rhincodon typus",-20.10321,115.23801,17390,2017,8,12
"Rhincodon typus",-20.00624,115.35723,17387,2017,8,9
"Rhincodon typus",-19.4119,116.18348,17390,2017,8,12
"Rhincodon typus",-21.48502,110.80187,17404,2017,8,26
"Rhincodon typus",-20.0683,115.26016,17380,2017,8,2
"Rhincodon typus",-20.12296,114.0755,17409,2017,8,31
"Rhincodon typus",-19.71324,115.71994,17397,2017,8,19
"Rhincodon typus",-21.83402,113.88353,17379,2017,8,1
"Rhincodon typus",-19.97926,115.41011,17388,2017,8,10
"Rhincodon typus",-20.15903,115.5002,17395,2017,8,17
"Rhincodon typus",-22.70268,110.24249,17385,2017,8,7
"Rhincodon typus",-19.65299,115.63209,17405,2017,8,27
"Rhincodon typus",-14.5,116.5,17381,2017,8,3
"Rhincodon typus",-21.89,113.92,17436,2017,9,27
"Rhincodon typus",-21.88,113.91,17411,2017,9,2
"Rhincodon typus",-22.6,113.61,17433,2017,9,24
"Rhincodon typus",-21.9,113.93,17436,2017,9,27
"Rhincodon typus",-23.13,113.73,17435,2017,9,26
"Rhincodon typus",-21.88,113.91,17412,2017,9,3
"Rhincodon typus",-22.59,113.61,17438,2017,9,29
"Rhincodon typus",-23.12,113.7,17416,2017,9,7
"Rhincodon typus",-21.9,113.93,17419,2017,9,10
"Rhincodon typus",-21.89,113.92,17419,2017,9,10
"Rhincodon typus",-21.9,113.93,17413,2017,9,4
"Rhincodon typus",-23.12,113.69,17416,2017,9,7
"Rhincodon typus",-21.9,113.93,17433,2017,9,24
"Rhincodon typus",-21.89,113.92,17432,2017,9,23
"Rhincodon typus",-21.88,113.91,17437,2017,9,28
"Rhincodon typus",-21.89,113.92,17411,2017,9,2
"Rhincodon typus",-22.6,113.61,17439,2017,9,30
"Rhincodon typus",-21.88,113.91,17436,2017,9,27
"Rhincodon typus",-21.9,113.93,17437,2017,9,28
"Rhincodon typus",-21.9,113.93,17412,2017,9,3
"Rhincodon typus",-21.9,113.93,17416,2017,9,7
"Rhincodon typus",-21.89,113.92,17413,2017,9,4
"Rhincodon typus",-21.89,113.92,17433,2017,9,24
"Rhincodon typus",-23.13,113.71,17416,2017,9,7
"Rhincodon typus",-21.9,113.93,17418,2017,9,9
"Rhincodon typus",-21.89,113.92,17418,2017,9,9
"Rhincodon typus",-21.89,113.92,17439,2017,9,30
"Rhincodon typus",-21.9,113.93,17411,2017,9,2
"Rhincodon typus",-23.13,113.72,17416,2017,9,7
"Rhincodon typus",-22.6,113.61,17436,2017,9,27
"Rhincodon typus",-22.59,113.61,17436,2017,9,27
"Rhincodon typus",-11.5,137.5,17436,2017,9,27
"Rhincodon typus",-15.5,123.5,17415,2017,9,6
"Rhincodon typus",-22,113.9,17417,2017,9,8
"Rhincodon typus",-17.025,106.00436,17412,2017,9,3
"Rhincodon typus",-22,113.8,17427,2017,9,18
"Rhincodon typus",-21.9,114,17418,2017,9,9
"Rhincodon typus",-22,114,17430,2017,9,21
"Rhincodon typus",-22,113.9,17428,2017,9,19
"Rhincodon typus",-16.38611,105.87739,17422,2017,9,13
"Rhincodon typus",-22.5,113.7,17423,2017,9,14
"Rhincodon typus",-22.5,113.7,17424,2017,9,15
"Rhincodon typus",-21.6,114.3,17428,2017,9,19
"Rhincodon typus",-19.7013,115.71103,17429,2017,9,20
"Rhincodon typus",-22.5,113.6,17432,2017,9,23
"Rhincodon typus",-22,113.9,17425,2017,9,16
"Rhincodon typus",-22,113.9,17434,2017,9,25
"Rhincodon typus",-21.6738,112.5023,17426,2017,9,17
"Rhincodon typus",-22,113.9,17419,2017,9,10
"Rhincodon typus",-22,113.9,17427,2017,9,18
"Rhincodon typus",-16.9893,105.85751,17413,2017,9,4
"Rhincodon typus",-22.4,113.7,17427,2017,9,18
"Rhincodon typus",-16.58237,105.47261,17415,2017,9,6
"Rhincodon typus",-16.36932,115.40871,17414,2017,9,5
"Rhincodon typus",-19.19491,115.47658,17412,2017,9,3
"Rhincodon typus",-14.969,111.59335,17438,2017,9,29
"Rhincodon typus",-17.95602,104.1391,17426,2017,9,17
"Rhincodon typus",-16.42412,114.00473,17421,2017,9,12
"Rhincodon typus",-22.0005,113.8373,17428,2017,9,19
"Rhincodon typus",-22,113.9,17422,2017,9,13
"Rhincodon typus",-18.31439,111.63503,17425,2017,9,16
"Rhincodon typus",-19.56153,113.75347,17411,2017,9,2
"Rhincodon typus",-22.3,113.8,17426,2017,9,17
"Rhincodon typus",-17.91765,112.00892,17423,2017,9,14
"Rhincodon typus",-22.2,113.8,17419,2017,9,10
"Rhincodon typus",-22,113.9,17429,2017,9,20
"Rhincodon typus",-22,113.9,17435,2017,9,26
"Rhincodon typus",-19.70358,115.62038,17424,2017,9,15
"Rhincodon typus",-22,113.8,17429,2017,9,20
"Rhincodon typus",-22,113.9,17412,2017,9,3
"Rhincodon typus",-22,113.9,17426,2017,9,17
"Rhincodon typus",-21.6,114.4,17431,2017,9,22
"Rhincodon typus",-16.40584,113.99248,17421,2017,9,12
"Rhincodon typus",-15.88732,111.73511,17435,2017,9,26
"Rhincodon typus",-22,113.9,17432,2017,9,23
"Rhincodon typus",-21.9,114,17434,2017,9,25
"Rhincodon typus",-19.80208,113.54786,17420,2017,9,11
"Rhincodon typus",-19.70503,113.94748,17410,2017,9,1
"Rhincodon typus",-19.54384,104.3739,17436,2017,9,27
"Rhincodon typus",-18.19802,103.97196,17429,2017,9,20
"Rhincodon typus",-22,114,17426,2017,9,17
"Rhincodon typus",-22.71394,113.51998,17430,2017,9,21
"Rhincodon typus",-16.42628,114.02103,17421,2017,9,12
"Rhincodon typus",-16.45576,105.53983,17416,2017,9,7
"Rhincodon typus",-22.11705,113.80625,17420,2017,9,11
"Rhincodon typus",-22.1,113.8,17420,2017,9,11
"Rhincodon typus",-19.70753,115.73318,17425,2017,9,16
"Rhincodon typus",-16.34572,116.01245,17412,2017,9,3
"Rhincodon typus",-22.4,113.7,17425,2017,9,16
"Rhincodon typus",-19.85534,104.75833,17438,2017,9,29
"Rhincodon typus",-21.6,114.4,17432,2017,9,23
"Rhincodon typus",-19.6148,113.84006,17410,2017,9,1
"Rhincodon typus",-22,113.9,17437,2017,9,28
"Rhincodon typus",-16.5781,113.765,17422,2017,9,13
"Rhincodon typus",-18.29461,111.63221,17425,2017,9,16
"Rhincodon typus",-21.60708,112.76011,17431,2017,9,22
"Rhincodon typus",-16.08735,115.77494,17413,2017,9,4
"Rhincodon typus",-22.6,113.6,17431,2017,9,22
"Rhincodon typus",-18.35856,111.56494,17426,2017,9,17
"Rhincodon typus",-16.77035,115.06826,17416,2017,9,7
"Rhincodon typus",-15.66752,114.94701,17437,2017,9,28
"Rhincodon typus",-22,113.9,17436,2017,9,27
"Rhincodon typus",-21.94671,113.85388,17412,2017,9,3
"Rhincodon typus",-16.56269,113.20362,17424,2017,9,15
"Rhincodon typus",-16.52326,114.15764,17421,2017,9,12
"Rhincodon typus",-19.67041,115.74048,17428,2017,9,19
"Rhincodon typus",-17.68584,112.49366,17430,2017,9,21
"Rhincodon typus",-16.39052,112.10176,17431,2017,9,22
"Rhincodon typus",-22.06077,113.83391,17429,2017,9,20
"Rhincodon typus",-16.24043,105.55808,17418,2017,9,9
"Rhincodon typus",-22,113.9,17418,2017,9,9
"Rhincodon typus",-21.9,113.9,17434,2017,9,25
"Rhincodon typus",-19.90309,104.71441,17439,2017,9,30
"Rhincodon typus",-22,113.9,17430,2017,9,21
"Rhincodon typus",-21.8146,111.51299,17423,2017,9,14
"Rhincodon typus",-22.4,113.7,17423,2017,9,14
"Rhincodon typus",-21.66342,113.82607,17411,2017,9,2
"Rhincodon typus",-16.72669,114.5348,17419,2017,9,10
"Rhincodon typus",-16.91111,114.95539,17418,2017,9,9
"Rhincodon typus",-21.93562,113.8581,17410,2017,9,1
"Rhincodon typus",-19.05509,104.12331,17435,2017,9,26
"Rhincodon typus",-16.49425,112.39696,17427,2017,9,18
"Rhincodon typus",-21.39605,112.13011,17421,2017,9,12
"Rhincodon typus",-22,113.9,17421,2017,9,12
"Rhincodon typus",-22,113.8,17421,2017,9,12
"Rhincodon typus",-16.8518,114.97338,17417,2017,9,8
"Rhincodon typus",-16.41044,112.34791,17427,2017,9,18
"Rhincodon typus",-21.6154,112.74923,17431,2017,9,22
"Rhincodon typus",-22.5,113.6,17424,2017,9,15
"Rhincodon typus",-22.1,113.9,17419,2017,9,10
"Rhincodon typus",-21.59802,114.21367,17421,2017,9,12
"Rhincodon typus",-21.57298,113.92977,17415,2017,9,6
"Rhincodon typus",-15.34051,111.89993,17437,2017,9,28
"Rhincodon typus",-19.26965,115.17151,17414,2017,9,5
"Rhincodon typus",-17.13365,115.8781,17410,2017,9,1
"Rhincodon typus",-18.3603,111.5656,17426,2017,9,17
"Rhincodon typus",-19.33055,113.14599,17420,2017,9,11
"Rhincodon typus",-16.85156,114.97419,17417,2017,9,8
"Rhincodon typus",-21.6,114.3,17431,2017,9,22
"Rhincodon typus",-19.68256,115.7066,17425,2017,9,16
"Rhincodon typus",-21.9,113.9,17430,2017,9,21
"Rhincodon typus",-21.92433,113.84401,17413,2017,9,4
"Rhincodon typus",-19.70828,115.60769,17423,2017,9,14
"Rhincodon typus",-15.6993,115.86805,17438,2017,9,29
"Rhincodon typus",-19.10876,112.98799,17420,2017,9,11
"Rhincodon typus",-22.4,113.8,17428,2017,9,19
"Rhincodon typus",-22,113.9,17420,2017,9,11
"Rhincodon typus",-19.69431,115.70988,17428,2017,9,19
"Rhincodon typus",-21.7,114.3,17427,2017,9,18
"Rhincodon typus",-16.93118,105.7035,17412,2017,9,3
"Rhincodon typus",-16.48987,112.40234,17427,2017,9,18
"Rhincodon typus",-22,113.8,17428,2017,9,19
"Rhincodon typus",-21.94953,113.861,17411,2017,9,2
"Rhincodon typus",-21.6,114.4,17423,2017,9,14
"Rhincodon typus",-19.63394,113.52864,17413,2017,9,4
"Rhincodon typus",-16.739,116.06523,17411,2017,9,2
"Rhincodon typus",-16.5536,113.32982,17424,2017,9,15
"Rhincodon typus",-16.29319,112.3896,17428,2017,9,19
"Rhincodon typus",-19.67282,115.57053,17413,2017,9,4
"Rhincodon typus",-21.9,114,17426,2017,9,17
"Rhincodon typus",-16.45574,114.00314,17421,2017,9,12
"Rhincodon typus",-21.9139,113.81751,17412,2017,9,3
"Rhincodon typus",-22.5,113.7,17431,2017,9,22
"Rhincodon typus",-15.32748,111.91865,17437,2017,9,28
"Rhincodon typus",-15.09065,111.67442,17438,2017,9,29
"Rhincodon typus",-16.55647,113.20893,17424,2017,9,15
"Rhincodon typus",-18.14308,111.79364,17424,2017,9,15
"Rhincodon typus",-21.66612,112.08469,17419,2017,9,10
"Rhincodon typus",-16.37416,112.32204,17429,2017,9,20
"Rhincodon typus",-16.64058,114.48574,17420,2017,9,11
"Rhincodon typus",-21.92629,113.85712,17410,2017,9,1
"Rhincodon typus",-19.32765,113.14594,17420,2017,9,11
"Rhincodon typus",-21.65668,112.08316,17419,2017,9,10
"Rhincodon typus",-21.83892,113.67647,17410,2017,9,1
"Rhincodon typus",-21.7,114.4,17423,2017,9,14
"Rhincodon typus",-16.46448,115.29284,17415,2017,9,6
"Rhincodon typus",-15.28374,111.88723,17437,2017,9,28
"Rhincodon typus",-19.23928,104.11989,17434,2017,9,25
"Rhincodon typus",-21.31008,114.64006,17420,2017,9,11
"Rhincodon typus",-21.9,113.9,17431,2017,9,22
"Rhincodon typus",-16.27383,105.61776,17420,2017,9,11
"Rhincodon typus",-21.92995,113.82975,17411,2017,9,2
"Rhincodon typus",-21.85208,109.48411,17427,2017,9,18
"Rhincodon typus",-22.04911,113.81659,17429,2017,9,20
"Rhincodon typus",-22,113.9,17433,2017,9,24
"Rhincodon typus",-15.31777,111.92819,17437,2017,9,28
"Rhincodon typus",-16.27885,105.45609,17418,2017,9,9
"Rhincodon typus",-21.9978,113.84618,17428,2017,9,19
"Rhincodon typus",-22.4,113.6,17425,2017,9,16
"Rhincodon typus",-16.2967,105.59006,17420,2017,9,11
"Rhincodon typus",-16.36477,114.01576,17421,2017,9,12
"Rhincodon typus",-19.69554,115.72675,17425,2017,9,16
"Rhincodon typus",-22.1,113.8,17434,2017,9,25
"Rhincodon typus",-21.97958,111.81043,17418,2017,9,9
"Rhincodon typus",-16.4118,111.68779,17433,2017,9,24
"Rhincodon typus",-16.93167,105.46533,17414,2017,9,5
"Rhincodon typus",-15.04541,111.65199,17438,2017,9,29
"Rhincodon typus",-19.69885,115.69256,17426,2017,9,17
"Rhincodon typus",-16.99181,115.84141,17410,2017,9,1
"Rhincodon typus",-15.64415,111.83108,17435,2017,9,26
"Rhincodon typus",-19.64278,115.66616,17416,2017,9,7
"Rhincodon typus",-22.23416,113.35841,17438,2017,9,29
"Rhincodon typus",-16.54949,113.18769,17424,2017,9,15
"Rhincodon typus",-22,113.8,17436,2017,9,27
"Rhincodon typus",-21.9,114,17430,2017,9,21
"Rhincodon typus",-21.95367,113.84682,17411,2017,9,2
"Rhincodon typus",-16.78138,114.70068,17418,2017,9,9
"Rhincodon typus",-17.75335,107.68346,17410,2017,9,1
"Rhincodon typus",-16.47575,114.05925,17421,2017,9,12
"Rhincodon typus",-21.81464,113.62507,17417,2017,9,8
"Rhincodon typus",-22.1,113.8,17423,2017,9,14
"Rhincodon typus",-16.37186,116.02008,17412,2017,9,3
"Rhincodon typus",-17.55149,107.25943,17410,2017,9,1
"Rhincodon typus",-19.68105,115.6546,17420,2017,9,11
"Rhincodon typus",-22,113.9,17424,2017,9,15
"Rhincodon typus",-21.9,114,17433,2017,9,24
"Rhincodon typus",-22,114,17418,2017,9,9
"Rhincodon typus",-18.20027,103.96971,17429,2017,9,20
"Rhincodon typus",-22.05336,113.38016,17413,2017,9,4
"Rhincodon typus",-18.33206,111.73051,17428,2017,9,19
"Rhincodon typus",-20.5,116.5,17419,2017,9,10
"Rhincodon typus",-22.6,113.62,17452,2017,10,13
"Rhincodon typus",-21.88,113.91,17451,2017,10,12
"Rhincodon typus",-23.12,113.7,17455,2017,10,16
"Rhincodon typus",-23.13,113.72,17456,2017,10,17
"Rhincodon typus",-23.13,113.71,17456,2017,10,17
"Rhincodon typus",-23.13,113.72,17455,2017,10,16
"Rhincodon typus",-23.13,113.71,17455,2017,10,16
"Rhincodon typus",-14.5,138.5,17450,2017,10,11
"Rhincodon typus",-15.5,138.5,17461,2017,10,22
"Rhincodon typus",-13.5,138.5,17456,2017,10,17
"Rhincodon typus",-22.88099,113.64694,17455,2017,10,16
"Rhincodon typus",-22.9,113.7,17447,2017,10,8
"Rhincodon typus",-22.6,113.6,17444,2017,10,5
"Rhincodon typus",-15.81548,111.39312,17465,2017,10,26
"Rhincodon typus",-25.6,112.9,17457,2017,10,18
"Rhincodon typus",-16.04106,111.58812,17463,2017,10,24
"Rhincodon typus",-15.82961,111.57937,17465,2017,10,26
"Rhincodon typus",-25.6,113,17462,2017,10,23
"Rhincodon typus",-22.7,113.6,17457,2017,10,18
"Rhincodon typus",-15.67342,111.30371,17461,2017,10,22
"Rhincodon typus",-22.8,113.7,17464,2017,10,25
"Rhincodon typus",-16.82718,98.8066,17468,2017,10,29
"Rhincodon typus",-22.73696,113.53698,17457,2017,10,18
"Rhincodon typus",-16.5012,98.50142,17465,2017,10,26
"Rhincodon typus",-22.93118,113.71204,17443,2017,10,4
"Rhincodon typus",-22.8,113.6,17457,2017,10,18
"Rhincodon typus",-22.8,113.7,17465,2017,10,26
"Rhincodon typus",-25.6,112.9,17464,2017,10,25
"Rhincodon typus",-25.6,112.9,17469,2017,10,30
"Rhincodon typus",-22.7,113.6,17443,2017,10,4
"Rhincodon typus",-22.8,113.6,17465,2017,10,26
"Rhincodon typus",-25.7,113,17465,2017,10,26
"Rhincodon typus",-15.61079,111.04934,17440,2017,10,1
"Rhincodon typus",-25.7,112.9,17456,2017,10,17
"Rhincodon typus",-25.6,112.9,17461,2017,10,22
"Rhincodon typus",-25.7,113,17455,2017,10,16
"Rhincodon typus",-22.6462,113.55077,17452,2017,10,13
"Rhincodon typus",-19.62247,105.28744,17440,2017,10,1
"Rhincodon typus",-15.49731,112.30624,17447,2017,10,8
"Rhincodon typus",-15.53374,112.20339,17446,2017,10,7
"Rhincodon typus",-19.8529,105.20307,17440,2017,10,1
"Rhincodon typus",-22.0582,113.79212,17449,2017,10,10
"Rhincodon typus",-22.8,113.7,17445,2017,10,6
"Rhincodon typus",-22.69174,113.53014,17453,2017,10,14
"Rhincodon typus",-15.85066,111.45557,17465,2017,10,26
"Rhincodon typus",-22.9,113.8,17464,2017,10,25
"Rhincodon typus",-15.48824,112.19912,17446,2017,10,7
"Rhincodon typus",-16.46146,98.53534,17464,2017,10,25
"Rhincodon typus",-23.56317,112.82694,17461,2017,10,22
"Rhincodon typus",-25.5,112.9,17459,2017,10,20
"Rhincodon typus",-22.69702,113.53406,17457,2017,10,18
"Rhincodon typus",-16.43029,98.51312,17462,2017,10,23
"Rhincodon typus",-23.00127,113.54873,17453,2017,10,14
"Rhincodon typus",-22.9,113.6,17459,2017,10,20
"Rhincodon typus",-16.01206,111.61839,17463,2017,10,24
"Rhincodon typus",-22.69015,113.56542,17450,2017,10,11
"Rhincodon typus",-25.6,112.9,17467,2017,10,28
"Rhincodon typus",-22.78251,113.35529,17460,2017,10,21
"Rhincodon typus",-22.89333,113.69124,17443,2017,10,4
"Rhincodon typus",-22.8,113.7,17458,2017,10,19
"Rhincodon typus",-15.81623,111.77968,17466,2017,10,27
"Rhincodon typus",-25.6,112.9,17454,2017,10,15
"Rhincodon typus",-16.48501,98.55726,17464,2017,10,25
"Rhincodon typus",-20.30835,115.32895,17470,2017,10,31
"Rhincodon typus",-25.5,113,17458,2017,10,19
"Rhincodon typus",-22.74791,113.36262,17460,2017,10,21
"Rhincodon typus",-16.1108,98.82891,17459,2017,10,20
"Rhincodon typus",-25.7,113,17466,2017,10,27
"Rhincodon typus",-15.84913,111.5523,17465,2017,10,26
"Rhincodon typus",-22.98468,113.38403,17460,2017,10,21
"Rhincodon typus",-22.7,113.6,17466,2017,10,27
"Rhincodon typus",-25.6,112.9,17468,2017,10,29
"Rhincodon typus",-16.55268,98.73791,17465,2017,10,26
"Rhincodon typus",-15.59492,111.05734,17440,2017,10,1
"Rhincodon typus",-16.86132,98.7714,17469,2017,10,30
"Rhincodon typus",-15.50588,112.47967,17449,2017,10,10
"Rhincodon typus",-15.98168,111.59864,17463,2017,10,24
"Rhincodon typus",-16.85997,98.76824,17469,2017,10,30
"Rhincodon typus",-15.94598,111.39364,17463,2017,10,24
"Rhincodon typus",-16.05613,111.39307,17463,2017,10,24
"Rhincodon typus",-19.75629,117.57448,17455,2017,10,16
"Rhincodon typus",-22.70496,113.53766,17457,2017,10,18
"Rhincodon typus",-15.8372,111.81937,17466,2017,10,27
"Rhincodon typus",-25.5,113,17459,2017,10,20
"Rhincodon typus",-15.72488,111.34561,17461,2017,10,22
"Rhincodon typus",-16.55948,98.73318,17465,2017,10,26
"Rhincodon typus",-22.69655,113.58076,17466,2017,10,27
"Rhincodon typus",-22.81284,113.62645,17456,2017,10,17
"Rhincodon typus",-25.6,112.9,17460,2017,10,21
"Rhincodon typus",-16.8907,98.51067,17470,2017,10,31
"Rhincodon typus",-16.27642,111.71294,17457,2017,10,18
"Rhincodon typus",-16.33811,111.7304,17457,2017,10,18
"Rhincodon typus",-23.57801,112.85748,17460,2017,10,21
"Rhincodon typus",-16.45154,98.46303,17463,2017,10,24
"Rhincodon typus",-19.27354,105.27988,17442,2017,10,3
"Rhincodon typus",-27.49522,112.46633,17452,2017,10,13
"Rhincodon typus",-22.89165,113.67684,17454,2017,10,15
"Rhincodon typus",-15.68099,111.25324,17442,2017,10,3
"Rhincodon typus",-22.8,113.6,17466,2017,10,27
"Rhincodon typus",-22.9,113.7,17443,2017,10,4
"Rhincodon typus",-22.8,113.8,17441,2017,10,2
"Rhincodon typus",-21.06744,114.70236,17456,2017,10,17
"Rhincodon typus",-16.65375,98.70848,17466,2017,10,27
"Rhincodon typus",-22.684,113.54864,17451,2017,10,12
"Rhincodon typus",-19.80707,105.20196,17440,2017,10,1
"Rhincodon typus",-22.7,113.6,17450,2017,10,11
"Rhincodon typus",-15.92144,112.11011,17467,2017,10,28
"Rhincodon typus",-16.44062,98.49522,17462,2017,10,23
"Rhincodon typus",-16.32326,105.06135,17449,2017,10,10
"Rhincodon typus",-22.82242,113.65665,17459,2017,10,20
"Rhincodon typus",-20.29715,113.73887,17460,2017,10,21
"Rhincodon typus",-23.07521,113.63361,17456,2017,10,17
"Rhincodon typus",-16.63792,98.68615,17467,2017,10,28
"Rhincodon typus",-20.30558,115.33347,17470,2017,10,31
"Rhincodon typus",-16.68313,98.70996,17466,2017,10,27
"Rhincodon typus",-16.27008,111.71003,17457,2017,10,18
"Rhincodon typus",-22.88433,113.66781,17454,2017,10,15
"Rhincodon typus",-22.89799,113.67595,17454,2017,10,15
"Rhincodon typus",-16.82867,98.77059,17468,2017,10,29
"Rhincodon typus",-22.6,113.6,17448,2017,10,9
"Rhincodon typus",-22.2,113.8,17449,2017,10,10
"Rhincodon typus",-22.73613,113.53549,17457,2017,10,18
"Rhincodon typus",-19.82754,105.22747,17440,2017,10,1
"Rhincodon typus",-22.7,113.6,17448,2017,10,9
"Rhincodon typus",-22.9,113.7,17454,2017,10,15
"Rhincodon typus",-15.61508,111.0555,17440,2017,10,1
"Rhincodon typus",-15.49532,112.33348,17446,2017,10,7
"Rhincodon typus",-20.13845,115.56692,17457,2017,10,18
"Rhincodon typus",-16.03587,111.45767,17463,2017,10,24
"Rhincodon typus",-16.9827,98.83501,17470,2017,10,31
"Rhincodon typus",-23.5767,112.82423,17461,2017,10,22
"Rhincodon typus",-25.5,112.9,17458,2017,10,19
"Rhincodon typus",-16.81351,98.74816,17468,2017,10,29
"Rhincodon typus",-23.48534,112.67793,17462,2017,10,23
"Rhincodon typus",-15.88372,111.03975,17464,2017,10,25
"Rhincodon typus",-16.48861,111.96774,17456,2017,10,17
"Rhincodon typus",-22.9,113.7,17455,2017,10,16
"Rhincodon typus",-22.69524,113.57904,17466,2017,10,27
"Rhincodon typus",-22.7,113.6,17451,2017,10,12
"Rhincodon typus",-16.43469,98.49323,17462,2017,10,23
"Rhincodon typus",-22.7,113.6,17452,2017,10,13
"Rhincodon typus",-25.7,113,17463,2017,10,24
"Rhincodon typus",-22.8,113.6,17467,2017,10,28
"Rhincodon typus",-16.4472,98.66774,17466,2017,10,27
"Rhincodon typus",-22.8,113.7,17466,2017,10,27
"Rhincodon typus",-15.94891,111.60542,17443,2017,10,4
"Rhincodon typus",-23,113.8,17443,2017,10,4
"Rhincodon typus",-15.71058,111.29947,17462,2017,10,23
"Rhincodon typus",-22.95415,112.36822,17444,2017,10,5
"Rhincodon typus",-15.8794,111.49437,17465,2017,10,26
"Rhincodon typus",-25,113.1,17450,2017,10,11
"Rhincodon typus",-22.9,113.7,17456,2017,10,17
"Rhincodon typus",-19.74914,117.55753,17455,2017,10,16
"Rhincodon typus",-22.91829,113.06606,17469,2017,10,30
"Rhincodon typus",-15.47038,112.7179,17450,2017,10,11
"Rhincodon typus",-22.9,113.7,17446,2017,10,7
"Rhincodon typus",-20.08845,116.58391,17459,2017,10,20
"Rhincodon typus",-22.92351,113.06643,17469,2017,10,30
"Rhincodon typus",-25.6,113,17461,2017,10,22
"Rhincodon typus",-20.31461,115.31551,17470,2017,10,31
"Rhincodon typus",-22.71471,113.36426,17460,2017,10,21
"Rhincodon typus",-22.83576,113.52377,17456,2017,10,17
"Rhincodon typus",-22.93554,113.69936,17442,2017,10,3
"Rhincodon typus",-16.53546,111.91416,17455,2017,10,16
"Rhincodon typus",-16.46607,98.53658,17464,2017,10,25
"Rhincodon typus",-19.65878,105.29333,17440,2017,10,1
"Rhincodon typus",-16.45386,98.52719,17463,2017,10,24
"Rhincodon typus",-25.6,112.9,17470,2017,10,31
"Rhincodon typus",-16.11198,98.90863,17459,2017,10,20
"Rhincodon typus",-15.50259,112.51857,17449,2017,10,10
"Rhincodon typus",-20.36182,115.4141,17470,2017,10,31
"Rhincodon typus",-16.46166,98.53499,17464,2017,10,25
"Rhincodon typus",-15.88905,111.5328,17465,2017,10,26
"Rhincodon typus",-19.71128,118.5731,17453,2017,10,14
"Rhincodon typus",-13.5983,136.9466,17473,2017,11,3
"Rhincodon typus",-22.6,113.62,17473,2017,11,3
"Rhincodon typus",-21.89,113.92,17476,2017,11,6
"Rhincodon typus",-21.89,113.92,17481,2017,11,11
"Rhincodon typus",-21.89,113.92,17474,2017,11,4
"Rhincodon typus",-21.89,113.92,17480,2017,11,10
"Rhincodon typus",-22.6,113.62,17484,2017,11,14
"Rhincodon typus",-21.9,113.93,17480,2017,11,10
"Rhincodon typus",-23.12,113.7,17486,2017,11,16
"Rhincodon typus",-22.6,113.61,17484,2017,11,14
"Rhincodon typus",-20.31323,115.31479,17471,2017,11,1
"Rhincodon typus",-22,113.9,17489,2017,11,19
"Rhincodon typus",-15.53788,111.04703,17476,2017,11,6
"Rhincodon typus",-16.99601,96.17936,17496,2017,11,26
"Rhincodon typus",-16.46308,94.86837,17497,2017,11,27
"Rhincodon typus",-17.14078,97.7385,17471,2017,11,1
"Rhincodon typus",-25.6,112.9,17477,2017,11,7
"Rhincodon typus",-22.11565,112.69092,17476,2017,11,6
"Rhincodon typus",-25.7,113,17487,2017,11,17
"Rhincodon typus",-25.5,112.9,17475,2017,11,5
"Rhincodon typus",-17.26796,96.21631,17496,2017,11,26
"Rhincodon typus",-25.6,112.9,17480,2017,11,10
"Rhincodon typus",-25.6,112.9,17481,2017,11,11
"Rhincodon typus",-15.71563,98.34334,17483,2017,11,13
"Rhincodon typus",-26.6,113.5,17499,2017,11,29
"Rhincodon typus",-25.6,112.9,17478,2017,11,8
"Rhincodon typus",-16.65668,96.16805,17496,2017,11,26
"Rhincodon typus",-15.44081,111.62024,17472,2017,11,2
"Rhincodon typus",-21.9,113.9,17484,2017,11,14
"Rhincodon typus",-27.12471,110.48776,17481,2017,11,11
"Rhincodon typus",-15.45025,111.59552,17472,2017,11,2
"Rhincodon typus",-16.36544,96.02365,17494,2017,11,24
"Rhincodon typus",-22.1709,112.73803,17475,2017,11,5
"Rhincodon typus",-16.28653,98.49834,17478,2017,11,8
"Rhincodon typus",-22,113.9,17484,2017,11,14
"Rhincodon typus",-25.5,113,17473,2017,11,3
"Rhincodon typus",-16.36491,95.97759,17494,2017,11,24
"Rhincodon typus",-25.6,112.9,17491,2017,11,21
"Rhincodon typus",-16.39861,98.42229,17477,2017,11,7
"Rhincodon typus",-25.5,112.9,17472,2017,11,2
"Rhincodon typus",-27.86846,110.45871,17485,2017,11,15
"Rhincodon typus",-16.90739,98.44037,17473,2017,11,3
"Rhincodon typus",-16.68875,95.18848,17497,2017,11,27
"Rhincodon typus",-25.6,113,17483,2017,11,13
"Rhincodon typus",-16.43453,98.40514,17477,2017,11,7
"Rhincodon typus",-22.86534,112.5749,17471,2017,11,1
"Rhincodon typus",-29.86597,113.5067,17494,2017,11,24
"Rhincodon typus",-25.5,112.9,17473,2017,11,3
"Rhincodon typus",-21.8,114.2,17483,2017,11,13
"Rhincodon typus",-25.6,112.9,17483,2017,11,13
"Rhincodon typus",-27.96829,110.58545,17486,2017,11,16
"Rhincodon typus",-22.1,113.9,17485,2017,11,15
"Rhincodon typus",-16.71289,96.16691,17496,2017,11,26
"Rhincodon typus",-15.54119,98.26695,17484,2017,11,14
"Rhincodon typus",-22.62582,112.46389,17473,2017,11,3
"Rhincodon typus",-27.11055,110.54699,17481,2017,11,11
"Rhincodon typus",-22.66382,112.42978,17473,2017,11,3
"Rhincodon typus",-26.73363,113.55415,17499,2017,11,29
"Rhincodon typus",-25.7,113,17485,2017,11,15
"Rhincodon typus",-25.5,113,17474,2017,11,4
"Rhincodon typus",-27.13124,110.47645,17481,2017,11,11
"Rhincodon typus",-15.54728,98.26532,17484,2017,11,14
"Rhincodon typus",-16.76985,98.37391,17475,2017,11,5
"Rhincodon typus",-15.74051,98.3652,17482,2017,11,12
"Rhincodon typus",-25.6,112.9,17493,2017,11,23
"Rhincodon typus",-22.70093,112.34816,17472,2017,11,2
"Rhincodon typus",-20.4,115.7,17481,2017,11,11
"Rhincodon typus",-22.1564,112.57463,17475,2017,11,5
"Rhincodon typus",-16.60249,98.35198,17476,2017,11,6
"Rhincodon typus",-27.57274,110.80289,17488,2017,11,18
"Rhincodon typus",-20.25195,115.39211,17482,2017,11,12
"Rhincodon typus",-20.4,115.6,17480,2017,11,10
"Rhincodon typus",-21.95631,112.86479,17477,2017,11,7
"Rhincodon typus",-26.72209,113.50743,17499,2017,11,29
"Rhincodon typus",-16.70399,95.16348,17497,2017,11,27
"Rhincodon typus",-17.0313,97.62817,17471,2017,11,1
"Rhincodon typus",-16.04805,96.19593,17491,2017,11,21
"Rhincodon typus",-25.7,113,17489,2017,11,19
"Rhincodon typus",-26.94049,110.81404,17482,2017,11,12
"Rhincodon typus",-22,113.8,17490,2017,11,20
"Rhincodon typus",-25.5,113,17475,2017,11,5
"Rhincodon typus",-22,113.9,17485,2017,11,15
"Rhincodon typus",-25.5,113,17484,2017,11,14
"Rhincodon typus",-22.61919,112.45858,17473,2017,11,3
"Rhincodon typus",-15.53727,111.04864,17476,2017,11,6
"Rhincodon typus",-15.5396,111.04326,17476,2017,11,6
"Rhincodon typus",-25.6,112.9,17492,2017,11,22
"Rhincodon typus",-16.50718,94.87571,17497,2017,11,27
"Rhincodon typus",-16.18603,95.96518,17493,2017,11,23
"Rhincodon typus",-22,113.9,17490,2017,11,20
"Rhincodon typus",-15.34345,98.21228,17485,2017,11,15
"Rhincodon typus",-16.4005,98.42126,17477,2017,11,7
"Rhincodon typus",-16.15418,98.51674,17480,2017,11,10
"Rhincodon typus",-15.46052,111.58397,17472,2017,11,2
"Rhincodon typus",-16.09364,96.07737,17492,2017,11,22
"Rhincodon typus",-25.6,112.9,17479,2017,11,9
"Rhincodon typus",-22.70582,112.37429,17472,2017,11,2
"Rhincodon typus",-16.28334,98.44848,17478,2017,11,8
"Rhincodon typus",-22.71374,112.34531,17472,2017,11,2
"Rhincodon typus",-27.86608,110.48354,17485,2017,11,15
"Rhincodon typus",-25.86187,111.97921,17496,2017,11,26
"Rhincodon typus",-16.62918,96.18735,17496,2017,11,26
"Rhincodon typus",-15.59649,98.45922,17482,2017,11,12
"Rhincodon typus",-22.33624,112.58102,17474,2017,11,4
"Rhincodon typus",-16.26623,94.56709,17499,2017,11,29
"Rhincodon typus",-15.96768,96.25525,17488,2017,11,18
"Rhincodon typus",-16.16347,94.01019,17500,2017,11,30
"Rhincodon typus",-20.32542,115.30142,17471,2017,11,1
"Rhincodon typus",-22.17728,112.73724,17475,2017,11,5
"Rhincodon typus",-16.27422,98.46206,17478,2017,11,8
"Rhincodon typus",-26.6,113.6,17499,2017,11,29
"Rhincodon typus",-21.40878,113.03044,17478,2017,11,8
"Rhincodon typus",-29.68244,113.77755,17496,2017,11,26
"Rhincodon typus",-15.71094,98.34254,17483,2017,11,13
"Rhincodon typus",-17.1662,97.92712,17472,2017,11,2
"Rhincodon typus",-25.7,112.9,17486,2017,11,16
"Rhincodon typus",-15.95536,96.31867,17488,2017,11,18
"Rhincodon typus",-16.5226,94.89105,17497,2017,11,27
"Rhincodon typus",-16.48251,94.87758,17497,2017,11,27
"Rhincodon typus",-17.0057,95.27067,17497,2017,11,27
"Rhincodon typus",-16.2476,95.90034,17493,2017,11,23
"Rhincodon typus",-25.7,113,17490,2017,11,20
"Rhincodon typus",-22.18098,112.73579,17475,2017,11,5
"Rhincodon typus",-15.55532,98.28266,17484,2017,11,14
"Rhincodon typus",-16.3808,98.45604,17476,2017,11,6
"Rhincodon typus",-22.56007,112.45549,17473,2017,11,3
"Rhincodon typus",-22.82041,112.69778,17471,2017,11,1
"Rhincodon typus",-25.6,113,17492,2017,11,22
"Rhincodon typus",-27.12431,110.48769,17481,2017,11,11
"Rhincodon typus",10.48136,123.82084,17483,2017,11,13
"Rhincodon typus",-21.9,113.93,17515,2017,12,15
"Rhincodon typus",-32.5,114.5,17518,2017,12,18
"Rhincodon typus",-29.5,113.5,17506,2017,12,6
"Rhincodon typus",-32.5,112.5,17524,2017,12,24
"Rhincodon typus",-32.5,113.5,17522,2017,12,22
"Rhincodon typus",-26,113.2,17515,2017,12,15
"Rhincodon typus",-30.28705,112.68954,17516,2017,12,16
"Rhincodon typus",-20.35529,115.37321,17501,2017,12,1
"Rhincodon typus",-30.43749,113.56895,17519,2017,12,19
"Rhincodon typus",-26,113.1,17518,2017,12,18
"Rhincodon typus",-29.64098,112.8971,17508,2017,12,8
"Rhincodon typus",-31.12117,114.39592,17527,2017,12,27
"Rhincodon typus",-29.39751,111.76103,17506,2017,12,6
"Rhincodon typus",-20.49728,95.37199,17522,2017,12,22
"Rhincodon typus",-31.09199,113.69879,17522,2017,12,22
"Rhincodon typus",-20.33791,96.44651,17525,2017,12,25
"Rhincodon typus",-26.2,113.2,17522,2017,12,22
"Rhincodon typus",-26.2,113.2,17513,2017,12,13
"Rhincodon typus",-25.5,113,17531,2017,12,31
"Rhincodon typus",-20.31076,96.80123,17525,2017,12,25
"Rhincodon typus",-29.73451,112.69819,17511,2017,12,11
"Rhincodon typus",-29.42776,112.62028,17507,2017,12,7
"Rhincodon typus",-30.05204,112.73464,17517,2017,12,17
"Rhincodon typus",-30.69983,113.67991,17520,2017,12,20
"Rhincodon typus",-29.46815,111.72685,17505,2017,12,5
"Rhincodon typus",-29.61805,112.90493,17508,2017,12,8
"Rhincodon typus",-29.67003,112.25848,17513,2017,12,13
"Rhincodon typus",-22.37147,112.82332,17513,2017,12,13
"Rhincodon typus",-20.30593,97.05628,17517,2017,12,17
"Rhincodon typus",-26.2,113.1,17523,2017,12,23
"Rhincodon typus",-30.83158,113.73688,17521,2017,12,21
"Rhincodon typus",-26.1,113.2,17514,2017,12,14
"Rhincodon typus",-29.74427,112.2451,17512,2017,12,12
"Rhincodon typus",-30.28322,112.71374,17516,2017,12,16
"Rhincodon typus",-20.31318,96.80116,17525,2017,12,25
"Rhincodon typus",-16.21319,94.09689,17501,2017,12,1
"Rhincodon typus",-25.6,112.9,17527,2017,12,27
"Rhincodon typus",-20.34041,96.43576,17524,2017,12,24
"Rhincodon typus",-26,113.2,17519,2017,12,19
"Rhincodon typus",-30.82316,113.74709,17521,2017,12,21
"Rhincodon typus",-29.44529,112.62842,17507,2017,12,7
"Rhincodon typus",-26.1,113.2,17517,2017,12,17
"Rhincodon typus",-17.5,118.5,17386,2017,8,8
"Rhincodon typus",-17.5,115.5,17376,2017,7,29
"Rhincodon typus",-14.66481,145.66343,16805,2016,1,5
"Rhincodon typus",-22.7,113.6,16830,2016,1,30
"Rhincodon typus",-22.7,113.6,16831,2016,1,31
"Rhincodon typus",-22.8,113.7,16821,2016,1,21
"Rhincodon typus",-22.8,113.7,16827,2016,1,27
"Rhincodon typus",-22.8,113.7,16822,2016,1,22
"Rhincodon typus",-22.7,113.6,16829,2016,1,29
"Rhincodon typus",-21.81889,112.79861,16807,2016,1,7
"Rhincodon typus",-21.81889,112.83361,16808,2016,1,8
"Rhincodon typus",-22.7,113.6,16821,2016,1,21
"Rhincodon typus",-21.8025,112.93972,16809,2016,1,9
"Rhincodon typus",-21.77306,112.92222,16809,2016,1,9
"Rhincodon typus",-22.8,113.7,16828,2016,1,28
"Rhincodon typus",9.36036,123.41071,16828,2016,1,28
"Rhincodon typus",9.39108,123.43054,16828,2016,1,28
"Rhincodon typus",9.21361,123.46065,16828,2016,1,28
"Rhincodon typus",9.31533,123.53432,16828,2016,1,28
"Rhincodon typus",9.36988,123.52188,16828,2016,1,28
"Rhincodon typus",12.4885,123.903,16853,2016,2,22
"Rhincodon typus",12.6824,123.592,16852,2016,2,21
"Rhincodon typus",12.4885,123.903,16854,2016,2,23
"Rhincodon typus",9.40427,123.53742,16833,2016,2,2
"Rhincodon typus",-23.13,113.73,16839,2016,2,8
"Rhincodon typus",-22.6,113.62,16839,2016,2,8
"Rhincodon typus",9.50831,123.24098,16842,2016,2,11
"Rhincodon typus",-3.21077,134.94755,16848,2016,2,17
"Rhincodon typus",-3.20598,134.94667,16848,2016,2,17
"Rhincodon typus",-3.1918,134.90815,16852,2016,2,21
"Rhincodon typus",-3.19,134.9,16853,2016,2,22
"Rhincodon typus",-22.89806,113.6875,16842,2016,2,11
"Rhincodon typus",-22.9,113.7,16843,2016,2,12
"Rhincodon typus",-22.9,113.7,16838,2016,2,7
"Rhincodon typus",-22.8,113.6,16834,2016,2,3
"Rhincodon typus",-22.8,113.7,16833,2016,2,2
"Rhincodon typus",-22.9,113.7,16845,2016,2,14
"Rhincodon typus",-22.8,113.7,16837,2016,2,6
"Rhincodon typus",10.04129,115.60127,16890,2016,3,30
"Rhincodon typus",-21.89,113.92,16879,2016,3,19
"Rhincodon typus",-21.88,113.91,16881,2016,3,21
"Rhincodon typus",-22.6,113.62,16882,2016,3,22
"Rhincodon typus",-21.9,113.93,16879,2016,3,19
"Rhincodon typus",-21.89,113.92,16881,2016,3,21
"Rhincodon typus",-21.88,113.91,16891,2016,3,31
"Rhincodon typus",-21.88,113.91,16889,2016,3,29
"Rhincodon typus",-21.9,113.93,16881,2016,3,21
"Rhincodon typus",-22.59,113.61,16883,2016,3,23
"Rhincodon typus",-22.6,113.61,16882,2016,3,22
"Rhincodon typus",-22.6,113.61,16883,2016,3,23
"Rhincodon typus",-22.59,113.61,16882,2016,3,22
"Rhincodon typus",-22.9,113.7,16861,2016,3,1
"Rhincodon typus",-21.84651,113.9653,16895,2016,4,4
"Rhincodon typus",-22.59,113.61,16895,2016,4,4
"Rhincodon typus",-22.6,113.61,16895,2016,4,4
"Rhincodon typus",-21.9,113.93,16892,2016,4,1
"Rhincodon typus",9.45912,123.38208,16917,2016,4,26
"Rhincodon typus",10.29986,123.9711,16912,2016,4,21
"Rhincodon typus",14.5688,120.98198,16893,2016,4,2
"Rhincodon typus",-21.60889,114.30417,16921,2016,4,30
"Rhincodon typus",-21.9,113.9,16919,2016,4,28
"Rhincodon typus",-22.8,113.6,16895,2016,4,4
"Rhincodon typus",-22.9,113.8,16900,2016,4,9
"Rhincodon typus",-21.72278,114.04667,16920,2016,4,29
"Rhincodon typus",-22.86028,113.64528,16897,2016,4,6
"Rhincodon typus",-21.73944,114.04361,16920,2016,4,29
"Rhincodon typus",-22.8,113.7,16894,2016,4,3
"Rhincodon typus",-22.8,113.6,16894,2016,4,3
"Rhincodon typus",-21.59972,114.31028,16921,2016,4,30
"Rhincodon typus",10.4831,99.4186,16927,2016,5,6
"Rhincodon typus",2.64919,104.00334,16935,2016,5,14
"Rhincodon typus",9.46658,123.48732,16944,2016,5,23
"Rhincodon typus",12.82653,123.44516,16924,2016,5,3
"Rhincodon typus",12.94562,123.57652,16924,2016,5,3
"Rhincodon typus",12.92095,123.45457,16924,2016,5,3
"Rhincodon typus",12.94172,123.4292,16923,2016,5,2
"Rhincodon typus",12.8942,123.53846,16923,2016,5,2
"Rhincodon typus",12.85082,123.49064,16924,2016,5,3
"Rhincodon typus",12.97378,123.53072,16924,2016,5,3
"Rhincodon typus",12.93407,123.41185,16924,2016,5,3
"Rhincodon typus",9.54588,123.46015,16944,2016,5,23
"Rhincodon typus",-3.26217,135.03197,16951,2016,5,30
"Rhincodon typus",-3.3,135.9,16944,2016,5,23
"Rhincodon typus",-19.73833,117.89472,16949,2016,5,28
"Rhincodon typus",-21.62222,114.06167,16922,2016,5,1
"Rhincodon typus",-21.61778,114.1525,16922,2016,5,1
"Rhincodon typus",-21.61556,114.31444,16924,2016,5,3
"Rhincodon typus",-19.74444,117.90278,16949,2016,5,28
"Rhincodon typus",-21.59833,114.23,16923,2016,5,2
"Rhincodon typus",-19.98778,118.185,16951,2016,5,30
"Rhincodon typus",-19.865,118.06278,16950,2016,5,29
"Rhincodon typus",-21.64583,114.14972,16922,2016,5,1
"Rhincodon typus",-19.72361,117.98583,16950,2016,5,29
"Rhincodon typus",-19.91222,118.10583,16951,2016,5,30
"Rhincodon typus",-19.69083,117.99444,16948,2016,5,27
"Rhincodon typus",-19.80639,118.03861,16950,2016,5,29
"Rhincodon typus",-21.6,114.3,16927,2016,5,6
"Rhincodon typus",-19.71306,118.05167,16948,2016,5,27
"Rhincodon typus",-19.66972,118.11639,16949,2016,5,28
"Rhincodon typus",-20.15944,115.43694,16935,2016,5,14
"Rhincodon typus",-19.89556,118.09528,16951,2016,5,30
"Rhincodon typus",-21.63528,114.14194,16922,2016,5,1
"Rhincodon typus",-19.86472,118.06056,16950,2016,5,29
"Rhincodon typus",9.45397,123.27021,16966,2016,6,14
"Rhincodon typus",-21.84,113.97,16954,2016,6,2
"Rhincodon typus",-21.95,113.89,16955,2016,6,3
"Rhincodon typus",-21.88,113.91,16954,2016,6,2
"Rhincodon typus",-21.89,113.92,16972,2016,6,20
"Rhincodon typus",-21.88,113.91,16956,2016,6,4
"Rhincodon typus",-22.6,113.62,16957,2016,6,5
"Rhincodon typus",-21.88,113.91,16955,2016,6,3
"Rhincodon typus",-21.89,113.92,16958,2016,6,6
"Rhincodon typus",-21.95,113.9,16955,2016,6,3
"Rhincodon typus",-21.85,113.96,16954,2016,6,2
"Rhincodon typus",-21.89,113.91,16955,2016,6,3
"Rhincodon typus",-21.89,113.92,16955,2016,6,3
"Rhincodon typus",-21.9,113.93,16972,2016,6,20
"Rhincodon typus",-21.9,113.93,16980,2016,6,28
"Rhincodon typus",-21.9,113.93,16965,2016,6,13
"Rhincodon typus",-21.9,113.93,16955,2016,6,3
"Rhincodon typus",-21.89,113.92,16960,2016,6,8
"Rhincodon typus",-21.89,113.92,16957,2016,6,5
"Rhincodon typus",-22.38926,166.1845,16962,2016,6,10
"Rhincodon typus",-20.5,112.5,16961,2016,6,9
"Rhincodon typus",-19.825,115.58444,16980,2016,6,28
"Rhincodon typus",-20.33833,115.41861,16963,2016,6,11
"Rhincodon typus",-20.1125,117.15167,16957,2016,6,5
"Rhincodon typus",-20.3,115.5,16961,2016,6,9
"Rhincodon typus",-19.84861,115.68278,16981,2016,6,29
"Rhincodon typus",-19.825,115.65028,16981,2016,6,29
"Rhincodon typus",-19.84611,115.59861,16980,2016,6,28
"Rhincodon typus",-20.3,115.6,16961,2016,6,9
"Rhincodon typus",-20.11778,117.05583,16955,2016,6,3
"Rhincodon typus",-20.3,115.4,16962,2016,6,10
"Rhincodon typus",-20.34972,115.33028,16963,2016,6,11
"Rhincodon typus",-19.60972,115.63111,16982,2016,6,30
"Rhincodon typus",-19.61083,115.64167,16982,2016,6,30
"Rhincodon typus",-20.10778,117.12639,16956,2016,6,4
"Rhincodon typus",-20.10889,117.12389,16956,2016,6,4
"Rhincodon typus",-20.4,115.8,16978,2016,6,26
"Rhincodon typus",-19.82667,115.59167,16980,2016,6,28
"Rhincodon typus",-19.60833,115.61917,16982,2016,6,30
"Rhincodon typus",-20.4,115.6,16961,2016,6,9
"Rhincodon typus",-20.30306,115.88583,16977,2016,6,25
"Rhincodon typus",-19.50611,115.7125,16982,2016,6,30
"Rhincodon typus",-20.4,115.7,16976,2016,6,24
"Rhincodon typus",-20.4,115.7,16960,2016,6,8
"Rhincodon typus",-20.10417,117.13917,16956,2016,6,4
"Rhincodon typus",-19.6075,115.62889,16982,2016,6,30
"Rhincodon typus",-20.3,115.5,16962,2016,6,10
"Rhincodon typus",-20.4,115.7,16961,2016,6,9
"Rhincodon typus",-19.86194,115.63111,16981,2016,6,29
"Rhincodon typus",-20.13944,117.1575,16957,2016,6,5
"Rhincodon typus",-20.13111,117.15667,16957,2016,6,5
"Rhincodon typus",-20.32222,115.62167,16962,2016,6,10
"Rhincodon typus",-19.83917,115.58139,16980,2016,6,28
"Rhincodon typus",-19.82694,115.66,16981,2016,6,29
"Rhincodon typus",-19.78528,115.42194,16969,2016,6,17
"Rhincodon typus",-20.13389,117.1675,16957,2016,6,5
"Rhincodon typus",-20.30333,115.89028,16977,2016,6,25
"Rhincodon typus",-20.33972,115.40667,16963,2016,6,11
"Rhincodon typus",-20.33611,115.39583,16963,2016,6,11
"Rhincodon typus",-19.82694,115.68222,16981,2016,6,29
"Rhincodon typus",-20.11694,117.095,16955,2016,6,3
"Rhincodon typus",-20.08861,117.12139,16956,2016,6,4
"Rhincodon typus",-20.13806,117.15333,16957,2016,6,5
"Rhincodon typus",-20.12167,117.05667,16955,2016,6,3
"Rhincodon typus",-19.78306,115.43556,16969,2016,6,17
"Rhincodon typus",-20.09083,117.06278,16955,2016,6,3
"Rhincodon typus",-19.60944,115.62806,16982,2016,6,30
"Rhincodon typus",10.14252,125.08256,16996,2016,7,14
"Rhincodon typus",9.53722,123.52805,16993,2016,7,11
"Rhincodon typus",-21.9,113.93,16985,2016,7,3
"Rhincodon typus",-21.89,113.92,16985,2016,7,3
"Rhincodon typus",-21.9,113.93,17009,2016,7,27
"Rhincodon typus",-21.9,113.93,17013,2016,7,31
"Rhincodon typus",-22.07609,113.7458,16994,2016,7,12
"Rhincodon typus",9.48925,123.32579,17008,2016,7,26
"Rhincodon typus",9.40822,123.36544,17008,2016,7,26
"Rhincodon typus",-21.83625,113.82279,17002,2016,7,20
"Rhincodon typus",-17.5,119.5,16992,2016,7,10
"Rhincodon typus",-14.5,118.5,17012,2016,7,30
"Rhincodon typus",-17.5,120.5,16996,2016,7,14
"Rhincodon typus",-20.13611,115.50417,17006,2016,7,24
"Rhincodon typus",-19.76917,115.25194,16983,2016,7,1
"Rhincodon typus",-20.22083,114.88167,16988,2016,7,6
"Rhincodon typus",-19.95889,115.05139,16984,2016,7,2
"Rhincodon typus",-20.30861,114.9825,17013,2016,7,31
"Rhincodon typus",-20.20583,114.89778,16988,2016,7,6
"Rhincodon typus",-19.95667,115.02944,16984,2016,7,2
"Rhincodon typus",-20.05028,114.94417,16987,2016,7,5
"Rhincodon typus",-20.11861,115.08111,16992,2016,7,10
"Rhincodon typus",-20.03194,115.07639,16992,2016,7,10
"Rhincodon typus",-19.90028,115.13889,16984,2016,7,2
"Rhincodon typus",-19.99611,114.9825,16985,2016,7,3
"Rhincodon typus",-20.14944,114.96778,16986,2016,7,4
"Rhincodon typus",-19.96,115.02389,16984,2016,7,2
"Rhincodon typus",-20.12056,114.96333,16986,2016,7,4
"Rhincodon typus",-20.15833,114.91583,16985,2016,7,3
"Rhincodon typus",-19.79278,115.35833,17000,2016,7,18
"Rhincodon typus",-19.99,114.97833,16985,2016,7,3
"Rhincodon typus",-20.08556,115.13583,17007,2016,7,25
"Rhincodon typus",-20.20861,115.06028,16999,2016,7,17
"Rhincodon typus",-19.69056,115.47056,17001,2016,7,19
"Rhincodon typus",-19.83722,115.18944,16984,2016,7,2
"Rhincodon typus",-19.96361,115.12778,16993,2016,7,11
"Rhincodon typus",-20.04667,114.93583,16987,2016,7,5
"Rhincodon typus",-20.02139,114.92472,16986,2016,7,4
"Rhincodon typus",-20.05694,114.94917,16995,2016,7,13
"Rhincodon typus",-20.07417,114.90611,16995,2016,7,13
"Rhincodon typus",-19.96944,115.01694,16985,2016,7,3
"Rhincodon typus",-20.0575,115.37889,17006,2016,7,24
"Rhincodon typus",-20.15222,114.93083,16985,2016,7,3
"Rhincodon typus",-20.00028,114.93111,16986,2016,7,4
"Rhincodon typus",-20.12389,115.06861,16991,2016,7,9
"Rhincodon typus",-20.06806,114.86028,16995,2016,7,13
"Rhincodon typus",-19.805,115.21083,16983,2016,7,1
"Rhincodon typus",-20.02361,114.99806,16985,2016,7,3
"Rhincodon typus",-19.86361,115.14806,16984,2016,7,2
"Rhincodon typus",-20.22111,114.90333,16987,2016,7,5
"Rhincodon typus",-19.81028,115.20222,16983,2016,7,1
"Rhincodon typus",-20.02222,115.24028,16994,2016,7,12
"Rhincodon typus",-19.98222,115.13417,16993,2016,7,11
"Rhincodon typus",-20.11917,114.96194,16985,2016,7,3
"Rhincodon typus",-19.725,115.40556,17001,2016,7,19
"Rhincodon typus",-20.20861,115.00694,16991,2016,7,9
"Rhincodon typus",-20.21667,114.89,16988,2016,7,6
"Rhincodon typus",-20.30694,114.98139,17013,2016,7,31
"Rhincodon typus",-19.69028,115.46972,17001,2016,7,19
"Rhincodon typus",-20.14722,114.96528,16985,2016,7,3
"Rhincodon typus",-20.30694,114.96556,17013,2016,7,31
"Rhincodon typus",-19.79333,115.22472,16983,2016,7,1
"Rhincodon typus",-20.31861,114.97028,17013,2016,7,31
"Rhincodon typus",-20.14833,114.885,16990,2016,7,8
"Rhincodon typus",-20.315,114.98556,17013,2016,7,31
"Rhincodon typus",-19.51167,115.62556,16983,2016,7,1
"Rhincodon typus",-20.14278,114.94,16985,2016,7,3
"Rhincodon typus",-20.09806,115.06333,16992,2016,7,10
"Rhincodon typus",-19.78694,115.35611,17000,2016,7,18
"Rhincodon typus",-19.94528,115.01639,16984,2016,7,2
"Rhincodon typus",-20.015,115.00833,16985,2016,7,3
"Rhincodon typus",-20.14722,114.88694,16990,2016,7,8
"Rhincodon typus",-20.01694,115.24028,16994,2016,7,12
"Rhincodon typus",-19.81083,115.245,16983,2016,7,1
"Rhincodon typus",-19.78972,115.23833,16983,2016,7,1
"Rhincodon typus",-20.14889,115.17639,17008,2016,7,26
"Rhincodon typus",-19.85639,115.17056,16984,2016,7,2
"Rhincodon typus",-20.21361,115.05278,16991,2016,7,9
"Rhincodon typus",-20.22361,115.13139,16995,2016,7,13
"Rhincodon typus",-20.00333,114.93444,16986,2016,7,4
"Rhincodon typus",-19.94583,115.01583,16984,2016,7,2
"Rhincodon typus",-20.11417,115.0825,16992,2016,7,10
"Rhincodon typus",-20.12306,114.96444,16986,2016,7,4
"Rhincodon typus",-20.02972,114.9275,16987,2016,7,5
"Rhincodon typus",-20.03056,114.94111,16986,2016,7,4
"Rhincodon typus",-20.31611,114.9625,17013,2016,7,31
"Rhincodon typus",-20.10722,115.10028,17007,2016,7,25
"Rhincodon typus",-19.51417,115.59611,16983,2016,7,1
"Rhincodon typus",-20.10667,114.96,16985,2016,7,3
"Rhincodon typus",-20.12639,114.96417,16986,2016,7,4
"Rhincodon typus",-19.97222,115.0625,16984,2016,7,2
"Rhincodon typus",-20.14139,115.91333,17008,2016,7,26
"Rhincodon typus",-20.02583,115.00583,16985,2016,7,3
"Rhincodon typus",-20.04528,114.93306,16987,2016,7,5
"Rhincodon typus",-20.13889,114.93306,16985,2016,7,3
"Rhincodon typus",-20.01222,114.93194,16986,2016,7,4
"Rhincodon typus",-19.8875,115.14,16984,2016,7,2
"Rhincodon typus",-19.75306,115.2625,16983,2016,7,1
"Rhincodon typus",-19.75361,115.31833,17000,2016,7,18
"Rhincodon typus",-20.21611,115.02472,16991,2016,7,9
"Rhincodon typus",-20.20389,115.05306,16999,2016,7,17
"Rhincodon typus",-19.75611,115.28861,17000,2016,7,18
"Rhincodon typus",-20.06056,114.86,16995,2016,7,13
"Rhincodon typus",-20.11139,115.05722,16991,2016,7,9
"Rhincodon typus",-19.97111,115.04111,16984,2016,7,2
"Rhincodon typus",-20.20639,115.0375,16999,2016,7,17
"Rhincodon typus",-19.97694,115.11861,16993,2016,7,11
"Rhincodon typus",-20.29972,114.95944,17013,2016,7,31
"Rhincodon typus",-20.28083,115.02056,16996,2016,7,14
"Rhincodon typus",-19.9825,115.10472,16993,2016,7,11
"Rhincodon typus",-20.18,115.005,16991,2016,7,9
"Rhincodon typus",-20.20556,115.06056,16999,2016,7,17
"Rhincodon typus",-19.96861,115.05806,16984,2016,7,2
"Rhincodon typus",-20.15639,114.97,16986,2016,7,4
"Rhincodon typus",-20.01167,115.1025,16992,2016,7,10
"Rhincodon typus",-20.21444,115.03611,16991,2016,7,9
"Rhincodon typus",-19.9975,114.99472,16985,2016,7,3
"Rhincodon typus",-20.04278,115.20444,16994,2016,7,12
"Rhincodon typus",-2.16994,134.65448,17022,2016,8,9
"Rhincodon typus",-2.10704,134.66743,17022,2016,8,9
"Rhincodon typus",-2.05627,134.63616,17024,2016,8,11
"Rhincodon typus",-12.21577,130.86674,17014,2016,8,1
"Rhincodon typus",-22.6,113.61,17021,2016,8,8
"Rhincodon typus",-21.9,113.93,17022,2016,8,9
"Rhincodon typus",-21.88,113.91,17015,2016,8,2
"Rhincodon typus",-21.9,113.93,17017,2016,8,4
"Rhincodon typus",-22.6,113.62,17021,2016,8,8
"Rhincodon typus",-16.5,114.5,17027,2016,8,14
"Rhincodon typus",-17.5,114.5,17024,2016,8,11
"Rhincodon typus",-11.5,122.5,17043,2016,8,30
"Rhincodon typus",-21.72667,113.91889,17022,2016,8,9
"Rhincodon typus",-19.21444,116.24639,17023,2016,8,10
"Rhincodon typus",-21.9,113.9,17021,2016,8,8
"Rhincodon typus",-21.60806,114.26583,17028,2016,8,15
"Rhincodon typus",-21.65806,113.85306,17022,2016,8,9
"Rhincodon typus",-22,113.9,17021,2016,8,8
"Rhincodon typus",-22.74806,113.56917,17037,2016,8,24
"Rhincodon typus",-20.5825,115.31444,17035,2016,8,22
"Rhincodon typus",-22.7,113.6,17035,2016,8,22
"Rhincodon typus",-19.85528,115.15472,17036,2016,8,23
"Rhincodon typus",-19.8375,115.15028,17036,2016,8,23
"Rhincodon typus",-22,113.8,17021,2016,8,8
"Rhincodon typus",-19.10167,116.24917,17024,2016,8,11
"Rhincodon typus",-21.57722,114.14833,17025,2016,8,12
"Rhincodon typus",-19.35444,116.66222,17042,2016,8,29
"Rhincodon typus",-19.76167,115.08722,17036,2016,8,23
"Rhincodon typus",-21.45306,114.08444,17023,2016,8,10
"Rhincodon typus",-20.42722,115.14972,17035,2016,8,22
"Rhincodon typus",-19.11028,116.24083,17024,2016,8,11
"Rhincodon typus",-22,113.9,17022,2016,8,9
"Rhincodon typus",-20.79472,115.17278,17034,2016,8,21
"Rhincodon typus",-22.1,113.8,17020,2016,8,7
"Rhincodon typus",-19.35944,116.63,17041,2016,8,28
"Rhincodon typus",-22,113.9,17020,2016,8,7
"Rhincodon typus",-19.20833,116.24528,17023,2016,8,10
"Rhincodon typus",-21.81083,113.89833,17022,2016,8,9
"Rhincodon typus",-21.8925,113.84806,17021,2016,8,8
"Rhincodon typus",-19.37472,116.64611,17041,2016,8,28
"Rhincodon typus",-21.65167,114.05667,17023,2016,8,10
"Rhincodon typus",-21.6075,114.31306,17025,2016,8,12
"Rhincodon typus",-19.31806,116.75639,17040,2016,8,27
"Rhincodon typus",-22.1,113.9,17019,2016,8,6
"Rhincodon typus",-21.62194,114.22194,17030,2016,8,17
"Rhincodon typus",-19.86194,115.20083,17037,2016,8,24
"Rhincodon typus",-19.72972,115.08361,17036,2016,8,23
"Rhincodon typus",-19.66056,115.09333,17036,2016,8,23
"Rhincodon typus",-20.6203,114.8517,17015,2016,8,2
"Rhincodon typus",-21.51417,114.13472,17026,2016,8,13
"Rhincodon typus",-21.60611,114.13917,17025,2016,8,12
"Rhincodon typus",-19.36306,116.69556,17041,2016,8,28
"Rhincodon typus",-19.86167,115.16417,17036,2016,8,23
"Rhincodon typus",-20.2908,114.8122,17014,2016,8,1
"Rhincodon typus",-19.37778,116.70528,17040,2016,8,27
"Rhincodon typus",-19.86389,115.235,17037,2016,8,24
"Rhincodon typus",-22,113.9,17040,2016,8,27
"Rhincodon typus",-20.44861,115.25472,17035,2016,8,22
"Rhincodon typus",-22.1,113.9,17042,2016,8,29
"Rhincodon typus",-19.71472,115.07611,17036,2016,8,23
"Rhincodon typus",-19.11806,116.23,17025,2016,8,12
"Rhincodon typus",-21.57722,113.84583,17022,2016,8,9
"Rhincodon typus",-20.2964,114.9681,17014,2016,8,1
"Rhincodon typus",-21.57389,114.17722,17031,2016,8,18
"Rhincodon typus",-21.67556,114.06444,17023,2016,8,10
"Rhincodon typus",-21.61083,114.14333,17025,2016,8,12
"Rhincodon typus",-19.36833,116.63972,17041,2016,8,28
"Rhincodon typus",-21.60444,114.29694,17025,2016,8,12
"Rhincodon typus",-19.12167,116.33,17044,2016,8,31
"Rhincodon typus",-21.55556,114.29083,17026,2016,8,13
"Rhincodon typus",-19.35083,116.65028,17042,2016,8,29
"Rhincodon typus",-19.35972,116.67639,17041,2016,8,28
"Rhincodon typus",-19.35194,116.6575,17042,2016,8,29
"Rhincodon typus",-21.565,114.15056,17025,2016,8,12
"Rhincodon typus",-19.86639,115.32583,17038,2016,8,25
"Rhincodon typus",-22.03972,113.83167,17021,2016,8,8
"Rhincodon typus",-22,113.9,17018,2016,8,5
"Rhincodon typus",-19.70389,115.08528,17036,2016,8,23
"Rhincodon typus",-19.89389,115.37667,17038,2016,8,25
"Rhincodon typus",-19.21778,116.25306,17023,2016,8,10
"Rhincodon typus",-19.92444,115.20556,17037,2016,8,24
"Rhincodon typus",-19.11444,116.18722,17025,2016,8,12
"Rhincodon typus",-20.39222,115.1275,17035,2016,8,22
"Rhincodon typus",-20.43222,115.26222,17035,2016,8,22
"Rhincodon typus",-21.67333,114.08278,17023,2016,8,10
"Rhincodon typus",-22.8,113.6,17038,2016,8,25
"Rhincodon typus",-22.10028,113.81778,17021,2016,8,8
"Rhincodon typus",-21.79,113.92583,17022,2016,8,9
"Rhincodon typus",-20.39306,115.16861,17035,2016,8,22
"Rhincodon typus",-20.14861,115.14694,17040,2016,8,27
"Rhincodon typus",-21.78,113.89472,17022,2016,8,9
"Rhincodon typus",-19.8425,115.08028,17037,2016,8,24
"Rhincodon typus",-21.91889,113.84611,17021,2016,8,8
"Rhincodon typus",-21.60389,114.31139,17025,2016,8,12
"Rhincodon typus",-20.04639,115.44972,17039,2016,8,26
"Rhincodon typus",-19.78083,115.87528,17037,2016,8,24
"Rhincodon typus",-21.77111,113.91972,17022,2016,8,9
"Rhincodon typus",-21.67056,114.07333,17023,2016,8,10
"Rhincodon typus",-21.63861,114.15639,17026,2016,8,13
"Rhincodon typus",-22.1,113.8,17019,2016,8,6
"Rhincodon typus",-20.51806,115.26722,17035,2016,8,22
"Rhincodon typus",-19.38639,115.98944,17039,2016,8,26
"Rhincodon typus",-19.11111,116.24056,17024,2016,8,11
"Rhincodon typus",-22.70889,113.47833,17037,2016,8,24
"Rhincodon typus",-21.61306,114.14111,17025,2016,8,12
"Rhincodon typus",-19.22028,115.92167,17040,2016,8,27
"Rhincodon typus",-21.63389,114.13889,17025,2016,8,12
"Rhincodon typus",-19.685,115.11972,17036,2016,8,23
"Rhincodon typus",-21.60667,114.16861,17025,2016,8,12
"Rhincodon typus",-20.29083,114.81222,17014,2016,8,1
"Rhincodon typus",-21.85833,113.90444,17021,2016,8,8
"Rhincodon typus",-19.87306,115.27944,17037,2016,8,24
"Rhincodon typus",-21.58,114.15583,17025,2016,8,12
"Rhincodon typus",-21.49167,114.12056,17024,2016,8,11
"Rhincodon typus",-22.6,113.63,17060,2016,9,16
"Rhincodon typus",-21.9,113.93,17062,2016,9,18
"Rhincodon typus",-21.89,113.92,17062,2016,9,18
"Rhincodon typus",-21.9,113.93,17048,2016,9,4
"Rhincodon typus",-21.89,113.92,17048,2016,9,4
"Rhincodon typus",-21.88,113.91,17058,2016,9,14
"Rhincodon typus",-21.9,113.93,17054,2016,9,10
"Rhincodon typus",-21.9,113.93,17060,2016,9,16
"Rhincodon typus",9.04787,123.25525,17067,2016,9,23
"Rhincodon typus",-12.5,119.5,17070,2016,9,26
"Rhincodon typus",-19.5,117.5,17050,2016,9,6
"Rhincodon typus",-10.5,121.5,17063,2016,9,19
"Rhincodon typus",-11.5,120.5,17047,2016,9,3
"Rhincodon typus",-19.50472,116.48639,17057,2016,9,13
"Rhincodon typus",-22.2,113.8,17054,2016,9,10
"Rhincodon typus",-22.2,113.9,17053,2016,9,9
"Rhincodon typus",-22,113.9,17050,2016,9,6
"Rhincodon typus",-20.27111,115.13139,17066,2016,9,22
"Rhincodon typus",-21.52528,113.39917,17052,2016,9,8
"Rhincodon typus",-21.57361,113.305,17056,2016,9,12
"Rhincodon typus",-22.1,113.8,17055,2016,9,11
"Rhincodon typus",-21.8,114,17049,2016,9,5
"Rhincodon typus",-20.5475,115.00806,17065,2016,9,21
"Rhincodon typus",-20.17083,115.69417,17047,2016,9,3
"Rhincodon typus",-20.28528,115.23306,17065,2016,9,21
"Rhincodon typus",-21.30333,113.75806,17049,2016,9,5
"Rhincodon typus",-22.1,113.8,17052,2016,9,8
"Rhincodon typus",-21.30389,113.64833,17050,2016,9,6
"Rhincodon typus",-22.2,113.8,17053,2016,9,9
"Rhincodon typus",-19.72417,116.26278,17061,2016,9,17
"Rhincodon typus",-21.12056,114.78917,17045,2016,9,1
"Rhincodon typus",-19.98861,115.52471,17071,2016,9,27
"Rhincodon typus",-21.49,113.22778,17055,2016,9,11
"Rhincodon typus",-21.5675,113.29972,17056,2016,9,12
"Rhincodon typus",-22,113.9,17056,2016,9,12
"Rhincodon typus",-19.84556,116.15444,17061,2016,9,17
"Rhincodon typus",-21.59472,113.30361,17054,2016,9,10
"Rhincodon typus",-21.56917,113.28667,17054,2016,9,10
"Rhincodon typus",-20.02387,115.44668,17070,2016,9,26
"Rhincodon typus",-21.41694,113.0725,17056,2016,9,12
"Rhincodon typus",-21.51194,113.22861,17055,2016,9,11
"Rhincodon typus",-20.39611,114.98167,17067,2016,9,23
"Rhincodon typus",-21.06833,114.77556,17045,2016,9,1
"Rhincodon typus",-21.8,114.1,17058,2016,9,14
"Rhincodon typus",-21.69972,114.08028,17045,2016,9,1
"Rhincodon typus",-19.97194,115.795,17061,2016,9,17
"Rhincodon typus",-21.9,113.9,17049,2016,9,5
"Rhincodon typus",-22.1,113.9,17051,2016,9,7
"Rhincodon typus",-22.1,113.8,17054,2016,9,10
"Rhincodon typus",-21.57944,113.27722,17054,2016,9,10
"Rhincodon typus",-20.1675,115.09278,17068,2016,9,24
"Rhincodon typus",-19.52083,116.50694,17058,2016,9,14
"Rhincodon typus",-21.79139,113.97611,17049,2016,9,5
"Rhincodon typus",-21.51361,113.40667,17052,2016,9,8
"Rhincodon typus",-21.48944,113.22278,17055,2016,9,11
"Rhincodon typus",-21.57611,114.295,17061,2016,9,17
"Rhincodon typus",-21.53583,114.04917,17047,2016,9,3
"Rhincodon typus",-21.55111,114.04806,17047,2016,9,3
"Rhincodon typus",-21.79028,113.97639,17049,2016,9,5
"Rhincodon typus",-20.17694,115.245,17069,2016,9,25
"Rhincodon typus",-21.30778,113.75222,17049,2016,9,5
"Rhincodon typus",-20.29139,114.98861,17068,2016,9,24
"Rhincodon typus",-21.57306,113.30611,17056,2016,9,12
"Rhincodon typus",-21.59472,113.31833,17054,2016,9,10
"Rhincodon typus",-21.59833,113.32222,17054,2016,9,10
"Rhincodon typus",-21.29972,113.66333,17050,2016,9,6
"Rhincodon typus",-21.27111,113.66556,17049,2016,9,5
"Rhincodon typus",-19.77222,115.56583,17051,2016,9,7
"Rhincodon typus",-21.56778,113.2825,17054,2016,9,10
"Rhincodon typus",-22.1,113.9,17055,2016,9,11
"Rhincodon typus",-20.23222,115.29139,17065,2016,9,21
"Rhincodon typus",-20.2475,115.18222,17065,2016,9,21
"Rhincodon typus",-21.295,113.66583,17050,2016,9,6
"Rhincodon typus",-20.25111,115.14333,17066,2016,9,22
"Rhincodon typus",-22.1,113.8,17051,2016,9,7
"Rhincodon typus",-21.51278,113.40583,17052,2016,9,8
"Rhincodon typus",-19.94278,115.89417,17061,2016,9,17
"Rhincodon typus",-20.00807,115.49108,17071,2016,9,27
"Rhincodon typus",-21.84194,113.92667,17050,2016,9,6
"Rhincodon typus",-21.3075,113.75222,17049,2016,9,5
"Rhincodon typus",-21.66778,114.08111,17045,2016,9,1
"Rhincodon typus",-21.9,114,17049,2016,9,5
"Rhincodon typus",-21.54528,113.2575,17054,2016,9,10
"Rhincodon typus",-22,113.9,17074,2016,9,30
"Rhincodon typus",-21.92594,113.84411,17074,2016,9,30
"Rhincodon typus",-21.48444,113.22778,17055,2016,9,11
"Rhincodon typus",-19.85694,116.14472,17061,2016,9,17
"Rhincodon typus",-19.49306,116.48417,17057,2016,9,13
"Rhincodon typus",-21.84194,113.92389,17050,2016,9,6
"Rhincodon typus",-20.27139,115.2675,17065,2016,9,21
"Rhincodon typus",-20.07139,115.45083,17046,2016,9,2
"Rhincodon typus",-20.04583,115.39417,17070,2016,9,26
"Rhincodon typus",-22,113.9,17053,2016,9,9
"Rhincodon typus",-21.30833,113.6575,17050,2016,9,6
"Rhincodon typus",-20.26417,115.24722,17065,2016,9,21
"Rhincodon typus",-20.04216,115.42099,17070,2016,9,26
"Rhincodon typus",-19.79917,115.31972,17051,2016,9,7
"Rhincodon typus",-20.2225,115.67389,17062,2016,9,18
"Rhincodon typus",-21.51861,113.27861,17055,2016,9,11
"Rhincodon typus",-22.3,113.8,17053,2016,9,9
"Rhincodon typus",-21.555,113.27861,17054,2016,9,10
"Rhincodon typus",-21.30028,113.73444,17049,2016,9,5
"Rhincodon typus",1.66563,118.26954,17082,2016,10,8
"Rhincodon typus",-15.04693,145.74326,17096,2016,10,22
"Rhincodon typus",-13.61667,136.9,17105,2016,10,31
"Rhincodon typus",-21.89,113.92,17081,2016,10,7
"Rhincodon typus",-22.6,113.61,17088,2016,10,14
"Rhincodon typus",-22.6,113.61,17104,2016,10,30
"Rhincodon typus",-22.6,113.62,17103,2016,10,29
"Rhincodon typus",-22.6,113.61,17082,2016,10,8
"Rhincodon typus",-22.59,113.61,17088,2016,10,14
"Rhincodon typus",-22.59,113.61,17102,2016,10,28
"Rhincodon typus",-21.88,113.91,17085,2016,10,11
"Rhincodon typus",-22.6,113.61,17102,2016,10,28
"Rhincodon typus",-22.6,113.62,17093,2016,10,19
"Rhincodon typus",-21.9,113.93,17086,2016,10,12
"Rhincodon typus",-21.9,113.93,17105,2016,10,31
"Rhincodon typus",-3.21223,134.92218,17099,2016,10,25
"Rhincodon typus",-3.20158,134.90308,17100,2016,10,26
"Rhincodon typus",-16.5,119.5,17100,2016,10,26
"Rhincodon typus",-16.5,120.5,17097,2016,10,23
"Rhincodon typus",-20.59944,114.91806,17084,2016,10,10
"Rhincodon typus",-20.315,115.18694,17083,2016,10,9
"Rhincodon typus",-22.4,113.7,17092,2016,10,18
"Rhincodon typus",-22.8,113.7,17099,2016,10,25
"Rhincodon typus",-20.44861,114.90944,17082,2016,10,8
"Rhincodon typus",-22.7,113.6,17101,2016,10,27
"Rhincodon typus",-22.8,113.7,17098,2016,10,24
"Rhincodon typus",-22.7,113.6,17102,2016,10,28
"Rhincodon typus",-21.22944,114.73694,17086,2016,10,12
"Rhincodon typus",-22.9,113.7,17100,2016,10,26
"Rhincodon typus",-22.1,113.8,17095,2016,10,21
"Rhincodon typus",-21.23639,114.65889,17086,2016,10,12
"Rhincodon typus",-20.22472,114.98722,17081,2016,10,7
"Rhincodon typus",-22.5,113.7,17092,2016,10,18
"Rhincodon typus",-20.24722,115.19806,17078,2016,10,4
"Rhincodon typus",-22.67611,113.51333,17100,2016,10,26
"Rhincodon typus",-22.4,113.8,17091,2016,10,17
"Rhincodon typus",-20.25194,115.23417,17096,2016,10,22
"Rhincodon typus",-20.21194,115.28056,17079,2016,10,5
"Rhincodon typus",-22.72583,113.59167,17101,2016,10,27
"Rhincodon typus",-22.1,113.8,17094,2016,10,20
"Rhincodon typus",-22.8,113.6,17099,2016,10,25
"Rhincodon typus",-20.22528,115.20361,17079,2016,10,5
"Rhincodon typus",-22.6,113.6,17105,2016,10,31
"Rhincodon typus",-22.2,113.8,17096,2016,10,22
"Rhincodon typus",-22.1,113.9,17094,2016,10,20
"Rhincodon typus",-20.24833,115.25083,17096,2016,10,22
"Rhincodon typus",-22.2,113.8,17101,2016,10,27
"Rhincodon typus",-20.18778,115.16639,17080,2016,10,6
"Rhincodon typus",-22.8,113.6,17100,2016,10,26
"Rhincodon typus",-22.72972,113.58639,17102,2016,10,28
"Rhincodon typus",-20.18111,115.22917,17080,2016,10,6
"Rhincodon typus",-20.21167,115.28194,17079,2016,10,5
"Rhincodon typus",-20.53083,114.82222,17082,2016,10,8
"Rhincodon typus",-20.26139,115.23472,17096,2016,10,22
"Rhincodon typus",-20.18667,115.30944,17103,2016,10,29
"Rhincodon typus",-22,113.9,17075,2016,10,1
"Rhincodon typus",-20.15778,115.21194,17080,2016,10,6
"Rhincodon typus",-22.69556,113.56222,17102,2016,10,28
"Rhincodon typus",-22.5,113.6,17093,2016,10,19
"Rhincodon typus",-20.30694,115.18444,17083,2016,10,9
"Rhincodon typus",-20.29972,115.16778,17082,2016,10,8
"Rhincodon typus",9.58375,123.3727,17125,2016,11,20
"Rhincodon typus",-21.9,113.93,17127,2016,11,22
"Rhincodon typus",-21.9,113.93,17117,2016,11,12
"Rhincodon typus",-21.89,113.92,17121,2016,11,16
"Rhincodon typus",-22.59,113.61,17121,2016,11,16
"Rhincodon typus",-22.6,113.63,17130,2016,11,25
"Rhincodon typus",-22.6,113.61,17120,2016,11,15
"Rhincodon typus",-21.89,113.92,17117,2016,11,12
"Rhincodon typus",-21.9,113.93,17128,2016,11,23
"Rhincodon typus",-22.6,113.61,17118,2016,11,13
"Rhincodon typus",-21.89,113.92,17119,2016,11,14
"Rhincodon typus",-23.12,113.7,17131,2016,11,26
"Rhincodon typus",-21.89,113.92,17111,2016,11,6
"Rhincodon typus",-23.12,113.69,17131,2016,11,26
"Rhincodon typus",-21.9,113.93,17119,2016,11,14
"Rhincodon typus",-22.6,113.62,17119,2016,11,14
"Rhincodon typus",-3.2,134.9,17107,2016,11,2
"Rhincodon typus",9.51404,123.2463,17125,2016,11,20
"Rhincodon typus",-21.91806,113.84778,17111,2016,11,6
"Rhincodon typus",-22.45944,112.80333,17110,2016,11,5
"Rhincodon typus",-22.8,113.7,17119,2016,11,14
"Rhincodon typus",-21.83889,113.90083,17113,2016,11,8
"Rhincodon typus",-22.5,113.6,17106,2016,11,1
"Rhincodon typus",9.56724,123.3055,17143,2016,12,8
"Rhincodon typus",-21.9,113.93,17137,2016,12,2
"Rhincodon typus",-23.13,113.72,17143,2016,12,8
"Rhincodon typus",-23.13,113.71,17143,2016,12,8
"Rhincodon typus",-22.6,113.62,17140,2016,12,5
"Rhincodon typus",-22.6,113.61,17140,2016,12,5
"Rhincodon typus",-3.69793,133.87442,17144,2016,12,9
"Rhincodon typus",-19.5,110.5,17154,2016,12,19
"Rhincodon typus",-18.5,119.5,16991,2016,7,9
"Rhincodon typus",-11.5,121.5,17044,2016,8,31
"Rhincodon typus",9.50363,123.416,16440,2015,1,5
"Rhincodon typus",-21.76769,114.26548,16453,2015,1,18
"Rhincodon typus",9.00515,123.24948,16454,2015,1,19
"Rhincodon typus",9.08032,97.8182,16490,2015,2,24
"Rhincodon typus",4.0434,112.44906,16477,2015,2,11
"Rhincodon typus",2.89068,104.06,16501,2015,3,7
"Rhincodon typus",9.50363,123.416,16524,2015,3,30
"Rhincodon typus",10.15745,125.12005,16495,2015,3,1
"Rhincodon typus",9.49529,123.40081,16550,2015,4,25
"Rhincodon typus",-13.7634,129.7652,16553,2015,4,28
"Rhincodon typus",-21.96328,114.20114,16539,2015,4,14
"Rhincodon typus",9.50363,123.416,16584,2015,5,29
"Rhincodon typus",10.1238,99.7926,16557,2015,5,2
"Rhincodon typus",-22.69177,113.67348,16560,2015,5,5
"Rhincodon typus",-21.84,113.97,16587,2015,6,1
"Rhincodon typus",-22.05,113.88,16612,2015,6,26
"Rhincodon typus",-22.17,113.85,16587,2015,6,1
"Rhincodon typus",-21.85,113.97,16587,2015,6,1
"Rhincodon typus",-22.16,113.85,16587,2015,6,1
"Rhincodon typus",-22.15,113.85,16587,2015,6,1
"Rhincodon typus",-21.88,113.91,16604,2015,6,18
"Rhincodon typus",-21.89,113.92,16606,2015,6,20
"Rhincodon typus",-21.85,113.98,16588,2015,6,2
"Rhincodon typus",-21.9,113.93,16597,2015,6,11
"Rhincodon typus",-21.9,113.93,16588,2015,6,2
"Rhincodon typus",-21.9,113.93,16601,2015,6,15
"Rhincodon typus",-3.21077,134.94755,16594,2015,6,8
"Rhincodon typus",-3.21033,134.96027,16596,2015,6,10
"Rhincodon typus",-3.21,134.9,16596,2015,6,10
"Rhincodon typus",-22.5,113.5,16613,2015,6,27
"Rhincodon typus",9.50363,123.416,16645,2015,7,29
"Rhincodon typus",9.55726,123.53719,16647,2015,7,31
"Rhincodon typus",-22.00029,113.06873,16622,2015,7,6
"Rhincodon typus",-21.9,113.93,16628,2015,7,12
"Rhincodon typus",-22.01405,113.91747,16639,2015,7,23
"Rhincodon typus",10.55106,99.09103,16636,2015,7,20
"Rhincodon typus",-21.5,112.5,16619,2015,7,3
"Rhincodon typus",-12.5,107.5,16638,2015,7,22
"Rhincodon typus",-19.5,111.5,16622,2015,7,6
"Rhincodon typus",-15.5,109.5,16630,2015,7,14
"Rhincodon typus",-20.5,112.5,16621,2015,7,5
"Rhincodon typus",-12.5,108.5,16636,2015,7,20
"Rhincodon typus",-20.5,115.5,16619,2015,7,3
"Rhincodon typus",-17.5,109.5,16627,2015,7,11
"Rhincodon typus",-21.5,115.5,16625,2015,7,9
"Rhincodon typus",-16.5,109.5,16628,2015,7,12
"Rhincodon typus",-11.5,105.5,16641,2015,7,25
"Rhincodon typus",-14.5,109.5,16632,2015,7,16
"Rhincodon typus",-18.5,111.5,16625,2015,7,9
"Rhincodon typus",-13.5,109.5,16635,2015,7,19
"Rhincodon typus",-19.5,112.5,16623,2015,7,7
"Rhincodon typus",-21.9,114,16641,2015,7,25
"Rhincodon typus",-22,113.9,16643,2015,7,27
"Rhincodon typus",-22.1,113.9,16635,2015,7,19
"Rhincodon typus",-22,113.9,16644,2015,7,28
"Rhincodon typus",-22,113.9,16635,2015,7,19
"Rhincodon typus",-22,113.9,16639,2015,7,23
"Rhincodon typus",-22,113.8,16639,2015,7,23
"Rhincodon typus",-22,113.8,16644,2015,7,28
"Rhincodon typus",-22,113.9,16638,2015,7,22
"Rhincodon typus",-17.67778,115.55694,16647,2015,7,31
"Rhincodon typus",-22,113.8,16634,2015,7,18
"Rhincodon typus",-22,113.9,16645,2015,7,29
"Rhincodon typus",-22,113.8,16640,2015,7,24
"Rhincodon typus",-22.1,113.8,16646,2015,7,30
"Rhincodon typus",-22,113.9,16634,2015,7,18
"Rhincodon typus",-22,113.9,16637,2015,7,21
"Rhincodon typus",-21.78444,113.99361,16641,2015,7,25
"Rhincodon typus",-21.8,114,16641,2015,7,25
"Rhincodon typus",-22.05528,113.82278,16635,2015,7,19
"Rhincodon typus",-22.1,113.9,16645,2015,7,29
"Rhincodon typus",-22.2,113.8,16637,2015,7,21
"Rhincodon typus",-21.8,114,16642,2015,7,26
"Rhincodon typus",-22.12861,113.73917,16636,2015,7,20
"Rhincodon typus",-21.9,113.9,16639,2015,7,23
"Rhincodon typus",-22.06972,113.82778,16645,2015,7,29
"Rhincodon typus",-22,113.9,16640,2015,7,24
"Rhincodon typus",-21.9,113.9,16641,2015,7,25
"Rhincodon typus",-21.8,114.1,16647,2015,7,31
"Rhincodon typus",-22.1,113.8,16638,2015,7,22
"Rhincodon typus",-21.6,114.4,16647,2015,7,31
"Rhincodon typus",-17.66083,115.55444,16647,2015,7,31
"Rhincodon typus",-22.1,113.8,16635,2015,7,19
"Rhincodon typus",-22.1,113.8,16636,2015,7,20
"Rhincodon typus",-22.1,113.8,16645,2015,7,29
"Rhincodon typus",-22,113.8,16645,2015,7,29
"Rhincodon typus",-21.9,113.9,16647,2015,7,31
"Rhincodon typus",-17.67778,115.56083,16647,2015,7,31
"Rhincodon typus",-21.78667,114.005,16641,2015,7,25
"Rhincodon typus",9.93165,123.375,16676,2015,8,29
"Rhincodon typus",9.50363,123.416,16678,2015,8,31
"Rhincodon typus",-9.5,104.5,16649,2015,8,2
"Rhincodon typus",-21.4,114.9,16651,2015,8,4
"Rhincodon typus",-19.44306,116.92444,16661,2015,8,14
"Rhincodon typus",-21.90139,113.86611,16656,2015,8,9
"Rhincodon typus",-21.74278,113.97611,16656,2015,8,9
"Rhincodon typus",-19.60667,116.88361,16656,2015,8,9
"Rhincodon typus",-21.53722,114.20722,16656,2015,8,9
"Rhincodon typus",-19.57056,117.41222,16657,2015,8,10
"Rhincodon typus",-20.15667,112.38139,16657,2015,8,10
"Rhincodon typus",-15.09083,115.29472,16668,2015,8,21
"Rhincodon typus",-12.55139,114.20528,16674,2015,8,27
"Rhincodon typus",-14.15222,115.60667,16669,2015,8,22
"Rhincodon typus",-13.95111,121.81806,16671,2015,8,24
"Rhincodon typus",-20.92806,114.35194,16657,2015,8,10
"Rhincodon typus",-22,113.8,16648,2015,8,1
"Rhincodon typus",-20.93194,114.34111,16657,2015,8,10
"Rhincodon typus",-19.65056,115.86389,16671,2015,8,24
"Rhincodon typus",-14.6525,114.22528,16652,2015,8,5
"Rhincodon typus",-19.67139,116.00889,16668,2015,8,21
"Rhincodon typus",-19.46417,116.96,16661,2015,8,14
"Rhincodon typus",-19.59694,115.82167,16672,2015,8,25
"Rhincodon typus",-16.3925,115.70417,16666,2015,8,19
"Rhincodon typus",-8.56278,112.03194,16677,2015,8,30
"Rhincodon typus",-10.45167,112.46056,16673,2015,8,26
"Rhincodon typus",-19.55833,115.81278,16673,2015,8,26
"Rhincodon typus",-16.03389,111.77639,16666,2015,8,19
"Rhincodon typus",-14.80194,115.38917,16668,2015,8,21
"Rhincodon typus",-19.69333,116.08028,16667,2015,8,20
"Rhincodon typus",-17.57833,118.36417,16658,2015,8,11
"Rhincodon typus",-19.55889,117.01,16657,2015,8,10
"Rhincodon typus",-19.28778,116.74194,16659,2015,8,12
"Rhincodon typus",-21.88222,113.87,16656,2015,8,9
"Rhincodon typus",-14.12083,115.61389,16669,2015,8,22
"Rhincodon typus",-19.73194,116.09806,16667,2015,8,20
"Rhincodon typus",-19.52833,116.69528,16671,2015,8,24
"Rhincodon typus",-19.68639,116.11444,16666,2015,8,19
"Rhincodon typus",-16.15056,115.66444,16669,2015,8,22
"Rhincodon typus",-15.94083,116.53694,16673,2015,8,26
"Rhincodon typus",-19.52333,116.70333,16667,2015,8,20
"Rhincodon typus",-19.60917,115.99167,16655,2015,8,8
"Rhincodon typus",-19.77417,116.04917,16678,2015,8,31
"Rhincodon typus",-19.37667,117.38444,16658,2015,8,11
"Rhincodon typus",-12.36444,114.15472,16675,2015,8,28
"Rhincodon typus",-12.23722,113.96778,16676,2015,8,29
"Rhincodon typus",-19.68167,115.73556,16653,2015,8,6
"Rhincodon typus",-16.60361,112.50778,16673,2015,8,26
"Rhincodon typus",-12.97861,114.59861,16671,2015,8,24
"Rhincodon typus",-12.49361,114.07917,16674,2015,8,27
"Rhincodon typus",-21.32722,114.84556,16648,2015,8,1
"Rhincodon typus",-20.81472,114.3525,16657,2015,8,10
"Rhincodon typus",-20.41306,114.49806,16658,2015,8,11
"Rhincodon typus",-12.67139,114.24278,16673,2015,8,26
"Rhincodon typus",-12.94611,114.4925,16672,2015,8,25
"Rhincodon typus",-17.58722,114.71111,16659,2015,8,12
"Rhincodon typus",-14.42972,115.55194,16669,2015,8,22
"Rhincodon typus",-16.27694,115.70583,16667,2015,8,20
"Rhincodon typus",-19.66528,115.87389,16671,2015,8,24
"Rhincodon typus",-13.98139,121.85583,16668,2015,8,21
"Rhincodon typus",-20.57333,114.38778,16658,2015,8,11
"Rhincodon typus",-19.36806,116.20917,16655,2015,8,8
"Rhincodon typus",-21.2075,114.85361,16649,2015,8,2
"Rhincodon typus",-19.53694,116.47667,16678,2015,8,31
"Rhincodon typus",-20.97972,115.08583,16649,2015,8,2
"Rhincodon typus",-16.16722,112.18917,16665,2015,8,18
"Rhincodon typus",-20.41694,114.47722,16658,2015,8,11
"Rhincodon typus",-19.40889,117.35806,16658,2015,8,11
"Rhincodon typus",-17.33528,115.75556,16660,2015,8,13
"Rhincodon typus",-19.09556,115.09639,16655,2015,8,8
"Rhincodon typus",-16.05472,116.03389,16671,2015,8,24
"Rhincodon typus",-19.5475,116.46722,16678,2015,8,31
"Rhincodon typus",-20.63,114.37861,16658,2015,8,11
"Rhincodon typus",-21.37167,114.23139,16657,2015,8,10
"Rhincodon typus",-19.76611,112.30472,16657,2015,8,10
"Rhincodon typus",-20.97028,114.33722,16657,2015,8,10
"Rhincodon typus",-19.56556,116.72472,16664,2015,8,17
"Rhincodon typus",-15.30111,115.05194,16667,2015,8,20
"Rhincodon typus",-19.62472,115.95111,16671,2015,8,24
"Rhincodon typus",-19.77611,115.90528,16664,2015,8,17
"Rhincodon typus",-16.04583,111.79167,16666,2015,8,19
"Rhincodon typus",-14.26472,115.61056,16669,2015,8,22
"Rhincodon typus",-22.1,113.9,16655,2015,8,8
"Rhincodon typus",-22.1,113.8,16655,2015,8,8
"Rhincodon typus",-21.62472,114.18944,16656,2015,8,9
"Rhincodon typus",-21.36889,114.61694,16652,2015,8,5
"Rhincodon typus",-13.09361,115.44194,16671,2015,8,24
"Rhincodon typus",-13.98056,115.65278,16670,2015,8,23
"Rhincodon typus",-19.68639,116.00361,16663,2015,8,16
"Rhincodon typus",-15.91,120.39111,16663,2015,8,16
"Rhincodon typus",-19.59528,115.81889,16672,2015,8,25
"Rhincodon typus",-19.22778,117.24778,16675,2015,8,28
"Rhincodon typus",-19.68917,115.76333,16652,2015,8,5
"Rhincodon typus",-16.83528,115.16556,16651,2015,8,4
"Rhincodon typus",-19.61361,117.40806,16657,2015,8,10
"Rhincodon typus",-19.44222,116.92972,16660,2015,8,13
"Rhincodon typus",-14.69028,113.71944,16651,2015,8,4
"Rhincodon typus",-21.60583,114.12111,16656,2015,8,9
"Rhincodon typus",-12.40972,114.165,16674,2015,8,27
"Rhincodon typus",-19.79528,115.97278,16669,2015,8,22
"Rhincodon typus",-17.57389,114.7175,16658,2015,8,11
"Rhincodon typus",-19.93056,112.38167,16657,2015,8,10
"Rhincodon typus",-19.695,116.07833,16667,2015,8,20
"Rhincodon typus",-19.66694,116.0375,16668,2015,8,21
"Rhincodon typus",-16.16778,115.675,16669,2015,8,22
"Rhincodon typus",-21.495,114.21083,16656,2015,8,9
"Rhincodon typus",-19.59889,115.81611,16673,2015,8,26
"Rhincodon typus",-19.77889,116.13806,16678,2015,8,31
"Rhincodon typus",-19.65556,115.855,16672,2015,8,25
"Rhincodon typus",-19.42972,116.90139,16660,2015,8,13
"Rhincodon typus",-19.57139,115.80583,16672,2015,8,25
"Rhincodon typus",-15.87556,116.62361,16673,2015,8,26
"Rhincodon typus",-14.7925,115.39306,16668,2015,8,21
"Rhincodon typus",-19.91278,113.52833,16653,2015,8,6
"Rhincodon typus",-15.03333,115.27028,16668,2015,8,21
"Rhincodon typus",-13.44972,115.67056,16671,2015,8,24
"Rhincodon typus",-19.68833,115.72361,16652,2015,8,5
"Rhincodon typus",-19.59917,115.81639,16673,2015,8,26
"Rhincodon typus",-19.59694,115.80778,16672,2015,8,25
"Rhincodon typus",-20.86444,114.35056,16657,2015,8,10
"Rhincodon typus",-15.19806,113.91806,16651,2015,8,4
"Rhincodon typus",-19.43417,116.92694,16660,2015,8,13
"Rhincodon typus",-12.12167,114.0725,16675,2015,8,28
"Rhincodon typus",-19.86528,112.34694,16657,2015,8,10
"Rhincodon typus",-19.64333,115.88556,16671,2015,8,24
"Rhincodon typus",-19.61194,115.75611,16654,2015,8,7
"Rhincodon typus",-21.50611,114.27639,16649,2015,8,2
"Rhincodon typus",-19.36167,116.65472,16661,2015,8,14
"Rhincodon typus",-19.53056,117.43139,16657,2015,8,10
"Rhincodon typus",-19.61583,112.17833,16657,2015,8,10
"Rhincodon typus",-12.97778,114.60778,16672,2015,8,25
"Rhincodon typus",-15.05056,113.80139,16651,2015,8,4
"Rhincodon typus",-21.00583,115.06722,16649,2015,8,2
"Rhincodon typus",-12.97083,114.46111,16672,2015,8,25
"Rhincodon typus",-13.64111,115.72389,16670,2015,8,23
"Rhincodon typus",-21.25639,114.24611,16657,2015,8,10
"Rhincodon typus",-22.30944,113.34556,16655,2015,8,8
"Rhincodon typus",-12.43889,114.16556,16674,2015,8,27
"Rhincodon typus",-19.59111,115.80056,16673,2015,8,26
"Rhincodon typus",-19.58306,116.44194,16678,2015,8,31
"Rhincodon typus",-19.65056,115.87639,16671,2015,8,24
"Rhincodon typus",-14.33,115.62444,16669,2015,8,22
"Rhincodon typus",-20.13056,113.50139,16651,2015,8,4
"Rhincodon typus",-15.64528,114.095,16651,2015,8,4
"Rhincodon typus",-20.85333,114.40722,16651,2015,8,4
"Rhincodon typus",-15.93306,116.55833,16674,2015,8,27
"Rhincodon typus",-19.24889,115.49444,16652,2015,8,5
"Rhincodon typus",-20.37583,114.47778,16658,2015,8,11
"Rhincodon typus",-16.13778,115.67278,16669,2015,8,22
"Rhincodon typus",-15.1475,115.75389,16654,2015,8,7
"Rhincodon typus",-19.58056,117.0075,16657,2015,8,10
"Rhincodon typus",-22.1,113.9,16648,2015,8,1
"Rhincodon typus",-19.59861,116.55278,16669,2015,8,22
"Rhincodon typus",-16.92056,115.79,16662,2015,8,15
"Rhincodon typus",-16.59389,112.50833,16673,2015,8,26
"Rhincodon typus",-15.87444,116.13889,16672,2015,8,25
"Rhincodon typus",-19.60694,115.81778,16673,2015,8,26
"Rhincodon typus",-19.5625,116.91944,16656,2015,8,9
"Rhincodon typus",-10.66722,112.66583,16673,2015,8,26
"Rhincodon typus",-21.61444,114.14972,16652,2015,8,5
"Rhincodon typus",-17.60778,114.62111,16660,2015,8,13
"Rhincodon typus",-12.35167,114.15722,16675,2015,8,28
"Rhincodon typus",-19.57528,115.79306,16672,2015,8,25
"Rhincodon typus",-12.66694,114.21639,16673,2015,8,26
"Rhincodon typus",-19.74528,116.12028,16667,2015,8,20
"Rhincodon typus",-17.51306,114.36361,16660,2015,8,13
"Rhincodon typus",-19.68111,115.99194,16669,2015,8,22
"Rhincodon typus",-19.61333,116.45333,16678,2015,8,31
"Rhincodon typus",-15.94028,116.5275,16673,2015,8,26
"Rhincodon typus",-19.38361,116.68194,16661,2015,8,14
"Rhincodon typus",-19.59889,115.80667,16673,2015,8,26
"Rhincodon typus",-20.23667,115.68444,16652,2015,8,5
"Rhincodon typus",-12.42444,114.19944,16674,2015,8,27
"Rhincodon typus",-15.52306,114.31417,16652,2015,8,5
"Rhincodon typus",-19.00333,115.46222,16655,2015,8,8
"Rhincodon typus",-19.53972,116.74417,16665,2015,8,18
"Rhincodon typus",-14.48389,115.51028,16669,2015,8,22
"Rhincodon typus",-19.58667,115.46556,16656,2015,8,9
"Rhincodon typus",-19.68778,117.19722,16665,2015,8,18
"Rhincodon typus",-14.165,115.60444,16669,2015,8,22
"Rhincodon typus",-17.5475,114.7125,16658,2015,8,11
"Rhincodon typus",-20.85889,114.455,16651,2015,8,4
"Rhincodon typus",-19.6275,115.84806,16672,2015,8,25
"Rhincodon typus",-20.53,114.41167,16658,2015,8,11
"Rhincodon typus",-12.39083,113.99361,16678,2015,8,31
"Rhincodon typus",-16.00361,114.95417,16666,2015,8,19
"Rhincodon typus",-15.08639,115.28972,16668,2015,8,21
"Rhincodon typus",-22,113.9,16656,2015,8,9
"Rhincodon typus",-20.97306,114.32833,16657,2015,8,10
"Rhincodon typus",-19.69306,116.00472,16663,2015,8,16
"Rhincodon typus",-12.14278,114.08528,16675,2015,8,28
"Rhincodon typus",-8.56417,112.03278,16677,2015,8,30
"Rhincodon typus",-17.60306,114.61278,16660,2015,8,13
"Rhincodon typus",-19.36528,116.23528,16655,2015,8,8
"Rhincodon typus",-19.63833,116.06694,16666,2015,8,19
"Rhincodon typus",-15.18472,113.95722,16652,2015,8,5
"Rhincodon typus",-19.435,116.95889,16661,2015,8,14
"Rhincodon typus",-16.02139,116.20444,16673,2015,8,26
"Rhincodon typus",-8.62694,111.69833,16677,2015,8,30
"Rhincodon typus",-16.15083,112.19389,16666,2015,8,19
"Rhincodon typus",-21.55917,114.43583,16652,2015,8,5
"Rhincodon typus",-19.62111,115.32972,16669,2015,8,22
"Rhincodon typus",-19.33389,116.20111,16655,2015,8,8
"Rhincodon typus",-15.9775,116.52194,16673,2015,8,26
"Rhincodon typus",-19.6825,116.84833,16666,2015,8,19
"Rhincodon typus",-12.11611,114.06028,16675,2015,8,28
"Rhincodon typus",-19.67361,115.93639,16666,2015,8,19
"Rhincodon typus",-10.72167,112.75444,16672,2015,8,25
"Rhincodon typus",-19.1475,115.52056,16652,2015,8,5
"Rhincodon typus",-19.50833,115.86556,16658,2015,8,11
"Rhincodon typus",-19.58778,116.89444,16656,2015,8,9
"Rhincodon typus",-17.48278,114.30528,16660,2015,8,13
"Rhincodon typus",-21.56556,114.25694,16649,2015,8,2
"Rhincodon typus",-19.79389,115.89,16664,2015,8,17
"Rhincodon typus",-19.08278,115.54083,16652,2015,8,5
"Rhincodon typus",-20.44917,114.23194,16654,2015,8,7
"Rhincodon typus",-19.59889,115.81639,16673,2015,8,26
"Rhincodon typus",-18.08722,112.43806,16674,2015,8,27
"Rhincodon typus",-13.63278,115.71222,16670,2015,8,23
"Rhincodon typus",-19.46944,116.895,16663,2015,8,16
"Rhincodon typus",-12.38583,114.01833,16677,2015,8,30
"Rhincodon typus",-21.91639,113.8675,16656,2015,8,9
"Rhincodon typus",-20.97278,114.33528,16657,2015,8,10
"Rhincodon typus",-16.37444,112.67833,16664,2015,8,17
"Rhincodon typus",-16.16056,112.27306,16665,2015,8,18
"Rhincodon typus",-21.61389,114.13944,16652,2015,8,5
"Rhincodon typus",-19.95194,112.36472,16657,2015,8,10
"Rhincodon typus",-19.64889,115.93306,16662,2015,8,15
"Rhincodon typus",-21.0075,115.10167,16649,2015,8,2
"Rhincodon typus",-15.05528,115.30083,16668,2015,8,21
"Rhincodon typus",-21.03194,115.07778,16649,2015,8,2
"Rhincodon typus",-21.50889,113.92389,16648,2015,8,1
"Rhincodon typus",-19.76361,116.14056,16667,2015,8,20
"Rhincodon typus",-17.36889,115.75528,16659,2015,8,12
"Rhincodon typus",-12.40194,113.99306,16678,2015,8,31
"Rhincodon typus",-16.90139,114.01694,16664,2015,8,17
"Rhincodon typus",-19.58028,117.00722,16657,2015,8,10
"Rhincodon typus",-19.41194,116.90778,16659,2015,8,12
"Rhincodon typus",-19.54639,116.69917,16668,2015,8,21
"Rhincodon typus",-8.55944,112.03889,16677,2015,8,30
"Rhincodon typus",-10.76,112.76806,16672,2015,8,25
"Rhincodon typus",-21.09167,114.29333,16657,2015,8,10
"Rhincodon typus",-15.07278,115.65111,16653,2015,8,6
"Rhincodon typus",-19.74056,116.01972,16663,2015,8,16
"Rhincodon typus",-12.51944,114.13389,16674,2015,8,27
"Rhincodon typus",-19.93417,115.36056,16654,2015,8,7
"Rhincodon typus",-14.51444,115.41444,16669,2015,8,22
"Rhincodon typus",-12.97056,114.46028,16672,2015,8,25
"Rhincodon typus",-19.74222,116.09639,16667,2015,8,20
"Rhincodon typus",-8.56528,112.04139,16677,2015,8,30
"Rhincodon typus",-12.95444,114.03944,16673,2015,8,26
"Rhincodon typus",-19.73917,116.08583,16667,2015,8,20
"Rhincodon typus",-17.52694,114.72694,16658,2015,8,11
"Rhincodon typus",-17.61056,114.61611,16660,2015,8,13
"Rhincodon typus",-19.80278,115.88361,16652,2015,8,5
"Rhincodon typus",-19.63667,115.85278,16672,2015,8,25
"Rhincodon typus",-19.80917,116.0125,16664,2015,8,17
"Rhincodon typus",-16.2075,115.70778,16668,2015,8,21
"Rhincodon typus",-14.78806,115.38611,16668,2015,8,21
"Rhincodon typus",-13.29056,115.51306,16671,2015,8,24
"Rhincodon typus",-19.46639,116.94667,16660,2015,8,13
"Rhincodon typus",-14.17944,115.5825,16669,2015,8,22
"Rhincodon typus",-16.20917,115.70222,16668,2015,8,21
"Rhincodon typus",-19.39417,116.78694,16660,2015,8,13
"Rhincodon typus",-12.47167,114.08528,16674,2015,8,27
"Rhincodon typus",-12.97083,114.45806,16673,2015,8,26
"Rhincodon typus",-21.16639,114.26667,16657,2015,8,10
"Rhincodon typus",-20.97972,115.0775,16649,2015,8,2
"Rhincodon typus",-12.40806,114.02306,16678,2015,8,31
"Rhincodon typus",-19.4375,116.55083,16666,2015,8,19
"Rhincodon typus",-15.87389,120.27694,16663,2015,8,16
"Rhincodon typus",-20.57806,114.39528,16658,2015,8,11
"Rhincodon typus",-18.20194,114.90556,16660,2015,8,13
"Rhincodon typus",-18.07361,112.4225,16674,2015,8,27
"Rhincodon typus",-19.665,115.8575,16671,2015,8,24
"Rhincodon typus",-17.49417,114.32083,16660,2015,8,13
"Rhincodon typus",-13.18472,115.32472,16671,2015,8,24
"Rhincodon typus",-19.46306,116.89472,16658,2015,8,11
"Rhincodon typus",-16.665,112.46833,16673,2015,8,26
"Rhincodon typus",-13.28889,115.485,16671,2015,8,24
"Rhincodon typus",-15.32389,115.20139,16667,2015,8,20
"Rhincodon typus",-13.62222,115.71306,16670,2015,8,23
"Rhincodon typus",-21.03194,115.0525,16649,2015,8,2
"Rhincodon typus",-12.44333,114.18611,16674,2015,8,27
"Rhincodon typus",-8.56056,112.04472,16677,2015,8,30
"Rhincodon typus",-21.72472,113.97056,16653,2015,8,6
"Rhincodon typus",-15.06167,115.29778,16668,2015,8,21
"Rhincodon typus",-19.62667,116.56972,16670,2015,8,23
"Rhincodon typus",-21.57167,114.25333,16652,2015,8,5
"Rhincodon typus",-16.20583,115.7025,16668,2015,8,21
"Rhincodon typus",-10.52417,112.45972,16673,2015,8,26
"Rhincodon typus",-16.28528,115.69417,16667,2015,8,20
"Rhincodon typus",-19.64194,114.78056,16660,2015,8,13
"Rhincodon typus",-19.54806,116.77556,16665,2015,8,18
"Rhincodon typus",-19.40056,116.7625,16660,2015,8,13
"Rhincodon typus",-12.38778,114.00361,16678,2015,8,31
"Rhincodon typus",-22.24861,113.36,16655,2015,8,8
"Rhincodon typus",-12.38167,113.93472,16677,2015,8,30
"Rhincodon typus",-20.67417,114.38194,16658,2015,8,11
"Rhincodon typus",-15.50222,115.1025,16667,2015,8,20
"Rhincodon typus",-19.75944,116.03528,16677,2015,8,30
"Rhincodon typus",-17.74833,112.43917,16672,2015,8,25
"Rhincodon typus",-21.26361,114.23056,16657,2015,8,10
"Rhincodon typus",-14.51639,115.48056,16669,2015,8,22
"Rhincodon typus",-15.30806,115.20333,16667,2015,8,20
"Rhincodon typus",-14.19694,115.59611,16669,2015,8,22
"Rhincodon typus",-15.80361,114.6775,16651,2015,8,4
"Rhincodon typus",-21.58972,114.20889,16652,2015,8,5
"Rhincodon typus",-21.02944,115.05361,16649,2015,8,2
"Rhincodon typus",-20.3925,114.48056,16658,2015,8,11
"Rhincodon typus",-17.75833,112.44417,16672,2015,8,25
"Rhincodon typus",-13.11111,115.15417,16671,2015,8,24
"Rhincodon typus",-19.56583,114.81167,16660,2015,8,13
"Rhincodon typus",-14.89833,115.37889,16668,2015,8,21
"Rhincodon typus",-12.3975,114.00306,16677,2015,8,30
"Rhincodon typus",-13.79639,115.73972,16670,2015,8,23
"Rhincodon typus",-21.34222,114.81639,16648,2015,8,1
"Rhincodon typus",-16.28361,115.69917,16667,2015,8,20
"Rhincodon typus",-14.25667,115.59889,16669,2015,8,22
"Rhincodon typus",-19.3625,114.9075,16660,2015,8,13
"Rhincodon typus",-14.85444,115.425,16668,2015,8,21
"Rhincodon typus",-19.60389,115.82278,16673,2015,8,26
"Rhincodon typus",-21.54028,114.26361,16649,2015,8,2
"Rhincodon typus",-14,121.82806,16668,2015,8,21
"Rhincodon typus",-16.47139,115.68861,16665,2015,8,18
"Rhincodon typus",-16.47083,115.71194,16665,2015,8,18
"Rhincodon typus",-12.43333,114.12444,16674,2015,8,27
"Rhincodon typus",-14.99833,121.04083,16665,2015,8,18
"Rhincodon typus",-14.10333,122.03889,16669,2015,8,22
"Rhincodon typus",-18.11694,112.31917,16675,2015,8,28
"Rhincodon typus",-21.81167,113.91056,16656,2015,8,9
"Rhincodon typus",-21.00111,115.10361,16649,2015,8,2
"Rhincodon typus",-14.23056,115.6025,16669,2015,8,22
"Rhincodon typus",-15.03361,115.31472,16668,2015,8,21
"Rhincodon typus",-19.77667,115.90611,16664,2015,8,17
"Rhincodon typus",-17.49,114.70472,16659,2015,8,12
"Rhincodon typus",-18.96389,114.44361,16661,2015,8,14
"Rhincodon typus",-12.41111,114.16583,16674,2015,8,27
"Rhincodon typus",-15.35472,115.16806,16667,2015,8,20
"Rhincodon typus",-19.76139,116.03722,16677,2015,8,30
"Rhincodon typus",-19.99306,113.52583,16652,2015,8,5
"Rhincodon typus",-19.99528,114.62306,16659,2015,8,12
"Rhincodon typus",-19.75944,116.07889,16667,2015,8,20
"Rhincodon typus",-19.805,115.89278,16652,2015,8,5
"Rhincodon typus",-14.43278,115.55139,16669,2015,8,22
"Rhincodon typus",-12.46167,114.13639,16674,2015,8,27
"Rhincodon typus",-16.24917,112.61889,16674,2015,8,27
"Rhincodon typus",-22.01778,113.80056,16653,2015,8,6
"Rhincodon typus",-14.51639,115.48306,16669,2015,8,22
"Rhincodon typus",-19.65556,115.85806,16672,2015,8,25
"Rhincodon typus",-19.55556,116.73917,16664,2015,8,17
"Rhincodon typus",-19.45361,116.92556,16662,2015,8,15
"Rhincodon typus",-21.87639,113.88639,16656,2015,8,9
"Rhincodon typus",-10.68417,112.73111,16672,2015,8,25
"Rhincodon typus",-12.3025,114.13944,16675,2015,8,28
"Rhincodon typus",-19.63389,112.24806,16657,2015,8,10
"Rhincodon typus",-19.66333,115.85472,16672,2015,8,25
"Rhincodon typus",-17.59167,114.65,16659,2015,8,12
"Rhincodon typus",-19.64194,115.88417,16671,2015,8,24
"Rhincodon typus",-19.71333,112.28583,16657,2015,8,10
"Rhincodon typus",-19.65528,115.92806,16662,2015,8,15
"Rhincodon typus",-19.55528,116.73917,16664,2015,8,17
"Rhincodon typus",-12.38639,114.01944,16677,2015,8,30
"Rhincodon typus",-18.63639,115.64667,16656,2015,8,9
"Rhincodon typus",-21.515,114.44861,16648,2015,8,1
"Rhincodon typus",-19.75417,116.04222,16677,2015,8,30
"Rhincodon typus",-18.95056,112.91778,16669,2015,8,22
"Rhincodon typus",-14.66583,115.40083,16668,2015,8,21
"Rhincodon typus",-17.58389,118.36944,16658,2015,8,11
"Rhincodon typus",-19.80556,115.89611,16652,2015,8,5
"Rhincodon typus",-21.20806,114.27611,16657,2015,8,10
"Rhincodon typus",-19.64639,115.78083,16652,2015,8,5
"Rhincodon typus",-15.95194,116.62278,16674,2015,8,27
"Rhincodon typus",-13.58694,115.70806,16670,2015,8,23
"Rhincodon typus",-15.00528,115.34306,16668,2015,8,21
"Rhincodon typus",-15.17361,115.76861,16654,2015,8,7
"Rhincodon typus",-21.24917,114.83778,16648,2015,8,1
"Rhincodon typus",-15.94111,116.5325,16673,2015,8,26
"Rhincodon typus",-13.94583,121.83333,16671,2015,8,24
"Rhincodon typus",-19.83028,115.9525,16669,2015,8,22
"Rhincodon typus",-21.5,114.6,16652,2015,8,5
"Rhincodon typus",-19.06861,117.67472,16659,2015,8,12
"Rhincodon typus",-16.38472,115.7025,16666,2015,8,19
"Rhincodon typus",-21.18528,114.27028,16657,2015,8,10
"Rhincodon typus",-20.92778,114.35222,16657,2015,8,10
"Rhincodon typus",-19.65944,112.19778,16657,2015,8,10
"Rhincodon typus",-19.55944,116.705,16668,2015,8,21
"Rhincodon typus",-15.47806,115.12917,16667,2015,8,20
"Rhincodon typus",-19.73222,116.07306,16667,2015,8,20
"Rhincodon typus",-19.91722,113.52389,16652,2015,8,5
"Rhincodon typus",-14.0825,112.19778,16678,2015,8,31
"Rhincodon typus",-19.5775,116.98694,16658,2015,8,11
"Rhincodon typus",-17.55611,114.68722,16659,2015,8,12
"Rhincodon typus",-22.1,113.8,16648,2015,8,1
"Rhincodon typus",-19.95667,112.38889,16657,2015,8,10
"Rhincodon typus",-19.58444,115.79222,16672,2015,8,25
"Rhincodon typus",-21.59972,114.18472,16652,2015,8,5
"Rhincodon typus",-19.28556,114.71556,16660,2015,8,13
"Rhincodon typus",-18.13889,112.325,16675,2015,8,28
"Rhincodon typus",-19.25722,116.70806,16659,2015,8,12
"Rhincodon typus",-16.22778,115.17917,16666,2015,8,19
"Rhincodon typus",-15.97917,116.84972,16674,2015,8,27
"Rhincodon typus",-19.44194,116.92694,16660,2015,8,13
"Rhincodon typus",-13.94611,121.78306,16668,2015,8,21
"Rhincodon typus",-13.94667,121.83056,16671,2015,8,24
"Rhincodon typus",-12.55056,114.20472,16674,2015,8,27
"Rhincodon typus",-10.70528,112.74417,16672,2015,8,25
"Rhincodon typus",-21.27861,114.85972,16648,2015,8,1
"Rhincodon typus",-12.13611,114.08583,16675,2015,8,28
"Rhincodon typus",-15.34944,115.18389,16667,2015,8,20
"Rhincodon typus",-16.11,115.73,16671,2015,8,24
"Rhincodon typus",-13.34278,115.4975,16671,2015,8,24
"Rhincodon typus",-19.62611,115.84222,16672,2015,8,25
"Rhincodon typus",-8.64139,111.70778,16677,2015,8,30
"Rhincodon typus",-15.68361,116.02028,16658,2015,8,11
"Rhincodon typus",-15.12056,115.65,16653,2015,8,6
"Rhincodon typus",-19.60861,115.83778,16672,2015,8,25
"Rhincodon typus",-13.07778,114.97528,16671,2015,8,24
"Rhincodon typus",-21.69194,114.00917,16653,2015,8,6
"Rhincodon typus",-19.51056,115.86333,16658,2015,8,11
"Rhincodon typus",-19.63528,115.77028,16654,2015,8,7
"Rhincodon typus",-19.47639,116.93639,16663,2015,8,16
"Rhincodon typus",-21.61278,114.20833,16656,2015,8,9
"Rhincodon typus",-21.23722,114.86,16652,2015,8,5
"Rhincodon typus",-19.67417,116.11472,16666,2015,8,19
"Rhincodon typus",-12.3875,113.90028,16677,2015,8,30
"Rhincodon typus",-3.23524,134.85862,16653,2015,8,6
"Rhincodon typus",10.5065,99.4247,16691,2015,9,13
"Rhincodon typus",9.54223,123.24261,16694,2015,9,16
"Rhincodon typus",-23.13,113.71,16682,2015,9,4
"Rhincodon typus",-21.88,113.9,16680,2015,9,2
"Rhincodon typus",-22.6,113.62,16681,2015,9,3
"Rhincodon typus",-21.88,113.91,16680,2015,9,2
"Rhincodon typus",-23.13,113.72,16704,2015,9,26
"Rhincodon typus",-23.13,113.73,16688,2015,9,10
"Rhincodon typus",-23.13,113.72,16688,2015,9,10
"Rhincodon typus",-22.8,113.7,16703,2015,9,25
"Rhincodon typus",-14.22139,121.68083,16708,2015,9,30
"Rhincodon typus",-8.56444,111.60139,16683,2015,9,5
"Rhincodon typus",-19.7375,115.70056,16701,2015,9,23
"Rhincodon typus",-13.72,122.09583,16699,2015,9,21
"Rhincodon typus",-14.23333,121.68528,16708,2015,9,30
"Rhincodon typus",-19.75667,115.67444,16689,2015,9,11
"Rhincodon typus",-14.63944,115.15028,16679,2015,9,1
"Rhincodon typus",-19.33778,116.73917,16688,2015,9,10
"Rhincodon typus",-13.335,121.88361,16704,2015,9,26
"Rhincodon typus",-19.7275,115.64556,16690,2015,9,12
"Rhincodon typus",-8.20139,110.28528,16695,2015,9,17
"Rhincodon typus",-12.42333,121.42694,16688,2015,9,10
"Rhincodon typus",-11.64611,112.27806,16708,2015,9,30
"Rhincodon typus",-8.10111,110.19417,16697,2015,9,19
"Rhincodon typus",-11.65333,112.36694,16707,2015,9,29
"Rhincodon typus",-11.19611,113.30444,16706,2015,9,28
"Rhincodon typus",-18.68417,119.99056,16705,2015,9,27
"Rhincodon typus",-12.35972,113.93778,16680,2015,9,2
"Rhincodon typus",-19.34528,116.81472,16688,2015,9,10
"Rhincodon typus",-22.9,113.6,16703,2015,9,25
"Rhincodon typus",-22.7,113.6,16689,2015,9,11
"Rhincodon typus",-22.9,113.7,16703,2015,9,25
"Rhincodon typus",-8.51472,110.38083,16691,2015,9,13
"Rhincodon typus",-8.57389,111.62028,16683,2015,9,5
"Rhincodon typus",-8.50583,110.3825,16691,2015,9,13
"Rhincodon typus",-22.83361,113.64917,16691,2015,9,13
"Rhincodon typus",-12.76972,113.85944,16684,2015,9,6
"Rhincodon typus",-10.88028,114.12056,16705,2015,9,27
"Rhincodon typus",-11.42222,119.21611,16696,2015,9,18
"Rhincodon typus",-22.7,113.6,16692,2015,9,14
"Rhincodon typus",-10.91222,114.15389,16704,2015,9,26
"Rhincodon typus",-8.67667,110.59889,16690,2015,9,12
"Rhincodon typus",-8.3,110.32306,16693,2015,9,15
"Rhincodon typus",-19.70111,115.67528,16690,2015,9,12
"Rhincodon typus",-14.27278,113.71778,16689,2015,9,11
"Rhincodon typus",-8.23778,110.36556,16694,2015,9,16
"Rhincodon typus",-14.61889,114.67222,16692,2015,9,14
"Rhincodon typus",-13.44528,113.79556,16686,2015,9,8
"Rhincodon typus",-22.7,113.6,16696,2015,9,18
"Rhincodon typus",-14.23806,121.68917,16708,2015,9,30
"Rhincodon typus",-12.35889,113.88694,16679,2015,9,1
"Rhincodon typus",-11.74583,111.775,16708,2015,9,30
"Rhincodon typus",-8.64111,110.70333,16690,2015,9,12
"Rhincodon typus",-13.70056,122.11694,16699,2015,9,21
"Rhincodon typus",-13.33694,122.2675,16694,2015,9,16
"Rhincodon typus",-22.9,113.7,16708,2015,9,30
"Rhincodon typus",-8.67694,112.24278,16681,2015,9,3
"Rhincodon typus",-14.10417,113.63528,16689,2015,9,11
"Rhincodon typus",-12.07083,113.72167,16682,2015,9,4
"Rhincodon typus",-8.70028,112.305,16681,2015,9,3
"Rhincodon typus",-8.72417,112.50361,16680,2015,9,2
"Rhincodon typus",-8.58722,111.64722,16683,2015,9,5
"Rhincodon typus",-22.70611,113.55611,16700,2015,9,22
"Rhincodon typus",-12.82667,113.83056,16684,2015,9,6
"Rhincodon typus",-14.27111,113.66556,16688,2015,9,10
"Rhincodon typus",-12.35806,113.89417,16682,2015,9,4
"Rhincodon typus",-11.07222,114.1225,16704,2015,9,26
"Rhincodon typus",-11.76306,111.71556,16708,2015,9,30
"Rhincodon typus",-11.6325,112.34417,16708,2015,9,30
"Rhincodon typus",-14.27139,113.70139,16689,2015,9,11
"Rhincodon typus",-12.18306,113.87306,16681,2015,9,3
"Rhincodon typus",-8.10278,110.1925,16697,2015,9,19
"Rhincodon typus",-22.7,113.5,16690,2015,9,12
"Rhincodon typus",-13.21972,122.23639,16693,2015,9,15
"Rhincodon typus",-14.54222,114.91111,16692,2015,9,14
"Rhincodon typus",-23,113.7,16707,2015,9,29
"Rhincodon typus",-22.94833,113.70361,16691,2015,9,13
"Rhincodon typus",-22.66806,113.56694,16699,2015,9,21
"Rhincodon typus",-11.715,120.61556,16691,2015,9,13
"Rhincodon typus",-19.46611,116.97056,16686,2015,9,8
"Rhincodon typus",-19.66889,116.99528,16689,2015,9,11
"Rhincodon typus",-13.45028,113.79444,16686,2015,9,8
"Rhincodon typus",-14.2775,113.73083,16689,2015,9,11
"Rhincodon typus",-8.45139,110.25444,16692,2015,9,14
"Rhincodon typus",-22.9,113.7,16691,2015,9,13
"Rhincodon typus",-22.7,113.5,16693,2015,9,15
"Rhincodon typus",-13.27194,113.81333,16686,2015,9,8
"Rhincodon typus",-13.09417,122.13556,16693,2015,9,15
"Rhincodon typus",-11.36361,117.12222,16703,2015,9,25
"Rhincodon typus",-11.445,119.12444,16697,2015,9,19
"Rhincodon typus",-19.66667,115.72972,16701,2015,9,23
"Rhincodon typus",-8.60472,112.62667,16679,2015,9,1
"Rhincodon typus",-14.01278,113.72389,16688,2015,9,10
"Rhincodon typus",-19.73444,115.68278,16701,2015,9,23
"Rhincodon typus",-22.7,113.6,16690,2015,9,12
"Rhincodon typus",-13.28,122.26194,16694,2015,9,16
"Rhincodon typus",-11.47028,117.71889,16708,2015,9,30
"Rhincodon typus",-11.35806,119.53389,16696,2015,9,18
"Rhincodon typus",-14.34278,114.62222,16695,2015,9,17
"Rhincodon typus",-11.71278,111.95056,16708,2015,9,30
"Rhincodon typus",-11.67,117.8475,16700,2015,9,22
"Rhincodon typus",-14.64917,114.76944,16691,2015,9,13
"Rhincodon typus",-12.84444,113.84778,16684,2015,9,6
"Rhincodon typus",-19.72083,115.63389,16690,2015,9,12
"Rhincodon typus",-13.60167,113.78,16687,2015,9,9
"Rhincodon typus",-19.73278,115.72722,16690,2015,9,12
"Rhincodon typus",-22.72167,113.56444,16700,2015,9,22
"Rhincodon typus",-19.74556,115.66056,16689,2015,9,11
"Rhincodon typus",-22.8,113.6,16690,2015,9,12
"Rhincodon typus",-8.28306,110.31111,16693,2015,9,15
"Rhincodon typus",-22.68639,113.57139,16692,2015,9,14
"Rhincodon typus",-8.23361,110.36417,16694,2015,9,16
"Rhincodon typus",-22.67306,113.56556,16697,2015,9,19
"Rhincodon typus",-8.21472,110.265,16696,2015,9,18
"Rhincodon typus",-22.7,113.6,16698,2015,9,20
"Rhincodon typus",-14.20944,121.66194,16708,2015,9,30
"Rhincodon typus",-13.28111,113.81,16686,2015,9,8
"Rhincodon typus",-14.79806,114.91306,16693,2015,9,15
"Rhincodon typus",-8.67444,112.60194,16679,2015,9,1
"Rhincodon typus",-22.70111,113.56917,16693,2015,9,15
"Rhincodon typus",-21.36778,112.96667,16685,2015,9,7
"Rhincodon typus",-11.72528,111.85778,16708,2015,9,30
"Rhincodon typus",-23.1,113.7,16706,2015,9,28
"Rhincodon typus",-19.67722,115.7025,16701,2015,9,23
"Rhincodon typus",-8.5925,112.62639,16679,2015,9,1
"Rhincodon typus",-11.18639,113.34917,16706,2015,9,28
"Rhincodon typus",-14.66944,115.02667,16693,2015,9,15
"Rhincodon typus",-22.85222,113.67278,16704,2015,9,26
"Rhincodon typus",-8.58194,111.63167,16683,2015,9,5
"Rhincodon typus",-13.3775,113.79167,16686,2015,9,8
"Rhincodon typus",-14.21778,113.74083,16689,2015,9,11
"Rhincodon typus",-19.67139,115.66417,16690,2015,9,12
"Rhincodon typus",-14.20667,121.66,16708,2015,9,30
"Rhincodon typus",-12.48278,121.41722,16688,2015,9,10
"Rhincodon typus",-14.24139,113.7175,16689,2015,9,11
"Rhincodon typus",-14.00639,113.71361,16688,2015,9,10
"Rhincodon typus",-8.21972,110.32944,16695,2015,9,17
"Rhincodon typus",-22.72222,113.58972,16690,2015,9,12
"Rhincodon typus",-8.61111,111.94556,16682,2015,9,4
"Rhincodon typus",-14.64583,115.14222,16679,2015,9,1
"Rhincodon typus",-8.62944,111.79861,16683,2015,9,5
"Rhincodon typus",-8.19278,110.33861,16695,2015,9,17
"Rhincodon typus",-22.99778,113.4175,16704,2015,9,26
"Rhincodon typus",-19.39889,116.7375,16686,2015,9,8
"Rhincodon typus",-11.41583,117.15917,16703,2015,9,25
"Rhincodon typus",-12.54806,121.4575,16687,2015,9,9
"Rhincodon typus",-8.69833,112.42778,16680,2015,9,2
"Rhincodon typus",-8.70639,112.385,16680,2015,9,2
"Rhincodon typus",-13.41611,113.79778,16686,2015,9,8
"Rhincodon typus",-11.23,113.34306,16706,2015,9,28
"Rhincodon typus",-8.43583,110.24083,16692,2015,9,14
"Rhincodon typus",-11.73667,120.79639,16691,2015,9,13
"Rhincodon typus",-14.03861,113.69889,16688,2015,9,10
"Rhincodon typus",-19.9725,115.86972,16685,2015,9,7
"Rhincodon typus",-14.99222,115.05222,16693,2015,9,15
"Rhincodon typus",-22.6,113.6,16698,2015,9,20
"Rhincodon typus",-14.55444,114.83972,16692,2015,9,14
"Rhincodon typus",-8.21917,110.33111,16695,2015,9,17
"Rhincodon typus",-8.63028,112.66389,16679,2015,9,1
"Rhincodon typus",-8.8975,110.95639,16688,2015,9,10
"Rhincodon typus",-11.82667,120.90361,16690,2015,9,12
"Rhincodon typus",-11.56528,115.38806,16699,2015,9,21
"Rhincodon typus",-22.68222,113.57333,16692,2015,9,14
"Rhincodon typus",-22.7,113.6,16693,2015,9,15
"Rhincodon typus",-14.27778,113.71833,16690,2015,9,12
"Rhincodon typus",-22.87056,113.66333,16702,2015,9,24
"Rhincodon typus",-14.54806,114.81944,16692,2015,9,14
"Rhincodon typus",-8.71028,112.40889,16680,2015,9,2
"Rhincodon typus",-14.29194,113.71,16690,2015,9,12
"Rhincodon typus",-22.9,113.6,16690,2015,9,12
"Rhincodon typus",-19.68417,115.68361,16690,2015,9,12
"Rhincodon typus",-11.41528,119.25056,16696,2015,9,18
"Rhincodon typus",-8.67222,112.61056,16679,2015,9,1
"Rhincodon typus",-8.59583,111.97778,16682,2015,9,4
"Rhincodon typus",-8.25139,110.55056,16704,2015,9,26
"Rhincodon typus",-11.69194,112.12306,16708,2015,9,30
"Rhincodon typus",-19.70139,115.67278,16692,2015,9,14
"Rhincodon typus",-12.24722,113.95333,16681,2015,9,3
"Rhincodon typus",-14.09611,113.68361,16688,2015,9,10
"Rhincodon typus",-19.74222,115.66417,16689,2015,9,11
"Rhincodon typus",-8.46222,110.2525,16692,2015,9,14
"Rhincodon typus",-23,113.7,16706,2015,9,28
"Rhincodon typus",-19.57361,116.71417,16680,2015,9,2
"Rhincodon typus",-8.605,111.97472,16682,2015,9,4
"Rhincodon typus",-13.42194,113.79111,16686,2015,9,8
"Rhincodon typus",-19.87528,117.11667,16680,2015,9,2
"Rhincodon typus",-23.1,113.8,16707,2015,9,29
"Rhincodon typus",-19.66861,115.71583,16690,2015,9,12
"Rhincodon typus",-8.69444,112.59778,16680,2015,9,2
"Rhincodon typus",-13.96389,113.77444,16687,2015,9,9
"Rhincodon typus",-13.39917,122.39389,16696,2015,9,18
"Rhincodon typus",-11.70889,120.63694,16691,2015,9,13
"Rhincodon typus",-19.585,116.52861,16679,2015,9,1
"Rhincodon typus",-8.62667,111.79139,16683,2015,9,5
"Rhincodon typus",-12.33639,113.9425,16680,2015,9,2
"Rhincodon typus",-11.20167,117.10139,16704,2015,9,26
"Rhincodon typus",-11.37167,117.74222,16708,2015,9,30
"Rhincodon typus",-13.27917,114.02528,16686,2015,9,8
"Rhincodon typus",-11.69667,120.68139,16691,2015,9,13
"Rhincodon typus",-11.39778,119.30806,16696,2015,9,18
"Rhincodon typus",-8.85722,112.40417,16680,2015,9,2
"Rhincodon typus",-14.715,114.87,16693,2015,9,15
"Rhincodon typus",-8.71639,112.5225,16680,2015,9,2
"Rhincodon typus",-22.68583,113.57444,16692,2015,9,14
"Rhincodon typus",-8.65389,111.83139,16683,2015,9,5
"Rhincodon typus",-22.9,113.8,16706,2015,9,28
"Rhincodon typus",-12.47583,121.39944,16688,2015,9,10
"Rhincodon typus",-14.24306,121.68694,16707,2015,9,29
"Rhincodon typus",-13.28583,113.81444,16686,2015,9,8
"Rhincodon typus",-22.89417,113.69639,16691,2015,9,13
"Rhincodon typus",-12.37722,121.28444,16689,2015,9,11
"Rhincodon typus",-13.27944,122.28806,16695,2015,9,17
"Rhincodon typus",-13.39556,113.83278,16686,2015,9,8
"Rhincodon typus",-11.18444,113.30722,16706,2015,9,28
"Rhincodon typus",-11.79083,111.66889,16708,2015,9,30
"Rhincodon typus",-11.44972,119.13556,16697,2015,9,19
"Rhincodon typus",-11.76056,120.80972,16690,2015,9,12
"Rhincodon typus",-22.9,113.8,16703,2015,9,25
"Rhincodon typus",-14.55139,114.80917,16692,2015,9,14
"Rhincodon typus",-11.81389,115.03389,16699,2015,9,21
"Rhincodon typus",-8.50611,110.38333,16691,2015,9,13
"Rhincodon typus",-22.9,113.7,16704,2015,9,26
"Rhincodon typus",-22.69972,113.52778,16693,2015,9,15
"Rhincodon typus",-14.65806,115.14667,16679,2015,9,1
"Rhincodon typus",-19.55444,116.44056,16679,2015,9,1
"Rhincodon typus",-13.9325,112.24,16679,2015,9,1
"Rhincodon typus",-13.22472,122.22833,16693,2015,9,15
"Rhincodon typus",-8.45917,110.24667,16692,2015,9,14
"Rhincodon typus",-12.96861,113.90667,16685,2015,9,7
"Rhincodon typus",-11.005,113.82611,16705,2015,9,27
"Rhincodon typus",-8.19389,110.28139,16695,2015,9,17
"Rhincodon typus",-8.595,111.98417,16682,2015,9,4
"Rhincodon typus",-8.0625,110.26083,16702,2015,9,24
"Rhincodon typus",-19.34667,116.73389,16688,2015,9,10
"Rhincodon typus",-11.35694,119.55917,16696,2015,9,18
"Rhincodon typus",-14.16333,113.59194,16689,2015,9,11
"Rhincodon typus",-8.61361,111.70778,16683,2015,9,5
"Rhincodon typus",-19.68639,115.68917,16690,2015,9,12
"Rhincodon typus",-11.75528,111.75528,16708,2015,9,30
"Rhincodon typus",-11.75167,120.79861,16690,2015,9,12
"Rhincodon typus",-19.71528,115.66694,16690,2015,9,12
"Rhincodon typus",-22.70139,113.51639,16693,2015,9,15
"Rhincodon typus",-8.59611,111.98889,16682,2015,9,4
"Rhincodon typus",-13.33417,121.88361,16704,2015,9,26
"Rhincodon typus",-11.67667,114.96472,16699,2015,9,21
"Rhincodon typus",-12.83,113.84444,16684,2015,9,6
"Rhincodon typus",-8.19472,110.29,16695,2015,9,17
"Rhincodon typus",-13.63944,120.85333,16691,2015,9,13
"Rhincodon typus",-11.70861,112.00278,16708,2015,9,30
"Rhincodon typus",-13.2425,114.03222,16684,2015,9,6
"Rhincodon typus",-8.22333,110.32611,16695,2015,9,17
"Rhincodon typus",-14.58861,114.65667,16692,2015,9,14
"Rhincodon typus",-22.63444,113.56,16698,2015,9,20
"Rhincodon typus",-22.84583,113.60944,16702,2015,9,24
"Rhincodon typus",-8.21333,110.26861,16696,2015,9,18
"Rhincodon typus",-11.89917,120.04278,16693,2015,9,15
"Rhincodon typus",-12.76972,113.85944,16683,2015,9,5
"Rhincodon typus",-22.8,113.6,16697,2015,9,19
"Rhincodon typus",-14.55083,114.82028,16692,2015,9,14
"Rhincodon typus",-8.22139,110.14333,16696,2015,9,18
"Rhincodon typus",-8.71889,112.47111,16680,2015,9,2
"Rhincodon typus",-13.47694,113.78611,16686,2015,9,8
"Rhincodon typus",-23,113.8,16707,2015,9,29
"Rhincodon typus",-22.9,113.8,16707,2015,9,29
"Rhincodon typus",-8.72639,112.4925,16680,2015,9,2
"Rhincodon typus",-14.225,121.67778,16708,2015,9,30
"Rhincodon typus",-8.61583,111.9325,16682,2015,9,4
"Rhincodon typus",-8.48444,110.37167,16692,2015,9,14
"Rhincodon typus",-19.3375,116.67333,16687,2015,9,9
"Rhincodon typus",-10.90306,113.78111,16705,2015,9,27
"Rhincodon typus",-22.90056,113.7,16703,2015,9,25
"Rhincodon typus",-22.7,113.6,16697,2015,9,19
"Rhincodon typus",-11.19083,117.09778,16704,2015,9,26
"Rhincodon typus",-14.24472,121.70333,16708,2015,9,30
"Rhincodon typus",-13.54222,113.78111,16687,2015,9,9
"Rhincodon typus",-12.8575,113.86083,16684,2015,9,6
"Rhincodon typus",-11.37167,119.63639,16695,2015,9,17
"Rhincodon typus",-8.19611,110.28944,16695,2015,9,17
"Rhincodon typus",-22.87028,113.68306,16703,2015,9,25
"Rhincodon typus",-22.68833,113.57333,16692,2015,9,14
"Rhincodon typus",-8.29694,110.32222,16693,2015,9,15
"Rhincodon typus",-14.23222,113.71306,16689,2015,9,11
"Rhincodon typus",-13.29417,122.26639,16694,2015,9,16
"Rhincodon typus",-11.58528,120.62028,16691,2015,9,13
"Rhincodon typus",-22.67944,113.53694,16700,2015,9,22
"Rhincodon typus",-11.36722,117.11722,16703,2015,9,25
"Rhincodon typus",-11.47833,112.87222,16707,2015,9,29
"Rhincodon typus",-10.98861,113.87972,16705,2015,9,27
"Rhincodon typus",-19.68,115.67222,16690,2015,9,12
"Rhincodon typus",-12.36778,121.29306,16689,2015,9,11
"Rhincodon typus",-13.46694,113.78972,16686,2015,9,8
"Rhincodon typus",-11.76083,111.69444,16708,2015,9,30
"Rhincodon typus",-14.085,113.68028,16688,2015,9,10
"Rhincodon typus",-11.55,112.61056,16707,2015,9,29
"Rhincodon typus",-8.19972,110.2775,16696,2015,9,18
"Rhincodon typus",-22.70361,113.57472,16693,2015,9,15
"Rhincodon typus",-11.51972,112.68333,16707,2015,9,29
"Rhincodon typus",-11.69056,117.39306,16701,2015,9,23
"Rhincodon typus",-11.2525,113.33917,16707,2015,9,29
"Rhincodon typus",-23,113.7,16708,2015,9,30
"Rhincodon typus",-11.7525,120.79944,16690,2015,9,12
"Rhincodon typus",-8.70278,112.54417,16680,2015,9,2
"Rhincodon typus",-19.75194,115.66444,16689,2015,9,11
"Rhincodon typus",-8.6325,112.66528,16679,2015,9,1
"Rhincodon typus",-8.1675,110.18861,16697,2015,9,19
"Rhincodon typus",-11.52778,112.66556,16707,2015,9,29
"Rhincodon typus",-11.70917,114.98333,16699,2015,9,21
"Rhincodon typus",-11.53306,118.80833,16697,2015,9,19
"Rhincodon typus",-12.89778,122.15528,16692,2015,9,14
"Rhincodon typus",-23.2,113.8,16707,2015,9,29
"Rhincodon typus",-19.70361,116.62944,16679,2015,9,1
"Rhincodon typus",-14.69972,117.23667,16681,2015,9,3
"Rhincodon typus",-10.91611,114.17333,16704,2015,9,26
"Rhincodon typus",-21.96694,113.84611,16698,2015,9,20
"Rhincodon typus",-12.46611,121.32306,16688,2015,9,10
"Rhincodon typus",-13.18667,122.15861,16693,2015,9,15
"Rhincodon typus",-22.8,113.7,16692,2015,9,14
"Rhincodon typus",-12.24667,113.95167,16681,2015,9,3
"Rhincodon typus",-12.21389,113.98528,16681,2015,9,3
"Rhincodon typus",-13.5625,122.29556,16696,2015,9,18
"Rhincodon typus",-22.65028,113.55639,16698,2015,9,20
"Rhincodon typus",-12.21139,113.79944,16682,2015,9,4
"Rhincodon typus",-14.24056,121.68722,16707,2015,9,29
"Rhincodon typus",-13.28333,113.87139,16686,2015,9,8
"Rhincodon typus",-11.87111,115.33639,16698,2015,9,20
"Rhincodon typus",-19.69222,115.64333,16692,2015,9,14
"Rhincodon typus",-13.9075,114.48194,16696,2015,9,18
"Rhincodon typus",-11.50222,118.77111,16697,2015,9,19
"Rhincodon typus",-13.99444,113.71361,16688,2015,9,10
"Rhincodon typus",-11.69722,112.07889,16708,2015,9,30
"Rhincodon typus",-12.76278,113.84833,16683,2015,9,5
"Rhincodon typus",-22.82139,113.63,16703,2015,9,25
"Rhincodon typus",-11.19861,113.10333,16707,2015,9,29
"Rhincodon typus",-23.1,113.7,16707,2015,9,29
"Rhincodon typus",-11.42722,119.16444,16697,2015,9,19
"Rhincodon typus",-19.72028,115.65722,16690,2015,9,12
"Rhincodon typus",-13.58583,113.77889,16687,2015,9,9
"Rhincodon typus",-19.54722,116.46611,16679,2015,9,1
"Rhincodon typus",-19.54361,116.50667,16679,2015,9,1
"Rhincodon typus",-22.95056,113.28639,16702,2015,9,24
"Rhincodon typus",-12.17833,113.85917,16681,2015,9,3
"Rhincodon typus",-22.86889,113.6775,16702,2015,9,24
"Rhincodon typus",-17.53528,113.81778,16687,2015,9,9
"Rhincodon typus",-22.67639,113.54167,16700,2015,9,22
"Rhincodon typus",-8.24806,110.55139,16704,2015,9,26
"Rhincodon typus",-14.47,114.22528,16691,2015,9,13
"Rhincodon typus",-22.6925,113.57639,16692,2015,9,14
"Rhincodon typus",-8.89611,110.94167,16688,2015,9,10
"Rhincodon typus",-14.64472,114.76861,16692,2015,9,14
"Rhincodon typus",-14.2425,121.66417,16707,2015,9,29
"Rhincodon typus",-14.63556,114.66167,16692,2015,9,14
"Rhincodon typus",-11.31844,130.72068,16734,2015,10,26
"Rhincodon typus",-11.05161,133.08059,16738,2015,10,30
"Rhincodon typus",-11.41277,136.79282,16738,2015,10,30
"Rhincodon typus",-12.91356,136.70585,16729,2015,10,21
"Rhincodon typus",-22.6,113.61,16731,2015,10,23
"Rhincodon typus",-22.6,113.61,16730,2015,10,22
"Rhincodon typus",-22.6,113.62,16732,2015,10,24
"Rhincodon typus",-21.9,113.93,16717,2015,10,9
"Rhincodon typus",-23.13,113.72,16711,2015,10,3
"Rhincodon typus",-23.13,113.73,16711,2015,10,3
"Rhincodon typus",-23.13,113.71,16711,2015,10,3
"Rhincodon typus",-23.13,113.73,16710,2015,10,2
"Rhincodon typus",-22.6,113.61,16739,2015,10,31
"Rhincodon typus",-22.6,113.62,16739,2015,10,31
"Rhincodon typus",-3.24247,134.99295,16737,2015,10,29
"Rhincodon typus",-3.22492,135.01753,16737,2015,10,29
"Rhincodon typus",-3.24,134.99,16737,2015,10,29
"Rhincodon typus",-13.76639,115.55361,16719,2015,10,11
"Rhincodon typus",-8.72806,110.98194,16714,2015,10,6
"Rhincodon typus",-13.71722,108.44972,16727,2015,10,19
"Rhincodon typus",-22.5,113.7,16739,2015,10,31
"Rhincodon typus",-23.3,113.8,16717,2015,10,9
"Rhincodon typus",-12.54417,109.08417,16725,2015,10,17
"Rhincodon typus",-14.1675,108.02694,16729,2015,10,21
"Rhincodon typus",-11.32222,109.52222,16717,2015,10,9
"Rhincodon typus",-23.00694,113.71,16729,2015,10,21
"Rhincodon typus",-22.9,113.7,16715,2015,10,7
"Rhincodon typus",-13.96472,108.28583,16728,2015,10,20
"Rhincodon typus",-22.9,113.7,16733,2015,10,25
"Rhincodon typus",-22.85806,113.66444,16728,2015,10,20
"Rhincodon typus",-11.34056,109.50111,16717,2015,10,9
"Rhincodon typus",-8.22611,110.67833,16710,2015,10,2
"Rhincodon typus",-22.5,113.7,16738,2015,10,30
"Rhincodon typus",-13.97417,108.26556,16728,2015,10,20
"Rhincodon typus",-22.88806,113.68639,16723,2015,10,15
"Rhincodon typus",-22.9,113.7,16714,2015,10,6
"Rhincodon typus",-13.30194,108.67861,16726,2015,10,18
"Rhincodon typus",-22.64222,113.55722,16736,2015,10,28
"Rhincodon typus",-22.6,113.6,16735,2015,10,27
"Rhincodon typus",-22.58889,113.57528,16732,2015,10,24
"Rhincodon typus",-13.7275,115.15333,16720,2015,10,12
"Rhincodon typus",-11.29778,109.55667,16719,2015,10,11
"Rhincodon typus",-11.33056,109.52278,16717,2015,10,9
"Rhincodon typus",-22.87611,113.69,16716,2015,10,8
"Rhincodon typus",-22.81528,113.47694,16734,2015,10,26
"Rhincodon typus",-22.22917,113.62111,16727,2015,10,19
"Rhincodon typus",-14.77056,114.36917,16730,2015,10,22
"Rhincodon typus",-12.79806,108.95694,16725,2015,10,17
"Rhincodon typus",-23,113.7,16712,2015,10,4
"Rhincodon typus",-13.79556,108.37472,16727,2015,10,19
"Rhincodon typus",-22.74806,113.58389,16739,2015,10,31
"Rhincodon typus",-11.51639,109.51139,16715,2015,10,7
"Rhincodon typus",-22.9,113.7,16713,2015,10,5
"Rhincodon typus",-15.47694,114.34444,16736,2015,10,28
"Rhincodon typus",-22.75944,113.58111,16739,2015,10,31
"Rhincodon typus",-11.34222,109.50194,16717,2015,10,9
"Rhincodon typus",-12.45306,109.19111,16724,2015,10,16
"Rhincodon typus",-12.3975,117.15917,16712,2015,10,4
"Rhincodon typus",-11.40139,109.53361,16719,2015,10,11
"Rhincodon typus",-12.05306,109.43361,16723,2015,10,15
"Rhincodon typus",-22.86611,113.54194,16735,2015,10,27
"Rhincodon typus",-22.5,113.7,16734,2015,10,26
"Rhincodon typus",-13.28306,108.68,16726,2015,10,18
"Rhincodon typus",-22.9,113.6,16720,2015,10,12
"Rhincodon typus",-22.93556,113.68528,16714,2015,10,6
"Rhincodon typus",-14.12083,114.72639,16724,2015,10,16
"Rhincodon typus",-12.41278,109.21139,16724,2015,10,16
"Rhincodon typus",-22.56694,113.56944,16735,2015,10,27
"Rhincodon typus",-23.5,113.8,16717,2015,10,9
"Rhincodon typus",-22.9,113.7,16726,2015,10,18
"Rhincodon typus",-8.66361,110.62278,16716,2015,10,8
"Rhincodon typus",-22.9,113.6,16724,2015,10,16
"Rhincodon typus",-12.22722,117.19944,16711,2015,10,3
"Rhincodon typus",-22.9,113.7,16718,2015,10,10
"Rhincodon typus",-22.9,113.8,16713,2015,10,5
"Rhincodon typus",-15.65111,108.01861,16734,2015,10,26
"Rhincodon typus",-22.7,113.6,16736,2015,10,28
"Rhincodon typus",-22.5,113.7,16737,2015,10,29
"Rhincodon typus",-8.36667,110.01528,16726,2015,10,18
"Rhincodon typus",-14.06639,108.20694,16728,2015,10,20
"Rhincodon typus",-19.57861,117.82194,16710,2015,10,2
"Rhincodon typus",-8.45083,109.10306,16721,2015,10,13
"Rhincodon typus",-13.83,108.37083,16728,2015,10,20
"Rhincodon typus",-11.44139,109.515,16716,2015,10,8
"Rhincodon typus",-12.7475,110.14306,16710,2015,10,2
"Rhincodon typus",-12.585,109.0675,16725,2015,10,17
"Rhincodon typus",-8.34833,109.86389,16721,2015,10,13
"Rhincodon typus",-22.76139,113.475,16716,2015,10,8
"Rhincodon typus",-22.5,113.7,16735,2015,10,27
"Rhincodon typus",-13.52889,108.54917,16727,2015,10,19
"Rhincodon typus",-12.19528,117.22111,16711,2015,10,3
"Rhincodon typus",-22.9,113.8,16721,2015,10,13
"Rhincodon typus",-11.39056,109.54167,16719,2015,10,11
"Rhincodon typus",-12.37472,110.84028,16709,2015,10,1
"Rhincodon typus",-22.90278,113.64306,16730,2015,10,22
"Rhincodon typus",-13.34778,108.62722,16726,2015,10,18
"Rhincodon typus",-12.56083,108.75583,16712,2015,10,4
"Rhincodon typus",-12.73056,109.13139,16711,2015,10,3
"Rhincodon typus",-8.39639,110.00778,16726,2015,10,18
"Rhincodon typus",-22.87639,113.65861,16715,2015,10,7
"Rhincodon typus",-22.7,113.6,16739,2015,10,31
"Rhincodon typus",-8.665,110.91389,16715,2015,10,7
"Rhincodon typus",-22.9,113.7,16720,2015,10,12
"Rhincodon typus",-19.63417,117.86056,16710,2015,10,2
"Rhincodon typus",-13.59083,115.82944,16718,2015,10,10
"Rhincodon typus",-12.72028,110.23778,16710,2015,10,2
"Rhincodon typus",-11.50139,109.52417,16715,2015,10,7
"Rhincodon typus",-11.48639,109.52028,16715,2015,10,7
"Rhincodon typus",-22.7,113.6,16738,2015,10,30
"Rhincodon typus",-8.45111,109.12278,16721,2015,10,13
"Rhincodon typus",-13.64056,115.31306,16721,2015,10,13
"Rhincodon typus",-22.88611,113.69139,16723,2015,10,15
"Rhincodon typus",-15.60333,108.76306,16739,2015,10,31
"Rhincodon typus",-23.20222,113.60556,16711,2015,10,3
"Rhincodon typus",-14.27556,107.72306,16729,2015,10,21
"Rhincodon typus",-15.49583,114.33556,16737,2015,10,29
"Rhincodon typus",-22.9,113.8,16727,2015,10,19
"Rhincodon typus",-23.07444,113.63417,16712,2015,10,4
"Rhincodon typus",-11.435,109.51583,16720,2015,10,12
"Rhincodon typus",-14.11222,114.94944,16723,2015,10,15
"Rhincodon typus",-13.69917,115.20389,16720,2015,10,12
"Rhincodon typus",-8.2325,110.67806,16710,2015,10,2
"Rhincodon typus",-22.9,113.7,16727,2015,10,19
"Rhincodon typus",-22.9,113.7,16716,2015,10,8
"Rhincodon typus",-22.89583,113.67611,16733,2015,10,25
"Rhincodon typus",-14.11139,114.95222,16723,2015,10,15
"Rhincodon typus",-22.7275,113.58556,16738,2015,10,30
"Rhincodon typus",-22.9,113.7,16729,2015,10,21
"Rhincodon typus",-14.87639,114.36639,16730,2015,10,22
"Rhincodon typus",-13.75722,108.31278,16727,2015,10,19
"Rhincodon typus",-12.5525,108.72333,16712,2015,10,4
"Rhincodon typus",-11.39722,109.53694,16719,2015,10,11
"Rhincodon typus",-15.42306,113.82972,16739,2015,10,31
"Rhincodon typus",-8.73806,111.01139,16714,2015,10,6
"Rhincodon typus",-12.69056,109.00472,16725,2015,10,17
"Rhincodon typus",-19.61528,117.90778,16710,2015,10,2
"Rhincodon typus",-15.48806,114.34972,16736,2015,10,28
"Rhincodon typus",-11.33167,109.56167,16717,2015,10,9
"Rhincodon typus",-22.9,113.7,16723,2015,10,15
"Rhincodon typus",-14.87861,114.71806,16731,2015,10,23
"Rhincodon typus",-12.74222,109.1925,16711,2015,10,3
"Rhincodon typus",-12.46917,108.52861,16712,2015,10,4
"Rhincodon typus",-11.50694,109.51583,16715,2015,10,7
"Rhincodon typus",-22.5,113.6,16739,2015,10,31
"Rhincodon typus",-15.41278,114.30806,16736,2015,10,28
"Rhincodon typus",-11.39194,109.50111,16716,2015,10,8
"Rhincodon typus",-14.92722,114.75111,16731,2015,10,23
"Rhincodon typus",-11.45722,109.52,16716,2015,10,8
"Rhincodon typus",-23,113.7,16709,2015,10,1
"Rhincodon typus",-14.10972,114.95667,16723,2015,10,15
"Rhincodon typus",-22.87722,113.68833,16723,2015,10,15
"Rhincodon typus",-12.77944,109.23528,16711,2015,10,3
"Rhincodon typus",-22.88667,113.62667,16714,2015,10,6
"Rhincodon typus",-13.52056,115.49333,16721,2015,10,13
"Rhincodon typus",-12.66556,109.01472,16725,2015,10,17
"Rhincodon typus",-11.46111,109.51583,16715,2015,10,7
"Rhincodon typus",-15.77917,114.28917,16737,2015,10,29
"Rhincodon typus",-13.515,115.92417,16718,2015,10,10
"Rhincodon typus",-8.66083,110.91111,16715,2015,10,7
"Rhincodon typus",-22.9,113.7,16725,2015,10,17
"Rhincodon typus",-12.11389,109.3875,16723,2015,10,15
"Rhincodon typus",-11.37556,109.54278,16719,2015,10,11
"Rhincodon typus",-8.56694,110.53222,16729,2015,10,21
"Rhincodon typus",-12.85528,110.04,16711,2015,10,3
"Rhincodon typus",-13.31278,108.72056,16726,2015,10,18
"Rhincodon typus",-8.7725,111.09417,16714,2015,10,6
"Rhincodon typus",-8.42944,109.21056,16721,2015,10,13
"Rhincodon typus",-12.06056,109.40889,16723,2015,10,15
"Rhincodon typus",-22.6,113.6,16736,2015,10,28
"Rhincodon typus",-8.22972,110.68278,16710,2015,10,2
"Rhincodon typus",-22.4,113.7,16739,2015,10,31
"Rhincodon typus",-14.16,114.81583,16724,2015,10,16
"Rhincodon typus",-22.9,113.7,16719,2015,10,11
"Rhincodon typus",-12.26861,111.09111,16709,2015,10,1
"Rhincodon typus",-13.53667,108.52417,16727,2015,10,19
"Rhincodon typus",-11.4275,109.52472,16720,2015,10,12
"Rhincodon typus",-12.62,109.03611,16725,2015,10,17
"Rhincodon typus",-22.84111,113.65361,16728,2015,10,20
"Rhincodon typus",-23.06944,113.59694,16712,2015,10,4
"Rhincodon typus",-11.50083,109.51917,16715,2015,10,7
"Rhincodon typus",-22.8,113.6,16738,2015,10,30
"Rhincodon typus",-8.82056,110.57944,16739,2015,10,31
"Rhincodon typus",-23.25972,113.64028,16711,2015,10,3
"Rhincodon typus",-22.81,113.49833,16735,2015,10,27
"Rhincodon typus",-11.30639,109.51639,16718,2015,10,10
"Rhincodon typus",-22.75722,113.58444,16739,2015,10,31
"Rhincodon typus",-11.53889,109.53528,16714,2015,10,6
"Rhincodon typus",-8.46917,109.88139,16727,2015,10,19
"Rhincodon typus",-14.70333,108.06917,16731,2015,10,23
"Rhincodon typus",-11.32222,109.51222,16718,2015,10,10
"Rhincodon typus",-12.20361,111.30361,16709,2015,10,1
"Rhincodon typus",-14.975,114.81778,16732,2015,10,24
"Rhincodon typus",-22.87944,113.66389,16715,2015,10,7
"Rhincodon typus",-12.12861,109.36917,16723,2015,10,15
"Rhincodon typus",-13.43694,108.55583,16727,2015,10,19
"Rhincodon typus",-23.01278,113.68722,16709,2015,10,1
"Rhincodon typus",-13.92444,114.64944,16726,2015,10,18
"Rhincodon typus",-8.53111,110.54778,16729,2015,10,21
"Rhincodon typus",-23,113.7,16710,2015,10,2
"Rhincodon typus",-14.07222,108.11111,16728,2015,10,20
"Rhincodon typus",-13.25944,108.69528,16726,2015,10,18
"Rhincodon typus",-12.63333,110.25278,16710,2015,10,2
"Rhincodon typus",-22.52861,113.58583,16733,2015,10,25
"Rhincodon typus",-12.41472,109.20417,16724,2015,10,16
"Rhincodon typus",-12.23778,111.14833,16709,2015,10,1
"Rhincodon typus",-22.85667,113.58278,16723,2015,10,15
"Rhincodon typus",-22.74778,113.58389,16739,2015,10,31
"Rhincodon typus",-19.49611,114.88139,16730,2015,10,22
"Rhincodon typus",-13.90444,114.64667,16726,2015,10,18
"Rhincodon typus",-22.94111,113.675,16714,2015,10,6
"Rhincodon typus",-12.05639,109.49611,16723,2015,10,15
"Rhincodon typus",-13.92639,108.29389,16728,2015,10,20
"Rhincodon typus",-22.9,113.8,16714,2015,10,6
"Rhincodon typus",-15.92028,120.75611,16714,2015,10,6
"Rhincodon typus",-8.42389,109.16806,16721,2015,10,13
"Rhincodon typus",-22.9,113.6,16723,2015,10,15
"Rhincodon typus",-22.9,113.7,16724,2015,10,16
"Rhincodon typus",-16.92139,116.88861,16724,2015,10,16
"Rhincodon typus",-22.82278,113.6475,16727,2015,10,19
"Rhincodon typus",-11.31611,109.51444,16717,2015,10,9
"Rhincodon typus",-13.39528,115.99639,16718,2015,10,10
"Rhincodon typus",-21.63694,112.91889,16723,2015,10,15
"Rhincodon typus",-12.78556,110.06028,16710,2015,10,2
"Rhincodon typus",-11.33111,109.52917,16717,2015,10,9
"Rhincodon typus",-12.80861,109.34556,16711,2015,10,3
"Rhincodon typus",-12.00028,108.585,16713,2015,10,5
"Rhincodon typus",-11.37861,109.50472,16716,2015,10,8
"Rhincodon typus",-8.23,109.62944,16723,2015,10,15
"Rhincodon typus",-12.33056,109.24972,16724,2015,10,16
"Rhincodon typus",-11.6325,117.77694,16709,2015,10,1
"Rhincodon typus",-12.25278,111.20333,16709,2015,10,1
"Rhincodon typus",-8.50556,110.27889,16728,2015,10,20
"Rhincodon typus",-22.8,113.6,16722,2015,10,14
"Rhincodon typus",-14.1025,108.17306,16728,2015,10,20
"Rhincodon typus",-13.86917,108.3525,16728,2015,10,20
"Rhincodon typus",-13.00472,116.58194,16714,2015,10,6
"Rhincodon typus",-8.4025,109.98528,16726,2015,10,18
"Rhincodon typus",-22.82194,113.46639,16734,2015,10,26
"Rhincodon typus",-8.36278,109.93722,16718,2015,10,10
"Rhincodon typus",-8.24722,110.03667,16720,2015,10,12
"Rhincodon typus",-8.67556,110.63028,16716,2015,10,8
"Rhincodon typus",-15.58917,108.7525,16739,2015,10,31
"Rhincodon typus",-8.6625,110.90806,16715,2015,10,7
"Rhincodon typus",-11.47778,109.5225,16715,2015,10,7
"Rhincodon typus",-12.92222,108.94806,16726,2015,10,18
"Rhincodon typus",-22.7,113.6,16718,2015,10,10
"Rhincodon typus",-22.6,113.6,16738,2015,10,30
"Rhincodon typus",-14.11361,114.96028,16723,2015,10,15
"Rhincodon typus",-22.80694,113.48389,16735,2015,10,27
"Rhincodon typus",-11.31861,109.52611,16718,2015,10,10
"Rhincodon typus",-11.34611,109.51194,16717,2015,10,9
"Rhincodon typus",-16.92111,116.88806,16724,2015,10,16
"Rhincodon typus",-22.8,113.7,16724,2015,10,16
"Rhincodon typus",-11.33111,109.50528,16717,2015,10,9
"Rhincodon typus",-12.79389,108.96111,16725,2015,10,17
"Rhincodon typus",-11.31528,109.52083,16718,2015,10,10
"Rhincodon typus",-8.62833,110.8525,16715,2015,10,7
"Rhincodon typus",-8.44333,109.15444,16721,2015,10,13
"Rhincodon typus",-22.58,113.55639,16736,2015,10,28
"Rhincodon typus",-22.91639,113.68306,16733,2015,10,25
"Rhincodon typus",-22.81889,113.48889,16735,2015,10,27
"Rhincodon typus",-8.50111,110.52222,16731,2015,10,23
"Rhincodon typus",-11.69778,109.39028,16714,2015,10,6
"Rhincodon typus",-11.30111,109.53083,16719,2015,10,11
"Rhincodon typus",-13.25111,116.03528,16717,2015,10,9
"Rhincodon typus",-14.88778,114.6825,16731,2015,10,23
"Rhincodon typus",-11.4325,109.51528,16720,2015,10,12
"Rhincodon typus",-22.9,113.7,16722,2015,10,14
"Rhincodon typus",-13.58778,115.81444,16718,2015,10,10
"Rhincodon typus",-15.03083,114.87028,16732,2015,10,24
"Rhincodon typus",-12.64694,109.02056,16725,2015,10,17
"Rhincodon typus",-22.82639,113.64306,16727,2015,10,19
"Rhincodon typus",-22.85028,113.53028,16737,2015,10,29
"Rhincodon typus",-22.76,113.57972,16739,2015,10,31
"Rhincodon typus",-8.53222,110.54944,16729,2015,10,21
"Rhincodon typus",-8.65389,110.90611,16715,2015,10,7
"Rhincodon typus",-13.88528,108.32028,16728,2015,10,20
"Rhincodon typus",-12.29556,109.16111,16724,2015,10,16
"Rhincodon typus",-8.77472,111.10278,16714,2015,10,6
"Rhincodon typus",-12.14444,108.71722,16713,2015,10,5
"Rhincodon typus",-23.21889,113.61194,16711,2015,10,3
"Rhincodon typus",-23,113.8,16711,2015,10,3
"Rhincodon typus",-11.49389,109.52167,16715,2015,10,7
"Rhincodon typus",-12.24139,109.27944,16724,2015,10,16
"Rhincodon typus",-22.86417,113.66694,16727,2015,10,19
"Rhincodon typus",-14.26083,107.74333,16729,2015,10,21
"Rhincodon typus",-22.9,113.6,16733,2015,10,25
"Rhincodon typus",-8.71833,111.02306,16714,2015,10,6
"Rhincodon typus",-22.66278,113.56472,16739,2015,10,31
"Rhincodon typus",-14.23389,121.66944,16709,2015,10,1
"Rhincodon typus",-13.62861,115.28611,16721,2015,10,13
"Rhincodon typus",-15.25028,113.38389,16739,2015,10,31
"Rhincodon typus",-11.32417,109.53639,16718,2015,10,10
"Rhincodon typus",-11.42778,109.51778,16720,2015,10,12
"Rhincodon typus",-11.32528,109.525,16717,2015,10,9
"Rhincodon typus",-8.76389,111.04444,16714,2015,10,6
"Rhincodon typus",-11.48861,109.52889,16715,2015,10,7
"Rhincodon typus",-13.72194,115.54861,16719,2015,10,11
"Rhincodon typus",-11.405,109.52056,16716,2015,10,8
"Rhincodon typus",-22.85306,113.66194,16723,2015,10,15
"Rhincodon typus",-22.9,113.8,16718,2015,10,10
"Rhincodon typus",-11.48806,109.51889,16715,2015,10,7
"Rhincodon typus",-11.48806,109.51472,16715,2015,10,7
"Rhincodon typus",-15.23778,108.29861,16733,2015,10,25
"Rhincodon typus",-14.08833,108.17,16728,2015,10,20
"Rhincodon typus",-22.6,113.6,16739,2015,10,31
"Rhincodon typus",-22.81861,113.48806,16735,2015,10,27
"Rhincodon typus",-22.86528,113.67389,16728,2015,10,20
"Rhincodon typus",-12.57972,109.06806,16725,2015,10,17
"Rhincodon typus",-22.82444,113.64333,16722,2015,10,14
"Rhincodon typus",-22.8675,113.31194,16728,2015,10,20
"Rhincodon typus",-22.79694,113.48444,16734,2015,10,26
"Rhincodon typus",-8.26556,109.88056,16720,2015,10,12
"Rhincodon typus",-22.69639,113.58056,16739,2015,10,31
"Rhincodon typus",-13.53778,115.85306,16718,2015,10,10
"Rhincodon typus",-23,113.7,16711,2015,10,3
"Rhincodon typus",-15.19917,113.42278,16739,2015,10,31
"Rhincodon typus",-15.22028,114.81111,16734,2015,10,26
"Rhincodon typus",-12.79639,108.94444,16725,2015,10,17
"Rhincodon typus",-11.46389,109.51111,16716,2015,10,8
"Rhincodon typus",-14.02778,114.58417,16725,2015,10,17
"Rhincodon typus",-22.84806,113.64333,16722,2015,10,14
"Rhincodon typus",-13.31694,116.03556,16717,2015,10,9
"Rhincodon typus",-22.9,113.8,16722,2015,10,14
"Rhincodon typus",-11.31778,109.51917,16717,2015,10,9
"Rhincodon typus",-8.37806,110.0175,16726,2015,10,18
"Rhincodon typus",-8.385,110.96083,16713,2015,10,5
"Rhincodon typus",-22.98556,113.71167,16714,2015,10,6
"Rhincodon typus",-8.76,111.04833,16714,2015,10,6
"Rhincodon typus",-15.67111,108.545,16738,2015,10,30
"Rhincodon typus",-8.49,110.51306,16731,2015,10,23
"Rhincodon typus",-16.91361,116.88222,16724,2015,10,16
"Rhincodon typus",-12.7775,109.30167,16711,2015,10,3
"Rhincodon typus",-13.46889,108.53528,16727,2015,10,19
"Rhincodon typus",-12.2275,111.25667,16709,2015,10,1
"Rhincodon typus",-13.6325,115.33056,16721,2015,10,13
"Rhincodon typus",-12.92417,109.64278,16711,2015,10,3
"Rhincodon typus",-22.9,113.8,16719,2015,10,11
"Rhincodon typus",-8.54833,110.84667,16715,2015,10,7
"Rhincodon typus",-8.73056,110.98028,16713,2015,10,5
"Rhincodon typus",-19.61056,117.89972,16710,2015,10,2
"Rhincodon typus",-13.6425,115.31861,16721,2015,10,13
"Rhincodon typus",-12.41444,109.21056,16724,2015,10,16
"Rhincodon typus",-14.11056,114.96833,16723,2015,10,15
"Rhincodon typus",-22.8975,113.61139,16714,2015,10,6
"Rhincodon typus",-12.47917,108.56194,16712,2015,10,4
"Rhincodon typus",-8.42528,109.20917,16721,2015,10,13
"Rhincodon typus",-22.88667,113.69,16723,2015,10,15
"Rhincodon typus",-11.33528,109.50472,16717,2015,10,9
"Rhincodon typus",-12.52306,109.0975,16725,2015,10,17
"Rhincodon typus",-22.5,113.7,16733,2015,10,25
"Rhincodon typus",-22.89972,113.69222,16726,2015,10,18
"Rhincodon typus",-22.8,113.7,16730,2015,10,22
"Rhincodon typus",-22.70167,113.52472,16736,2015,10,28
"Rhincodon typus",-19.795,117.50056,16711,2015,10,3
"Rhincodon typus",-12.42333,109.19944,16724,2015,10,16
"Rhincodon typus",-13.165,108.93444,16726,2015,10,18
"Rhincodon typus",-22.9,113.8,16709,2015,10,1
"Rhincodon typus",-14.61944,108.0975,16731,2015,10,23
"Rhincodon typus",-8.49667,110.53417,16731,2015,10,23
"Rhincodon typus",-14.18667,108.00667,16729,2015,10,21
"Rhincodon typus",-8.35028,109.92333,16718,2015,10,10
"Rhincodon typus",-12.57667,108.75389,16712,2015,10,4
"Rhincodon typus",-12.20278,108.78361,16713,2015,10,5
"Rhincodon typus",-8.69639,110.6125,16716,2015,10,8
"Rhincodon typus",-22.9,113.7,16730,2015,10,22
"Rhincodon typus",-12.76139,109.26333,16711,2015,10,3
"Rhincodon typus",-14.13083,108.04361,16729,2015,10,21
"Rhincodon typus",-22.7,113.6,16735,2015,10,27
"Rhincodon typus",-8.73333,111.01778,16714,2015,10,6
"Rhincodon typus",-15.76444,108.50222,16738,2015,10,30
"Rhincodon typus",-11.51528,109.51389,16715,2015,10,7
"Rhincodon typus",-13.53917,115.85111,16718,2015,10,10
"Rhincodon typus",-23.06889,113.59944,16712,2015,10,4
"Rhincodon typus",-12.24028,111.23611,16709,2015,10,1
"Rhincodon typus",-22.71083,113.57861,16739,2015,10,31
"Rhincodon typus",-11.53111,109.54806,16714,2015,10,6
"Rhincodon typus",-22.69889,113.5825,16736,2015,10,28
"Rhincodon typus",-23.29528,113.46556,16722,2015,10,14
"Rhincodon typus",-12.36,110.90667,16709,2015,10,1
"Rhincodon typus",-22.88778,113.54,16730,2015,10,22
"Rhincodon typus",-15.49222,114.3525,16736,2015,10,28
"Rhincodon typus",-22.87944,113.68611,16722,2015,10,14
"Rhincodon typus",-12.80417,110.01833,16710,2015,10,2
"Rhincodon typus",-22.8,113.6,16735,2015,10,27
"Rhincodon typus",-22.88472,113.68139,16729,2015,10,21
"Rhincodon typus",-12.62556,108.8575,16712,2015,10,4
"Rhincodon typus",-14.17167,108.03,16729,2015,10,21
"Rhincodon typus",-14.63,108.07528,16731,2015,10,23
"Rhincodon typus",-22.72472,113.47528,16732,2015,10,24
"Rhincodon typus",-12.14667,109.34389,16723,2015,10,15
"Rhincodon typus",-13.36361,108.65389,16726,2015,10,18
"Rhincodon typus",-22.79778,113.4975,16730,2015,10,22
"Rhincodon typus",-8.73306,110.97861,16714,2015,10,6
"Rhincodon typus",-22.9025,113.69917,16723,2015,10,15
"Rhincodon typus",-8.55139,110.53472,16716,2015,10,8
"Rhincodon typus",-13.95667,114.67611,16726,2015,10,18
"Rhincodon typus",-12.63972,109.02,16725,2015,10,17
"Rhincodon typus",-8.5375,110.55778,16716,2015,10,8
"Rhincodon typus",-22.85861,113.67444,16715,2015,10,7
"Rhincodon typus",-22.79278,113.44778,16734,2015,10,26
"Rhincodon typus",-8.71306,110.63611,16716,2015,10,8
"Rhincodon typus",-22.885,113.66944,16733,2015,10,25
"Rhincodon typus",-15.20444,113.42083,16739,2015,10,31
"Rhincodon typus",-23.02028,113.61,16709,2015,10,1
"Rhincodon typus",-22.16278,113.64556,16737,2015,10,29
"Rhincodon typus",-22.74889,113.575,16739,2015,10,31
"Rhincodon typus",-15.765,108.54111,16738,2015,10,30
"Rhincodon typus",-22.865,113.67417,16728,2015,10,20
"Rhincodon typus",-11.375,109.50528,16716,2015,10,8
"Rhincodon typus",-12.19028,117.16444,16712,2015,10,4
"Rhincodon typus",-22.96028,113.62917,16717,2015,10,9
"Rhincodon typus",-23.06778,113.58639,16712,2015,10,4
"Rhincodon typus",-11.31944,109.52306,16718,2015,10,10
"Rhincodon typus",-11.50972,109.52056,16715,2015,10,7
"Rhincodon typus",-8.60056,110.03306,16728,2015,10,20
"Rhincodon typus",-14.87722,114.62333,16731,2015,10,23
"Rhincodon typus",-23,113.7,16722,2015,10,14
"Rhincodon typus",-22.99028,113.70583,16729,2015,10,21
"Rhincodon typus",-11.54472,117.81333,16709,2015,10,1
"Rhincodon typus",-22.67528,113.56778,16736,2015,10,28
"Rhincodon typus",-13.30361,116.03278,16717,2015,10,9
"Rhincodon typus",-22.87806,113.68083,16728,2015,10,20
"Rhincodon typus",-11.32361,109.50667,16717,2015,10,9
"Rhincodon typus",-11.43694,109.51722,16720,2015,10,12
"Rhincodon typus",-13.54444,115.85083,16718,2015,10,10
"Rhincodon typus",9.5761,123.39987,16739,2015,10,31
"Rhincodon typus",-23.13,113.72,16745,2015,11,6
"Rhincodon typus",-23.13,113.71,16745,2015,11,6
"Rhincodon typus",-22.6,113.62,16749,2015,11,10
"Rhincodon typus",-22.6,113.61,16742,2015,11,3
"Rhincodon typus",-22.6,113.62,16758,2015,11,19
"Rhincodon typus",-3.24247,134.99295,16744,2015,11,5
"Rhincodon typus",-15.57861,113.44889,16742,2015,11,3
"Rhincodon typus",-15.54972,112.78028,16745,2015,11,6
"Rhincodon typus",-15.75889,114.44694,16752,2015,11,13
"Rhincodon typus",-23.04639,112.09778,16759,2015,11,20
"Rhincodon typus",-15.13389,108.86111,16741,2015,11,2
"Rhincodon typus",-14.59944,115.24306,16756,2015,11,17
"Rhincodon typus",-15.25028,112.9525,16747,2015,11,8
"Rhincodon typus",-15.88056,114.40417,16751,2015,11,12
"Rhincodon typus",-15.18222,113.48694,16740,2015,11,1
"Rhincodon typus",-10.98333,115.76194,16768,2015,11,29
"Rhincodon typus",-15.28194,112.9525,16747,2015,11,8
"Rhincodon typus",-14.89333,108.94444,16742,2015,11,3
"Rhincodon typus",-15.56472,113.39444,16742,2015,11,3
"Rhincodon typus",-23.00278,113.70056,16751,2015,11,12
"Rhincodon typus",-22.8,113.7,16756,2015,11,17
"Rhincodon typus",-23.83056,113.43194,16754,2015,11,15
"Rhincodon typus",-14.73667,114.72889,16755,2015,11,16
"Rhincodon typus",-8.2075,110.79972,16751,2015,11,12
"Rhincodon typus",-22.8,113.6,16742,2015,11,3
"Rhincodon typus",-22.7,113.6,16744,2015,11,5
"Rhincodon typus",-15.56167,113.59278,16749,2015,11,10
"Rhincodon typus",-22.4,113.7,16740,2015,11,1
"Rhincodon typus",-22.61056,113.16556,16753,2015,11,14
"Rhincodon typus",-22.73222,113.54667,16747,2015,11,8
"Rhincodon typus",-15.685,113.75472,16750,2015,11,11
"Rhincodon typus",-22.7,113.6,16746,2015,11,7
"Rhincodon typus",-25.6,112.9,16761,2015,11,22
"Rhincodon typus",-15.55167,108.73917,16740,2015,11,1
"Rhincodon typus",-22.5,113.7,16740,2015,11,1
"Rhincodon typus",-15.65667,112.88806,16745,2015,11,6
"Rhincodon typus",-22.43944,113.31611,16751,2015,11,12
"Rhincodon typus",-11.11222,115.97083,16768,2015,11,29
"Rhincodon typus",-15.24833,112.96111,16747,2015,11,8
"Rhincodon typus",-14.73111,115.13306,16755,2015,11,16
"Rhincodon typus",-10.98472,115.7575,16768,2015,11,29
"Rhincodon typus",-15.04361,114.78806,16754,2015,11,15
"Rhincodon typus",-15.35472,112.94444,16746,2015,11,7
"Rhincodon typus",-15.23,113.48722,16740,2015,11,1
"Rhincodon typus",-23.40972,113.44111,16746,2015,11,7
"Rhincodon typus",-15.24472,112.96639,16747,2015,11,8
"Rhincodon typus",-10.99528,115.75806,16768,2015,11,29
"Rhincodon typus",-15.45056,114.9775,16753,2015,11,14
"Rhincodon typus",-8.54694,111.20194,16759,2015,11,20
"Rhincodon typus",-15.56083,113.58583,16749,2015,11,10
"Rhincodon typus",-22.7,113.6,16765,2015,11,26
"Rhincodon typus",-15.50778,113.52694,16741,2015,11,2
"Rhincodon typus",-13.70722,109.47833,16745,2015,11,6
"Rhincodon typus",-22.98472,112.45556,16758,2015,11,19
"Rhincodon typus",-15.28694,113.50556,16740,2015,11,1
"Rhincodon typus",-13.21167,109.46611,16746,2015,11,7
"Rhincodon typus",-22.65611,113.51194,16752,2015,11,13
"Rhincodon typus",-23.06222,112.0825,16759,2015,11,20
"Rhincodon typus",-22.54139,113.44972,16752,2015,11,13
"Rhincodon typus",-15.285,113.49917,16740,2015,11,1
"Rhincodon typus",-11.04306,115.75861,16768,2015,11,29
"Rhincodon typus",-15.68528,113.8375,16750,2015,11,11
"Rhincodon typus",-14.93944,108.89667,16742,2015,11,3
"Rhincodon typus",-22.9925,112.21528,16759,2015,11,20
"Rhincodon typus",-22.81667,113.62222,16743,2015,11,4
"Rhincodon typus",-22.58306,113.18444,16753,2015,11,14
"Rhincodon typus",-15.30389,113.50861,16740,2015,11,1
"Rhincodon typus",-14.92167,108.91139,16742,2015,11,3
"Rhincodon typus",-22.8,113.6,16756,2015,11,17
"Rhincodon typus",-15.7225,113.26917,16742,2015,11,3
"Rhincodon typus",-25.11028,113.02944,16758,2015,11,19
"Rhincodon typus",-23.42111,113.4175,16746,2015,11,7
"Rhincodon typus",-11.17778,115.98833,16767,2015,11,28
"Rhincodon typus",-15.65417,112.83583,16745,2015,11,6
"Rhincodon typus",-15.77444,113.89917,16750,2015,11,11
"Rhincodon typus",-8.71222,110.88806,16757,2015,11,18
"Rhincodon typus",-15.71694,113.27583,16742,2015,11,3
"Rhincodon typus",-22.4,113.8,16740,2015,11,1
"Rhincodon typus",-14.64167,115.16944,16756,2015,11,17
"Rhincodon typus",-11.215,115.97889,16767,2015,11,28
"Rhincodon typus",-15.02028,115.23333,16754,2015,11,15
"Rhincodon typus",-15.32056,113.28139,16748,2015,11,9
"Rhincodon typus",-22.94278,111.87056,16761,2015,11,22
"Rhincodon typus",-22.9,113.7,16769,2015,11,30
"Rhincodon typus",-22.6,113.6,16741,2015,11,2
"Rhincodon typus",-8.89278,114.20972,16762,2015,11,23
"Rhincodon typus",-15.56222,113.39139,16742,2015,11,3
"Rhincodon typus",-15.56389,114.66639,16752,2015,11,13
"Rhincodon typus",-15.52472,113.47222,16741,2015,11,2
"Rhincodon typus",-13.70667,115.93167,16761,2015,11,22
"Rhincodon typus",-15.44722,108.76722,16740,2015,11,1
"Rhincodon typus",-22.65,113.55167,16747,2015,11,8
"Rhincodon typus",-22.9,113.7,16755,2015,11,16
"Rhincodon typus",-14.53944,109.115,16743,2015,11,4
"Rhincodon typus",-22.3,113.8,16740,2015,11,1
"Rhincodon typus",-22.6,113.6,16766,2015,11,27
"Rhincodon typus",-11.05917,115.99306,16768,2015,11,29
"Rhincodon typus",-8.74611,114.085,16762,2015,11,23
"Rhincodon typus",-22.7,113.6,16747,2015,11,8
"Rhincodon typus",-22.9,113.7,16744,2015,11,5
"Rhincodon typus",-14.40528,115.87167,16756,2015,11,17
"Rhincodon typus",-10.90083,115.78083,16769,2015,11,30
"Rhincodon typus",-23.46278,113.45278,16747,2015,11,8
"Rhincodon typus",-23.42167,113.44306,16746,2015,11,7
"Rhincodon typus",-15.38972,112.945,16746,2015,11,7
"Rhincodon typus",-22.73528,113.55917,16747,2015,11,8
"Rhincodon typus",-15.68417,112.89361,16744,2015,11,5
"Rhincodon typus",-15.7825,113.92,16750,2015,11,11
"Rhincodon typus",-22.97056,111.78917,16760,2015,11,21
"Rhincodon typus",-22.56833,113.54056,16741,2015,11,2
"Rhincodon typus",-14.59028,115.2575,16756,2015,11,17
"Rhincodon typus",-15.72028,113.29778,16742,2015,11,3
"Rhincodon typus",-22.9,113.8,16750,2015,11,11
"Rhincodon typus",-25.4,113,16759,2015,11,20
"Rhincodon typus",-22.84111,113.6575,16740,2015,11,1
"Rhincodon typus",-15.71444,113.32806,16743,2015,11,4
"Rhincodon typus",-15.66167,113.29222,16743,2015,11,4
"Rhincodon typus",-22.7,113.6,16767,2015,11,28
"Rhincodon typus",-22.9,113.8,16759,2015,11,20
"Rhincodon typus",-23,113.7,16746,2015,11,7
"Rhincodon typus",-13.31694,109.52778,16746,2015,11,7
"Rhincodon typus",-15.47167,108.75639,16740,2015,11,1
"Rhincodon typus",-11.16222,115.99972,16767,2015,11,28
"Rhincodon typus",-8.71833,110.85278,16758,2015,11,19
"Rhincodon typus",-15.78417,113.92972,16750,2015,11,11
"Rhincodon typus",-22.85333,112.60389,16757,2015,11,18
"Rhincodon typus",-22.8,113.7,16745,2015,11,6
"Rhincodon typus",-22.5,113.6,16741,2015,11,2
"Rhincodon typus",-22.43583,113.31056,16751,2015,11,12
"Rhincodon typus",-14.53306,109.09472,16743,2015,11,4
"Rhincodon typus",-15.72389,113.30222,16742,2015,11,3
"Rhincodon typus",-22.9,113.7,16741,2015,11,2
"Rhincodon typus",-10.93778,115.77028,16769,2015,11,30
"Rhincodon typus",-22.41944,113.29167,16751,2015,11,12
"Rhincodon typus",-15.37944,108.81278,16740,2015,11,1
"Rhincodon typus",-15.30778,112.95972,16747,2015,11,8
"Rhincodon typus",-15.34056,108.85611,16741,2015,11,2
"Rhincodon typus",-23.84861,113.39833,16754,2015,11,15
"Rhincodon typus",-22.96139,113.71417,16750,2015,11,11
"Rhincodon typus",-14.17528,109.21389,16744,2015,11,5
"Rhincodon typus",-22.705,113.56806,16747,2015,11,8
"Rhincodon typus",-13.39806,115.98333,16762,2015,11,23
"Rhincodon typus",-8.48278,111.14778,16759,2015,11,20
"Rhincodon typus",-15.62,113.66444,16750,2015,11,11
"Rhincodon typus",-22.99167,111.98528,16760,2015,11,21
"Rhincodon typus",-25.02472,113.04528,16758,2015,11,19
"Rhincodon typus",-22.6,113.62,16784,2015,12,15
"Rhincodon typus",-22.6,113.61,16784,2015,12,15
"Rhincodon typus",-22.6,113.61,16774,2015,12,5
"Rhincodon typus",-22.6,113.61,16796,2015,12,27
"Rhincodon typus",-22.6,113.62,16774,2015,12,5
"Rhincodon typus",-22.6,113.62,16775,2015,12,6
"Rhincodon typus",-8.44278,112.84222,16782,2015,12,13
"Rhincodon typus",-22.7,113.6,16782,2015,12,13
"Rhincodon typus",-22.90944,113.69194,16790,2015,12,21
"Rhincodon typus",-22.73917,113.56722,16775,2015,12,6
"Rhincodon typus",-8.44472,112.91944,16781,2015,12,12
"Rhincodon typus",-22.6,113.6,16770,2015,12,1
"Rhincodon typus",-8.42194,112.89917,16780,2015,12,11
"Rhincodon typus",-22.96056,113.68361,16772,2015,12,3
"Rhincodon typus",-22.6,113.6,16776,2015,12,7
"Rhincodon typus",-8.41389,112.94111,16778,2015,12,9
"Rhincodon typus",-22.9,113.8,16774,2015,12,5
"Rhincodon typus",-22.7,113.6,16781,2015,12,12
"Rhincodon typus",-22.6,113.6,16779,2015,12,10
"Rhincodon typus",-8.40861,112.89806,16783,2015,12,14
"Rhincodon typus",-22.6,113.6,16774,2015,12,5
"Rhincodon typus",-8.40361,112.89444,16780,2015,12,11
"Rhincodon typus",-22.9,113.7,16790,2015,12,21
"Rhincodon typus",-22.55583,113.56528,16778,2015,12,9
"Rhincodon typus",-22.5,113.7,16776,2015,12,7
"Rhincodon typus",-22.68222,113.56694,16783,2015,12,14
"Rhincodon typus",-22.6,113.6,16778,2015,12,9
"Rhincodon typus",-22.58194,113.57139,16778,2015,12,9
"Rhincodon typus",-8.41639,112.90583,16781,2015,12,12
"Rhincodon typus",-22.55806,113.55944,16777,2015,12,8
"Rhincodon typus",-22.6,113.5,16779,2015,12,10
"Rhincodon typus",-8.49889,112.91806,16778,2015,12,9
"Rhincodon typus",-24.23778,112.73306,16770,2015,12,1
"Rhincodon typus",-8.425,112.89806,16780,2015,12,11
"Rhincodon typus",-22.56278,113.55944,16777,2015,12,8
"Rhincodon typus",-19.5,115.5,16633,2015,7,17
"Rhincodon typus",-20.5,114.5,16617,2015,7,1
"Rhincodon typus",-18.5,114.5,17020,2016,8,7
"Rhincodon typus",-12.5,120.5,17034,2016,8,21
"Rhincodon typus",-19.5,114.5,17014,2016,8,1
"Rhincodon typus",-16.5,115.5,17028,2016,8,15
"Rhincodon typus",-12.5,123.5,17021,2016,8,8
"Rhincodon typus",-19.5,113.5,17144,2016,12,9
"Rhincodon typus",-21.5,115.5,16969,2016,6,17
"Rhincodon typus",-11.5,119.5,17075,2016,10,1
"Rhincodon typus",-18.5,116.5,17048,2016,9,4
"Rhincodon typus",-11.5,123.5,17023,2016,8,10
"Rhincodon typus",-12.5,122.5,17054,2016,9,10
"Rhincodon typus",-15.5,121.5,17376,2017,7,29
"Rhincodon typus",-25.5,112.5,17154,2016,12,19
"Rhincodon typus",-13.5,120.5,17018,2016,8,5
"Rhincodon typus",-23.5,113.5,17103,2016,10,29
"Rhincodon typus",-14.5,117.5,17011,2016,7,29
"Rhincodon typus",-22.5,113.5,16955,2016,6,3
"Rhincodon typus",-14.5,121.5,17004,2016,7,22
"Rhincodon typus",-15.5,116.5,17379,2017,8,1
"Rhincodon typus",-17.5,117.5,17386,2017,8,8
"Rhincodon typus",-16.5,116.5,17377,2017,7,30
"Rhincodon typus",-21.85,113.98,16588,2015,6,NA
"Rhincodon typus",-21.94,114.13,17365,2017,7,NA
"Rhincodon typus",-21.89,113.91,16955,2016,6,NA
"Rhincodon typus",-21.94,114.13,17366,2017,7,NA
"Rhincodon typus",-21.84,113.97,16954,2016,6,NA
"Rhincodon typus",-14.6648,145.66299,16805,2016,1,NA
"Rhincodon typus",-19.5,116.5,17044,2016,8,31
"Rhincodon typus",-18.5,112.5,17146,2016,12,11
"Rhincodon typus",-21.94,114.13,17359,2017,7,NA
"Rhincodon typus",-22.16,113.85,16587,2015,6,NA
"Rhincodon typus",-24.94,114.13,17366,2017,7,NA
"Rhincodon typus",-18.5,115.5,17375,2017,7,28
"Rhincodon typus",-21.84,113.97,16587,2015,6,NA
"Rhincodon typus",-8.5,111.5,17771,2018,8,28
"Rhincodon typus",-22.05,113.88,16612,2015,6,NA
"Rhincodon typus",-21.95,113.9,16955,2016,6,NA
"Rhincodon typus",-21.94,114.13,17368,2017,7,NA
"Rhincodon typus",-18.5,118.5,17389,2017,8,11
"Rhincodon typus",-22.5,114.5,17324,2017,6,7
"Rhincodon typus",-21.5,114.5,16959,2016,6,7
"Rhincodon typus",-24.5,113.5,17573,2018,2,11
"Rhincodon typus",-21.85,113.96,16954,2016,6,NA
"Rhincodon typus",-20.5,115.5,16960,2016,6,8
"Rhincodon typus",-21.85,113.97,16587,2015,6,NA
"Rhincodon typus",-14.5,122.5,17008,2016,7,26
"Rhincodon typus",-13.5,122.5,17006,2016,7,24
"Rhincodon typus",-19.5,115.5,16966,2016,6,14
"Rhincodon typus",-20.5,114.5,16959,2016,6,7
"Rhincodon typus",-20.5,113.5,17374,2017,7,27
"Rhincodon typus",-36.2506,150.22701,16532,2015,4,NA
"Rhincodon typus",-21.94,114.13,17361,2017,7,NA
"Rhincodon typus",-21.5,113.5,16953,2016,6,1
"Rhincodon typus",9.945,99.99,16516,2015,3,NA
"Rhincodon typus",-22.17,113.85,16587,2015,6,NA
"Rhincodon typus",-15.0469,145.743,17096,2016,10,NA
"Rhincodon typus",-26.38566,153.09017,18654,2021,1,27
"Rhincodon typus",-10.5,104.5,16644,2015,7,28
"Rhincodon typus",-23.91035,152.38398,18634,2021,1,7
"Rhincodon typus",-26.5,113.5,17172,2017,1,6
"Rhincodon typus",-18.5,117.5,17395,2017,8,17
"Rhincodon typus",-25.5,113.5,17506,2017,12,6
"Rhincodon typus",-21.95,113.89,16955,2016,6,NA
"Rhincodon typus",10.0909,99.817,16539,2015,4,NA
"Rhincodon typus",-22.5,112.5,16616,2015,6,30
"Rhincodon typus",-22.15,113.85,16587,2015,6,NA
"Rhincodon typus",-12.5,121.5,17037,2016,8,24
"Rhincodon typus",-19.5,112.5,17708,2018,6,26
"Rhincodon typus",-21.94,114.13,17356,2017,7,NA
"Rhincodon typus",-18.55567,147.20067,17129,2016,11,24
"Rhincodon typus",24.93421,135.35156,18570,2020,11,4
"Rhincodon typus",27.5,119.5,17921,2019,1,25
"Rhincodon typus",27.5,120.5,17921,2019,1,25
"Rhincodon typus",28.5,120.5,17908,2019,1,12
"Rhincodon typus",-15.87,100.993,16530,2015,4,NA
"Rhincodon typus",-36.26647,175.26819,19747,2024,1,25
"Rhincodon typus",-35.47951,174.81567,19728,2024,1,6
"Rhincodon typus",-35.44089,174.75593,19759,2024,2,6
"Rhincodon typus",-35.48789,174.75281,19759,2024,2,6
"Rhincodon typus",-35.0911,174.38517,19758,2024,2,5
"Rhincodon typus",-35.79735,175.03158,19774,2024,2,21
"Rhincodon typus",-34.64534,173.43973,19364,2023,1,7
"Rhincodon typus",-36.22497,175.80097,19019,2022,1,27
"Rhincodon typus",-34.50347,173.58163,18638,2021,1,11
"Rhincodon typus",-36.11776,175.46768,18775,2021,5,28
"Rhincodon typus",-37.44046,176.25621,17557,2018,1,26
"Rhincodon typus",-36.8209,176.02065,17972,2019,3,17
